id,label,variant,pyzbar,opencv,zxing-cpp,stock_ms,any_stock,qs_ms,qs_image,qs_step,qs_full
0,1,plain,True,True,True,199.68358400001307,True,6.103571000039665,True,raw_gray,True
0,1,inverted_color,False,False,True,37.36708599990379,True,6.057279000060589,True,raw_gray,True
0,1,logo,True,True,True,54.50739499997326,True,7.286852999868643,True,raw_gray,True
0,1,styled,True,True,True,66.18935000005877,True,9.392286000093009,True,raw_gray,True
0,1,ascii,False,False,True,38.70281100012107,True,5.160752999927354,True,raw_gray,True
1,1,plain,True,True,True,43.44547499999862,True,6.121934000020701,True,raw_gray,True
1,1,inverted_color,False,False,True,38.57311000001573,True,6.820612999945297,True,raw_gray,True
1,1,logo,True,True,True,53.19804600003408,True,7.5400129999252385,True,raw_gray,True
1,1,styled,True,True,True,55.301361999909204,True,8.93424499986395,True,raw_gray,True
1,1,ascii,False,True,True,37.68208000019513,True,4.77847499996642,True,raw_gray,True
2,1,plain,True,True,True,60.59279500004777,True,10.286570000062056,True,raw_gray,True
2,1,inverted_color,False,False,True,53.34282700005133,True,11.36139400000502,True,raw_gray,True
2,1,logo,True,True,True,88.620020999997,True,19.274637999842525,True,raw_gray,True
2,1,styled,True,True,True,136.36734600004274,True,13.421870000001945,True,raw_gray,True
2,1,ascii,False,True,True,106.99077100002796,True,20.555436999984522,True,raw_gray,True
3,1,plain,True,True,True,226.2266179998278,True,18.714980999902764,True,raw_gray,True
3,1,inverted_color,False,False,True,213.1927979999091,True,27.003585000102248,True,raw_gray,True
3,1,logo,True,False,True,269.6867790000397,True,31.727477000004,True,raw_gray,True
3,1,styled,True,True,True,271.6175169998678,True,56.937438999966616,True,raw_gray,True
3,1,ascii,True,True,True,208.2744519998414,True,27.71856399999706,True,raw_gray,True
4,1,plain,True,True,True,186.51050400012537,True,32.2615229999883,True,raw_gray,True
4,1,inverted_color,False,False,True,92.75296499981778,True,23.04707200005396,True,raw_gray,True
4,1,logo,True,True,True,209.05421599991314,True,22.394521000023815,True,raw_gray,True
4,1,styled,True,True,True,155.5595810000341,True,30.450401000052807,True,raw_gray,True
4,1,ascii,False,True,True,44.196231000114494,True,11.4945830000579,True,raw_gray,True
5,1,plain,True,True,True,242.45322999991004,True,43.27962399997887,True,raw_gray,True
5,1,inverted_color,False,False,True,127.88371700003154,True,13.011163999863129,True,raw_gray,True
5,1,logo,True,True,True,169.79902599996421,True,24.69033399984255,True,raw_gray,True
5,1,styled,True,True,True,116.22010400014915,True,19.493787000101293,True,raw_gray,True
5,1,ascii,False,True,True,90.24069499992038,True,20.021846999952686,True,raw_gray,True
6,1,plain,True,True,True,51.283301000012216,True,6.901433999928486,True,raw_gray,True
6,1,inverted_color,False,False,True,72.05043899989505,True,7.720842000026096,True,raw_gray,True
6,1,logo,True,True,True,79.19205799998963,True,10.114717000078599,True,raw_gray,True
6,1,styled,True,True,True,70.2400459999808,True,12.282124999956068,True,raw_gray,True
6,1,ascii,True,True,True,56.48568299989165,True,5.654155999991417,True,raw_gray,True
7,1,plain,True,True,True,44.61430400010613,True,5.441363000045385,True,raw_gray,True
7,1,inverted_color,False,False,True,35.757886000055805,True,6.075755999972898,True,raw_gray,True
7,1,logo,True,True,True,56.67960200003108,True,8.901797999897099,True,raw_gray,True
7,1,styled,True,True,True,65.68732799996724,True,10.433585999862771,True,raw_gray,True
7,1,ascii,False,True,True,38.10406200000216,True,4.741130999946108,True,raw_gray,True
8,1,plain,True,True,True,52.35697200009781,True,8.406618999970306,True,raw_gray,True
8,1,inverted_color,False,False,True,37.30320800013942,True,8.434163999936573,True,raw_gray,True
8,1,logo,False,True,True,96.23829499992098,True,15.894919999936974,True,raw_gray,True
8,1,styled,True,True,True,147.05363300004137,True,20.314351000024544,True,raw_gray,True
8,1,ascii,False,True,True,45.1837319999413,True,6.79805300001135,True,raw_gray,True
9,1,plain,True,True,True,62.02856200002316,True,7.193651000079626,True,raw_gray,True
9,1,inverted_color,False,False,True,35.42351200007943,True,6.93510599990077,True,raw_gray,True
9,1,logo,True,True,True,76.59220999994432,True,9.830295000028855,True,raw_gray,True
9,1,styled,True,True,True,73.11075100005837,True,13.239105999900858,True,raw_gray,True
9,1,ascii,True,True,True,43.69514400013941,True,5.696024999906513,True,raw_gray,True
10,1,plain,True,True,True,50.21444699991662,True,5.765218999840727,True,raw_gray,True
10,1,inverted_color,False,False,True,30.28962700000193,True,5.88061899998138,True,raw_gray,True
10,1,logo,True,True,True,58.732998999857955,True,8.511654999892926,True,raw_gray,True
10,1,styled,True,True,True,62.56332099997053,True,10.088760999906299,True,raw_gray,True
10,1,ascii,False,False,True,28.698846999986927,True,4.647129999966637,True,raw_gray,True
11,1,plain,True,True,True,37.39053699996475,True,5.237149000095087,True,raw_gray,True
11,1,inverted_color,False,False,True,25.12576000003719,True,4.569177000121272,True,raw_gray,True
11,1,logo,True,True,True,54.48036699999648,True,7.854835999978604,True,raw_gray,True
11,1,styled,True,True,True,60.24864899995919,True,8.384843999920122,True,raw_gray,True
11,1,ascii,False,True,True,32.4924970000211,True,4.288652000013826,True,raw_gray,True
12,1,plain,True,True,True,96.01263500007917,True,8.545340999944528,True,raw_gray,True
12,1,inverted_color,False,False,True,90.04294300007132,True,8.32033799997589,True,raw_gray,True
12,1,logo,False,True,True,113.06267100007972,True,27.105806999998094,True,raw_gray,True
12,1,styled,True,True,True,130.4211240001223,True,23.894865999864123,True,raw_gray,True
12,1,ascii,False,True,True,55.186987000070076,True,6.855578000113383,True,raw_gray,True
13,1,plain,True,True,True,45.58328600001005,True,7.094554000104836,True,raw_gray,True
13,1,inverted_color,False,False,True,31.98057099984908,True,7.150265000063882,True,raw_gray,True
13,1,logo,True,True,True,71.70754000003399,True,9.83811300011439,True,raw_gray,True
13,1,styled,True,True,True,73.38133000007474,True,13.143754999873636,True,raw_gray,True
13,1,ascii,True,True,True,43.52623199997652,True,6.584740999869609,True,raw_gray,True
14,1,plain,True,True,True,50.87252099997386,True,6.972138000037376,True,raw_gray,True
14,1,inverted_color,False,False,True,39.91090099998473,True,7.019955000032496,True,raw_gray,True
14,1,logo,True,True,True,86.60828799997944,True,35.05326699996658,True,raw_gray,True
14,1,styled,True,True,True,82.55805700014207,True,14.2974289999529,True,raw_gray,True
14,1,ascii,True,True,True,41.737280999996074,True,14.792442000043593,True,raw_gray,True
15,1,plain,True,True,True,53.58012400006373,True,7.068197000080545,True,raw_gray,True
15,1,inverted_color,False,False,True,40.76811400000224,True,7.208874000070864,True,raw_gray,True
15,1,logo,True,True,True,71.69203600005858,True,11.99010699997416,True,raw_gray,True
15,1,styled,True,True,True,80.6287830000656,True,13.682661000075313,True,raw_gray,True
15,1,ascii,True,True,True,43.0041679999249,True,6.034445000068445,True,raw_gray,True
16,1,plain,True,True,True,42.415117000018654,True,4.8202259999925445,True,raw_gray,True
16,1,inverted_color,False,False,True,26.981965999993918,True,4.432523000104993,True,raw_gray,True
16,1,logo,True,True,True,41.64769299995896,True,5.51967199999126,True,raw_gray,True
16,1,styled,True,True,True,45.63996599995335,True,7.320779000110633,True,raw_gray,True
16,1,ascii,False,True,True,31.915452000021105,True,3.789764999964973,True,raw_gray,True
17,1,plain,True,True,True,41.95957599995381,True,6.522272999973211,True,raw_gray,True
17,1,inverted_color,False,False,True,30.86550700004409,True,5.938455999967118,True,raw_gray,True
17,1,logo,True,True,True,58.73489900000095,True,7.198317000074894,True,raw_gray,True
17,1,styled,True,True,True,63.47397399986221,True,9.735951000038767,True,raw_gray,True
17,1,ascii,False,True,True,71.56259299995327,True,4.937874999995984,True,raw_gray,True
18,1,plain,True,True,True,42.28477100014061,True,6.303430999878401,True,raw_gray,True
18,1,inverted_color,False,False,True,28.325526999879003,True,5.614877000198248,True,raw_gray,True
18,1,logo,True,True,True,50.661603999969884,True,7.2926230000120995,True,raw_gray,True
18,1,styled,True,True,True,59.558572000014465,True,9.084319000066898,True,raw_gray,True
18,1,ascii,False,True,True,36.96536899997227,True,5.0360089999230695,True,raw_gray,True
19,1,plain,True,True,True,51.863947999891025,True,8.639554999945176,True,raw_gray,True
19,1,inverted_color,False,False,True,38.40095800001109,True,8.022621000009167,True,raw_gray,True
19,1,logo,False,True,True,121.62244099999953,True,33.2480150000265,True,raw_gray,True
19,1,styled,True,True,True,389.1148330001215,True,104.76093900001615,True,raw_gray,True
19,1,ascii,False,True,True,112.24906200004625,True,24.502244999894174,True,raw_gray,True
20,1,plain,True,True,True,92.46137799982534,True,12.0132739998553,True,raw_gray,True
20,1,inverted_color,False,False,True,76.4497449999908,True,15.942826000127752,True,raw_gray,True
20,1,logo,True,True,True,146.98522999992747,True,8.084419999931924,True,raw_gray,True
20,1,styled,True,True,True,117.62803500005248,True,31.441845000017565,True,raw_gray,True
20,1,ascii,False,True,True,122.52947000001768,True,23.24154500001896,True,raw_gray,True
21,1,plain,True,True,True,128.41449600000487,True,16.16805999992721,True,raw_gray,True
21,1,inverted_color,False,False,True,230.21410599994852,True,18.436729000086416,True,raw_gray,True
21,1,logo,True,True,True,151.7234609998468,True,6.991735999918092,True,raw_gray,True
21,1,styled,True,True,True,60.64610599992193,True,18.99822299992593,True,raw_gray,True
21,1,ascii,False,False,True,65.85999500020989,True,16.177675000108138,True,raw_gray,True
22,1,plain,True,True,True,146.18875800010755,True,24.160886000117898,True,raw_gray,True
22,1,inverted_color,False,False,True,230.24296900007357,True,11.944108000079723,True,raw_gray,True
22,1,logo,True,True,True,67.61586500010708,True,26.999756000122943,True,raw_gray,True
22,1,styled,True,True,True,117.17373600004066,True,24.962379000044166,True,raw_gray,True
22,1,ascii,False,False,True,117.76389599981485,True,23.35193499993693,True,raw_gray,True
23,1,plain,True,True,True,188.0582469998444,True,26.52093900019281,True,raw_gray,True
23,1,inverted_color,False,False,True,116.6257190000124,True,34.36420299999554,True,raw_gray,True
23,1,logo,False,True,True,340.9776429998601,True,69.21507599986398,True,raw_gray,True
23,1,styled,True,True,True,307.7098589999423,True,66.28480900008071,True,raw_gray,True
23,1,ascii,False,True,True,165.58669500000178,True,27.095233000181906,True,raw_gray,True
24,1,plain,True,True,True,95.36223700001756,True,5.986852000205545,True,raw_gray,True
24,1,inverted_color,False,False,True,30.479914000125063,True,20.079857999917294,True,raw_gray,True
24,1,logo,True,True,True,183.98716899991996,True,35.365003999913824,True,raw_gray,True
24,1,styled,True,True,True,138.25333199997658,True,11.128203999987818,True,raw_gray,True
24,1,ascii,False,True,True,38.15126300014526,True,4.960701999834782,True,raw_gray,True
25,1,plain,True,True,True,59.932996000043204,True,7.479334999970888,True,raw_gray,True
25,1,inverted_color,False,False,True,34.01327800020226,True,7.3863210000126855,True,raw_gray,True
25,1,logo,False,True,True,99.84500999985357,True,15.33351600005517,True,raw_gray,True
25,1,styled,True,True,True,107.18326599999273,True,20.311738999907902,True,raw_gray,True
25,1,ascii,True,True,True,43.62454100009927,True,5.912267999974574,True,raw_gray,True
26,1,plain,True,True,True,58.79840900001909,True,7.295653000028324,True,raw_gray,True
26,1,inverted_color,False,False,True,54.53399199996056,True,15.345658000114781,True,raw_gray,True
26,1,logo,True,True,True,134.56298799997057,True,11.963583000124345,True,raw_gray,True
26,1,styled,True,True,True,94.0761519998432,True,13.914289000013014,True,raw_gray,True
26,1,ascii,True,True,True,62.58620900007372,True,14.25571600020703,True,raw_gray,True
27,1,plain,True,True,True,87.19871900007092,True,8.931673000006413,True,raw_gray,True
27,1,inverted_color,False,False,True,216.516060999993,True,14.084837999917,True,raw_gray,True
27,1,logo,True,True,True,138.67067499995755,True,22.487490999992588,True,raw_gray,True
27,1,styled,True,True,True,149.9928309999632,True,29.590351999786435,True,raw_gray,True
27,1,ascii,True,True,True,137.17031700002735,True,22.799731000077372,True,raw_gray,True
28,1,plain,True,True,True,109.60060399997928,True,14.217995000080919,True,raw_gray,True
28,1,inverted_color,False,False,True,57.30472999994163,True,12.142635000145674,True,raw_gray,True
28,1,logo,True,True,True,120.9357899999759,True,16.26773799989678,True,raw_gray,True
28,1,styled,True,True,True,106.41395799984821,True,20.43259900005978,True,raw_gray,True
28,1,ascii,False,False,True,92.75595500002964,True,9.111400000165304,True,raw_gray,True
29,1,plain,True,True,True,75.06423600011658,True,9.002287000157594,True,raw_gray,True
29,1,inverted_color,False,False,True,76.10221200002343,True,17.784855999934734,True,raw_gray,True
29,1,logo,True,True,True,47.94073500011109,True,6.060245000071518,True,raw_gray,True
29,1,styled,True,True,True,49.64830699987033,True,7.092074999945908,True,raw_gray,True
29,1,ascii,False,False,True,23.361017000070206,True,4.097377000107372,True,raw_gray,True
30,1,plain,True,True,True,82.52735599990046,True,10.128864000080284,True,raw_gray,True
30,1,inverted_color,False,False,True,46.30150799994226,True,16.864795999936177,True,raw_gray,True
30,1,logo,False,True,True,270.9445069999674,True,41.31693200019981,True,raw_gray,True
30,1,styled,True,True,True,272.03632700002345,True,27.705526000090686,True,raw_gray,True
30,1,ascii,False,True,True,59.667274999810616,True,8.64910899986171,True,raw_gray,True
31,1,plain,True,True,True,57.84664099996917,True,7.117915999970137,True,raw_gray,True
31,1,inverted_color,False,False,True,46.40932799998154,True,12.126949000048626,True,raw_gray,True
31,1,logo,True,True,True,89.28930100000798,True,15.554527999938728,True,raw_gray,True
31,1,styled,True,True,True,88.07100400008494,True,13.822851999975683,True,raw_gray,True
31,1,ascii,True,True,True,68.98795999995855,True,6.14812300000267,True,raw_gray,True
32,1,plain,True,True,True,46.521854000047824,True,9.62248200016802,True,raw_gray,True
32,1,inverted_color,False,False,True,65.01824099996156,True,12.635077999902933,True,raw_gray,True
32,1,logo,True,True,True,126.66727600003469,True,16.68853899991518,True,raw_gray,True
32,1,styled,True,True,True,150.8092920000763,True,35.40680099990823,True,raw_gray,True
32,1,ascii,False,True,True,79.60660899993854,True,6.539961000044059,True,raw_gray,True
33,1,plain,True,True,True,100.89212499997302,True,15.038565999930142,True,raw_gray,True
33,1,inverted_color,False,False,True,38.945902000023125,True,8.250902000099813,True,raw_gray,True
33,1,logo,False,True,True,171.60691899994163,True,16.743682999958764,True,raw_gray,True
33,1,styled,True,True,True,227.83783800014135,True,90.82351000006383,True,raw_gray,True
33,1,ascii,False,True,True,146.47863899995173,True,23.402027999964048,True,raw_gray,True
34,1,plain,True,True,True,136.35685600002034,True,15.293721000034566,True,raw_gray,True
34,1,inverted_color,False,False,True,82.86437399988245,True,16.192986000078236,True,raw_gray,True
34,1,logo,True,True,True,199.55025099989143,True,11.159906999864688,True,raw_gray,True
34,1,styled,True,True,True,116.20564600002581,True,13.440006000109861,True,raw_gray,True
34,1,ascii,True,True,True,43.19092700006877,True,5.456195999840929,True,raw_gray,True
35,1,plain,True,True,True,65.29611299993121,True,16.56880399991678,True,raw_gray,True
35,1,inverted_color,False,False,True,65.25509700009025,True,8.438802999990003,True,raw_gray,True
35,1,logo,True,True,True,132.62817400004678,True,12.485903999959191,True,raw_gray,True
35,1,styled,True,True,True,126.28486099993097,True,33.85007599990786,True,raw_gray,True
35,1,ascii,True,True,True,139.59576299998844,True,18.414177000067866,True,raw_gray,True
36,1,plain,True,True,True,56.83643099996516,True,5.65939500006607,True,raw_gray,True
36,1,inverted_color,False,False,True,28.352110000014363,True,6.216199000164124,True,raw_gray,True
36,1,logo,True,True,True,68.83680200007802,True,6.8098509998435475,True,raw_gray,True
36,1,styled,True,True,True,53.99335900006008,True,9.25070199991751,True,raw_gray,True
36,1,ascii,False,True,True,39.938631999802965,True,4.947536000145192,True,raw_gray,True
37,1,plain,True,True,True,59.173123000164196,True,8.58822300006068,True,raw_gray,True
37,1,inverted_color,False,False,True,54.41418399982467,True,10.189883000066402,True,raw_gray,True
37,1,logo,False,True,True,116.70095199997377,True,17.999587000076644,True,raw_gray,True
37,1,styled,True,True,True,118.80720899989683,True,22.918655000012222,True,raw_gray,True
37,1,ascii,False,True,True,48.83169499998985,True,7.313225999951101,True,raw_gray,True
38,1,plain,True,True,True,41.38647500008119,True,5.868279999958759,True,raw_gray,True
38,1,inverted_color,False,False,True,29.157492999956958,True,6.068070000083026,True,raw_gray,True
38,1,logo,True,True,True,49.218113000051744,True,6.91484699996181,True,raw_gray,True
38,1,styled,True,True,True,55.65089599986095,True,8.781781999914529,True,raw_gray,True
38,1,ascii,False,True,True,37.06500399994184,True,4.6671119998791255,True,raw_gray,True
39,1,plain,True,True,True,53.72713700012355,True,4.7278919998916535,True,raw_gray,True
39,1,inverted_color,False,False,True,33.140496999976676,True,8.669821000012234,True,raw_gray,True
39,1,logo,True,True,True,53.6010170001191,True,6.0226430000511755,True,raw_gray,True
39,1,styled,True,True,True,45.424395999816625,True,6.892117000006692,True,raw_gray,True
39,1,ascii,False,True,True,32.70138199991379,True,4.774381999823163,True,raw_gray,True
40,1,plain,True,True,True,42.47651999980917,True,5.650077999916903,True,raw_gray,True
40,1,inverted_color,False,False,True,34.871859000077166,True,5.900870000004943,True,raw_gray,True
40,1,logo,True,True,True,56.121566999991046,True,8.43032900002072,True,raw_gray,True
40,1,styled,True,True,True,85.6492549999075,True,10.515744999793242,True,raw_gray,True
40,1,ascii,False,False,True,26.14140800005771,True,4.964838999967469,True,raw_gray,True
41,1,plain,True,True,True,43.24503799989543,True,5.444257999897673,True,raw_gray,True
41,1,inverted_color,False,False,True,29.21490099993207,True,6.612313000005088,True,raw_gray,True
41,1,logo,True,True,True,48.87386200016408,True,7.063233999815566,True,raw_gray,True
41,1,styled,True,True,True,60.66963299986128,True,11.123164000082397,True,raw_gray,True
41,1,ascii,False,True,True,59.0021660000275,True,6.44076399998994,True,raw_gray,True
42,1,plain,True,True,True,49.839273999850775,True,5.5610480001178075,True,raw_gray,True
42,1,inverted_color,False,False,True,28.247279999959574,True,5.705224000166709,True,raw_gray,True
42,1,logo,True,True,True,47.054449000142995,True,6.995322999955533,True,raw_gray,True
42,1,styled,True,True,True,50.86391000008916,True,8.910308000167788,True,raw_gray,True
42,1,ascii,False,True,True,35.952398999825164,True,4.78339699998287,True,raw_gray,True
43,1,plain,True,True,True,40.92060199991465,True,6.06318499990266,True,raw_gray,True
43,1,inverted_color,False,False,True,27.972031999979663,True,5.78179299986914,True,raw_gray,True
43,1,logo,True,True,True,48.226834999923085,True,7.1573049999642535,True,raw_gray,True
43,1,styled,True,True,True,91.65208299987171,True,24.932416999945417,True,raw_gray,True
43,1,ascii,False,False,True,42.84552800004349,True,4.968393999888576,True,raw_gray,True
44,1,plain,True,True,True,74.11297899989222,True,18.921762999980274,True,raw_gray,True
44,1,inverted_color,False,False,True,84.71047800003362,True,12.880279999990307,True,raw_gray,True
44,1,logo,True,True,True,58.335539999916364,True,13.980548000063209,True,raw_gray,True
44,1,styled,True,True,True,112.55167600006644,True,23.04736599990065,True,raw_gray,True
44,1,ascii,False,False,True,58.83623299996543,True,7.228032000057283,True,raw_gray,True
45,1,plain,True,True,True,35.84943999999268,True,4.703960999904666,True,raw_gray,True
45,1,inverted_color,False,False,True,34.10853099990163,True,10.82177600005707,True,raw_gray,True
45,1,logo,True,True,True,89.60847100001956,True,18.397046000018236,True,raw_gray,True
45,1,styled,True,True,True,101.2906909998037,True,13.35931299990989,True,raw_gray,True
45,1,ascii,False,True,True,115.07280699993316,True,16.17517299996507,True,raw_gray,True
46,1,plain,True,True,True,129.11537900004078,True,23.360571000011987,True,raw_gray,True
46,1,inverted_color,False,False,True,90.73979300001156,True,9.712390999993659,True,raw_gray,True
46,1,logo,True,True,True,116.04831399995419,True,13.592243999937637,True,raw_gray,True
46,1,styled,True,True,True,131.62124299992684,True,9.555886000043756,True,raw_gray,True
46,1,ascii,False,True,True,40.05577899988566,True,17.004391000000396,True,raw_gray,True
47,1,plain,True,True,True,138.90895700001238,True,18.12662900010764,True,raw_gray,True
47,1,inverted_color,False,False,True,62.632169000153226,True,19.74095899981876,True,raw_gray,True
47,1,logo,True,True,True,162.1931949998725,True,7.257368999944447,True,raw_gray,True
47,1,styled,True,True,True,53.542695000032836,True,10.275434000050154,True,raw_gray,True
47,1,ascii,False,False,True,28.376163999837445,True,5.00639200004116,True,raw_gray,True
48,1,plain,True,True,True,108.13035199998922,True,15.548526999964452,True,raw_gray,True
48,1,inverted_color,False,False,True,74.59130899997035,True,13.430295000034675,True,raw_gray,True
48,1,logo,True,True,True,229.97635800015814,True,14.650861999825793,True,raw_gray,True
48,1,styled,True,True,True,76.26903400000629,True,13.33724699998129,True,raw_gray,True
48,1,ascii,True,True,True,49.83675800008314,True,5.511782999974457,True,raw_gray,True
49,1,plain,True,True,True,50.300837000122556,True,6.0527320001710905,True,raw_gray,True
49,1,inverted_color,False,False,True,39.466286000106265,True,6.035468999925797,True,raw_gray,True
49,1,logo,True,False,True,64.41778700013856,True,8.225863999996363,True,raw_gray,True
49,1,styled,True,False,True,71.99251800011552,True,18.499154000210183,True,raw_gray,True
49,1,ascii,False,True,True,37.45224299996153,True,5.4836020001403085,True,raw_gray,True
50,1,plain,True,True,True,43.2136269998864,True,12.35859000007622,True,raw_gray,True
50,1,inverted_color,False,False,True,50.147986000183664,True,7.584016999999221,True,raw_gray,True
50,1,logo,True,True,True,58.0724649998956,True,7.126943000002939,True,raw_gray,True
50,1,styled,True,True,True,65.50496499994551,True,8.57643300014388,True,raw_gray,True
50,1,ascii,False,True,True,36.62961899999573,True,4.823079000061625,True,raw_gray,True
51,1,plain,True,True,True,57.29415800010429,True,7.176300999844898,True,raw_gray,True
51,1,inverted_color,False,False,True,34.61548199993558,True,6.9658729998991475,True,raw_gray,True
51,1,logo,True,True,True,85.53966199997376,True,12.0622160000039,True,raw_gray,True
51,1,styled,True,True,True,68.12441500005662,True,10.958072999983415,True,raw_gray,True
51,1,ascii,True,True,True,43.401792000167916,True,5.8291640000334155,True,raw_gray,True
52,1,plain,True,True,True,34.58351900007983,True,4.830020000099466,True,raw_gray,True
52,1,inverted_color,False,False,True,54.43553200007045,True,4.693152000072587,True,raw_gray,True
52,1,logo,True,True,True,46.65773600004286,True,5.673308999803339,True,raw_gray,True
52,1,styled,True,True,True,49.4167860001653,True,7.421193000027415,True,raw_gray,True
52,1,ascii,False,True,True,33.97366199988028,True,4.089559000021836,True,raw_gray,True
53,1,plain,True,True,True,66.68267800000649,True,8.70373899988408,True,raw_gray,True
53,1,inverted_color,False,False,True,54.97817800005578,True,8.299329999999827,True,raw_gray,True
53,1,logo,False,True,True,131.22618500005956,True,17.16287099998226,True,raw_gray,True
53,1,styled,True,True,True,142.62260999998944,True,25.1718140000321,True,raw_gray,True
53,1,ascii,False,True,True,57.498400999975274,True,7.358895999914239,True,raw_gray,True
54,1,plain,True,True,True,49.21531700006199,True,5.102575999899273,True,raw_gray,True
54,1,inverted_color,False,False,True,38.36926000008134,True,4.923185000052399,True,raw_gray,True
54,1,logo,True,True,True,45.65438000008726,True,6.306981000079759,True,raw_gray,True
54,1,styled,True,True,True,62.04424900010963,True,8.844550000048912,True,raw_gray,True
54,1,ascii,False,True,True,39.880588999949396,True,8.010416999923109,True,raw_gray,True
55,1,plain,True,True,True,122.09501100005582,True,15.486904999988838,True,raw_gray,True
55,1,inverted_color,False,False,True,47.25675000008778,True,5.062623999947391,True,raw_gray,True
55,1,logo,True,True,True,50.09206099998664,True,15.568360999850483,True,raw_gray,True
55,1,styled,True,True,True,92.7227249999305,True,22.56324399991172,True,raw_gray,True
55,1,ascii,False,True,True,66.04604499989364,True,14.506698999866785,True,raw_gray,True
56,1,plain,True,True,True,104.03404500016222,True,19.287925999833533,True,raw_gray,True
56,1,inverted_color,False,False,True,90.95632000003206,True,20.522559000028195,True,raw_gray,True
56,1,logo,True,True,True,157.4431320000258,True,22.16153399990617,True,raw_gray,True
56,1,styled,True,True,True,162.53060700000788,True,15.0312490000033,True,raw_gray,True
56,1,ascii,True,True,True,39.65192400005435,True,6.105900000193287,True,raw_gray,True
57,1,plain,True,True,True,86.8302510000376,True,9.496316999957344,True,raw_gray,True
57,1,inverted_color,False,False,True,55.25570099985089,True,8.609265000131927,True,raw_gray,True
57,1,logo,False,True,True,221.58279200016295,True,57.80603999983214,True,raw_gray,True
57,1,styled,True,True,True,316.668171999936,True,81.14698900021722,True,raw_gray,True
57,1,ascii,False,True,True,158.16946699987966,True,7.270097999935388,True,raw_gray,True
58,1,plain,True,True,True,55.190685000070516,True,8.050115000060032,True,raw_gray,True
58,1,inverted_color,False,False,True,38.4736769999563,True,13.07467199990242,True,raw_gray,True
58,1,logo,True,True,True,145.48530399997617,True,19.56119800001943,True,raw_gray,True
58,1,styled,True,True,True,64.13966999980403,True,17.461523000065426,True,raw_gray,True
58,1,ascii,False,False,True,76.96839400000499,True,11.427248000018153,True,raw_gray,True
59,1,plain,True,True,True,88.79909200004477,True,5.49176799995621,True,raw_gray,True
59,1,inverted_color,False,False,True,35.315340000124706,True,4.7948389999419305,True,raw_gray,True
59,1,logo,True,True,True,97.38691600000493,True,10.329874000035488,True,raw_gray,True
59,1,styled,True,True,True,44.875367000031474,True,7.15673800004879,True,raw_gray,True
59,1,ascii,False,True,True,90.70635900002344,True,10.746057999995173,True,raw_gray,True
60,1,plain,True,True,True,133.93039900006443,True,14.148647999945752,True,raw_gray,True
60,1,inverted_color,False,False,True,47.832151999955386,True,26.56835399989177,True,raw_gray,True
60,1,logo,True,True,True,148.86619599997175,True,28.953634999879796,True,raw_gray,True
60,1,styled,True,True,True,89.32903100003386,True,13.192007000043304,True,raw_gray,True
60,1,ascii,True,True,True,78.5525010001038,True,5.521348000002035,True,raw_gray,True
61,1,plain,True,True,True,119.68929299996489,True,7.190974999957689,True,raw_gray,True
61,1,inverted_color,False,False,True,39.78533600002265,True,7.163460999890958,True,raw_gray,True
61,1,logo,True,True,True,72.69217299995034,True,9.94450100006361,True,raw_gray,True
61,1,styled,True,True,True,72.02054300000782,True,15.084712999851035,True,raw_gray,True
61,1,ascii,True,True,True,42.390175000036834,True,6.082920999915586,True,raw_gray,True
62,1,plain,True,True,True,44.40205500009142,True,5.586442999856445,True,raw_gray,True
62,1,inverted_color,False,False,True,27.624535000086325,True,5.6900459999269515,True,raw_gray,True
62,1,logo,True,True,True,76.45353800012344,True,7.256238000081794,True,raw_gray,True
62,1,styled,True,True,True,60.6935490000069,True,9.123924000050465,True,raw_gray,True
62,1,ascii,False,False,True,33.939415999839184,True,5.277794999983598,True,raw_gray,True
63,1,plain,True,True,True,62.96523800006071,True,35.01094200009902,True,raw_gray,True
63,1,inverted_color,False,False,True,32.39967300009994,True,12.443132000043988,True,raw_gray,True
63,1,logo,True,True,True,73.83709999999155,True,10.11516199992002,True,raw_gray,True
63,1,styled,True,True,True,80.23611199996594,True,13.075145999891902,True,raw_gray,True
63,1,ascii,True,True,True,38.831844000014826,True,5.795244999944771,True,raw_gray,True
64,1,plain,True,True,True,83.07298699992316,True,7.371433000116667,True,raw_gray,True
64,1,inverted_color,False,False,True,34.60874299980787,True,6.915384999956586,True,raw_gray,True
64,1,logo,True,True,True,64.77751900001749,True,9.789301000182604,True,raw_gray,True
64,1,styled,True,True,True,69.3788940000104,True,12.821504999919853,True,raw_gray,True
64,1,ascii,True,True,True,40.74719200002619,True,5.908506999958263,True,raw_gray,True
65,1,plain,True,True,True,36.352060999888636,True,4.811229000097228,True,raw_gray,True
65,1,inverted_color,False,False,True,27.324779000082344,True,5.648970000038389,True,raw_gray,True
65,1,logo,True,True,True,51.837900999998965,True,6.6600579998521425,True,raw_gray,True
65,1,styled,True,True,True,53.503630000022895,True,8.585332999928141,True,raw_gray,True
65,1,ascii,False,False,True,30.711808999967616,True,4.15165899994463,True,raw_gray,True
66,1,plain,True,True,True,39.09912999984044,True,4.6915969999190565,True,raw_gray,True
66,1,inverted_color,False,False,True,30.230763999952615,True,5.717751000020144,True,raw_gray,True
66,1,logo,True,True,True,63.75539500004379,True,10.035588999926404,True,raw_gray,True
66,1,styled,True,True,True,123.74822500009941,True,19.190763000096922,True,raw_gray,True
66,1,ascii,False,True,True,81.89624800002093,True,8.305894999921293,True,raw_gray,True
67,1,plain,True,True,True,151.84514700013096,True,11.530240999945818,True,raw_gray,True
67,1,inverted_color,False,False,True,66.19210600001679,True,8.555182999998578,True,raw_gray,True
67,1,logo,False,False,True,194.89930800000366,True,23.129396000058478,True,raw_gray,True
67,1,styled,True,True,True,121.52801899992483,True,24.398244000167324,True,raw_gray,True
67,1,ascii,False,True,True,49.550791999990906,True,6.946395999875676,True,raw_gray,True
68,1,plain,True,True,True,52.81753300005221,True,6.91993000009461,True,raw_gray,True
68,1,inverted_color,False,False,True,38.088232000063726,True,6.727146999992328,True,raw_gray,True
68,1,logo,True,True,True,70.75475499982531,True,9.530998999935036,True,raw_gray,True
68,1,styled,True,True,True,77.11344799986364,True,13.43340900007206,True,raw_gray,True
68,1,ascii,True,True,True,43.90864500010139,True,10.62608399979581,True,raw_gray,True
69,1,plain,True,True,True,51.81444899994858,True,11.459727000101338,True,raw_gray,True
69,1,inverted_color,False,False,True,64.0434560000358,True,12.041685999975016,True,raw_gray,True
69,1,logo,True,True,True,96.64386400004332,True,13.041229999998905,True,raw_gray,True
69,1,styled,True,True,True,105.74458500013861,True,20.365111999808505,True,raw_gray,True
69,1,ascii,False,True,True,39.137393999908454,True,4.903516000013042,True,raw_gray,True
70,1,plain,True,True,True,36.708020000105535,True,4.856732999996893,True,raw_gray,True
70,1,inverted_color,False,False,True,32.30363300008321,True,4.658179999978529,True,raw_gray,True
70,1,logo,True,True,True,49.10253599996395,True,7.368275999851903,True,raw_gray,True
70,1,styled,True,True,True,52.797401000134414,True,9.078986000076839,True,raw_gray,True
70,1,ascii,False,True,True,37.738797999963936,True,3.7916159999440424,True,raw_gray,True
71,1,plain,True,False,True,47.95824600000742,True,5.735391999905914,True,raw_gray,True
71,1,inverted_color,False,False,True,70.25676000012027,True,14.31132599986995,True,raw_gray,True
71,1,logo,True,True,True,81.42297900008089,True,8.551666000130353,True,raw_gray,True
71,1,styled,True,True,True,60.829869999906805,True,10.595408999961364,True,raw_gray,True
71,1,ascii,False,False,True,29.707947999895623,True,5.136801999924501,True,raw_gray,True
72,1,plain,True,True,True,36.57232500017926,True,4.622399000027144,True,raw_gray,True
72,1,inverted_color,False,False,True,40.368721999811896,True,17.83514099997774,True,raw_gray,True
72,1,logo,True,True,True,53.88818200003698,True,5.812317999925654,True,raw_gray,True
72,1,styled,True,True,True,55.81472099993334,True,9.493948999988788,True,raw_gray,True
72,1,ascii,False,True,True,84.27910000000338,True,11.205616000097507,True,raw_gray,True
73,1,plain,True,True,True,163.18186099988452,True,15.377053000065644,True,raw_gray,True
73,1,inverted_color,False,False,True,99.40804699999717,True,41.52924799996072,True,raw_gray,True
73,1,logo,False,True,True,144.29370799985008,True,47.74398400013524,True,raw_gray,True
73,1,styled,True,True,True,312.02680399997007,True,33.42445799989946,True,raw_gray,True
73,1,ascii,True,True,True,68.97212500007299,True,9.713422999993782,True,raw_gray,True
74,1,plain,True,True,True,43.23140599990438,True,6.062345999907848,True,raw_gray,True
74,1,inverted_color,False,False,True,28.896927000005235,True,5.887773000040397,True,raw_gray,True
74,1,logo,True,True,True,57.03288400013662,True,8.330537000119875,True,raw_gray,True
74,1,styled,True,True,True,61.63511599993399,True,10.783269000057771,True,raw_gray,True
74,1,ascii,False,True,True,37.37052099995708,True,5.76040800001465,True,raw_gray,True
75,1,plain,True,True,True,51.94229399990036,True,7.0208709998951235,True,raw_gray,True
75,1,inverted_color,False,False,True,32.349133000025176,True,7.129875000146058,True,raw_gray,True
75,1,logo,True,True,True,110.96188900000925,True,20.450227000083032,True,raw_gray,True
75,1,styled,True,True,True,96.77695999994285,True,12.874003999968409,True,raw_gray,True
75,1,ascii,True,True,True,41.65090200012855,True,6.822839000051317,True,raw_gray,True
76,1,plain,True,True,True,41.21829499990781,True,5.777304000048389,True,raw_gray,True
76,1,inverted_color,False,False,True,29.713388999880408,True,5.705387000034534,True,raw_gray,True
76,1,logo,True,False,True,57.78430300006221,True,8.78466699987257,True,raw_gray,True
76,1,styled,True,True,True,91.35650000007445,True,10.609962999978961,True,raw_gray,True
76,1,ascii,False,False,True,33.94342199999301,True,4.969589999973323,True,raw_gray,True
77,1,plain,True,True,True,64.03978000003008,True,12.154191000036008,True,raw_gray,True
77,1,inverted_color,False,False,True,69.64447399991514,True,7.875621000039246,True,raw_gray,True
77,1,logo,True,True,True,112.18305799980044,True,19.27317700005915,True,raw_gray,True
77,1,styled,True,True,True,114.49853399994936,True,24.771247999979096,True,raw_gray,True
77,1,ascii,False,True,True,79.85797900005309,True,9.050348000073427,True,raw_gray,True
78,1,plain,True,True,True,111.09013200007212,True,8.558286999914344,True,raw_gray,True
78,1,inverted_color,False,False,True,36.09880500016516,True,9.968549999939569,True,raw_gray,True
78,1,logo,False,True,True,112.91806999997789,True,17.20533200000318,True,raw_gray,True
78,1,styled,True,True,True,129.69528799999352,True,24.9581399998533,True,raw_gray,True
78,1,ascii,False,True,True,55.536926000058884,True,7.085528000061458,True,raw_gray,True
79,1,plain,True,True,True,64.42932199979623,True,9.487390999993295,True,raw_gray,True
79,1,inverted_color,False,False,True,42.72980800010373,True,9.60710399999698,True,raw_gray,True
79,1,logo,False,False,True,176.07982300000913,True,22.3752509998576,True,raw_gray,True
79,1,styled,True,True,True,164.5070100000794,True,29.256314000122075,True,raw_gray,True
79,1,ascii,False,True,True,54.185943999982555,True,8.425202000125864,True,raw_gray,True
80,1,plain,True,True,True,40.96002500000395,True,5.674797999972725,True,raw_gray,True
80,1,inverted_color,False,False,True,29.755690000001778,True,5.710767999971722,True,raw_gray,True
80,1,logo,True,True,True,48.82787000019562,True,6.960062999951333,True,raw_gray,True
80,1,styled,True,True,True,51.44866500017997,True,8.823426999924777,True,raw_gray,True
80,1,ascii,False,True,True,39.509727999984534,True,4.947147999928347,True,raw_gray,True
81,1,plain,True,True,True,142.53454499998952,True,14.515639000137526,True,raw_gray,True
81,1,inverted_color,False,False,True,65.18449000009241,True,14.35238399994887,True,raw_gray,True
81,1,logo,False,True,True,142.0272439997916,True,22.899281000036353,True,raw_gray,True
81,1,styled,True,True,True,154.46503499993014,True,31.49968100001388,True,raw_gray,True
81,1,ascii,True,True,True,66.34431400016183,True,9.641399000202,True,raw_gray,True
82,1,plain,True,True,True,35.688208999999915,True,4.880911000100241,True,raw_gray,True
82,1,inverted_color,False,False,True,43.447829999877285,True,4.738548000204901,True,raw_gray,True
82,1,logo,True,True,True,41.3479990002088,True,5.947630000036952,True,raw_gray,True
82,1,styled,True,True,True,43.20911500008151,True,6.7321760000140785,True,raw_gray,True
82,1,ascii,False,True,True,32.49238300008983,True,3.9213820000441046,True,raw_gray,True
83,1,plain,True,True,True,35.778505000052974,True,4.531950000000506,True,raw_gray,True
83,1,inverted_color,False,False,True,33.526215999927444,True,4.4787489998725505,True,raw_gray,True
83,1,logo,True,True,True,39.40270199996121,True,5.79448999997112,True,raw_gray,True
83,1,styled,True,True,True,42.27252900000167,True,14.093957999875784,True,raw_gray,True
83,1,ascii,False,False,True,43.13117000015154,True,4.091704000074969,True,raw_gray,True
84,1,plain,True,True,True,100.78085899999678,True,28.971180000098684,True,raw_gray,True
84,1,inverted_color,False,False,True,88.86567999979889,True,18.23808599988297,True,raw_gray,True
84,1,logo,True,True,True,143.90968999987308,True,18.08690600000773,True,raw_gray,True
84,1,styled,True,True,True,157.08245400014675,True,29.49184800013427,True,raw_gray,True
84,1,ascii,False,True,True,145.9908050001104,True,11.839792000046145,True,raw_gray,True
85,1,plain,True,True,True,123.02271399994424,True,31.342269999868222,True,raw_gray,True
85,1,inverted_color,False,False,True,159.62119399978292,True,24.90588000000571,True,raw_gray,True
85,1,logo,False,True,True,239.76450999998633,True,51.56810299990866,True,raw_gray,True
85,1,styled,True,True,True,205.20993900004214,True,77.9633610000019,True,raw_gray,True
85,1,ascii,False,True,True,152.09209799991186,True,18.600362999904974,True,raw_gray,True
86,1,plain,True,True,True,177.7452699998321,True,24.082071000066207,True,raw_gray,True
86,1,inverted_color,False,False,True,127.0671320000929,True,12.940935999949943,True,raw_gray,True
86,1,logo,True,True,True,78.80399400005444,True,7.218531000035,True,raw_gray,True
86,1,styled,True,True,True,51.67345099994236,True,14.398022000023047,True,raw_gray,True
86,1,ascii,False,True,True,46.738512000047194,True,3.9296370000556635,True,raw_gray,True
87,1,plain,True,True,True,60.39629799988688,True,21.44854900006976,True,raw_gray,True
87,1,inverted_color,False,False,True,88.69640299985804,True,12.218875999906231,True,raw_gray,True
87,1,logo,True,True,True,107.40696100015157,True,18.76866899988272,True,raw_gray,True
87,1,styled,True,True,True,124.8723589999372,True,23.52054700008921,True,raw_gray,True
87,1,ascii,False,False,True,32.03908299997238,True,16.56548500000099,True,raw_gray,True
88,1,plain,True,True,True,35.86803600001076,True,7.809812000004968,True,raw_gray,True
88,1,inverted_color,False,False,True,64.4282910000129,True,5.58998899987273,True,raw_gray,True
88,1,logo,True,True,True,101.15464899990911,True,7.4420260000351846,True,raw_gray,True
88,1,styled,True,True,True,88.1388689999767,True,16.69582999988961,True,raw_gray,True
88,1,ascii,False,False,True,73.14857400001529,True,6.823070999871561,True,raw_gray,True
89,1,plain,True,True,True,71.3316119999945,True,11.960947000034139,True,raw_gray,True
89,1,inverted_color,False,False,True,63.996750999876895,True,12.542965999955413,True,raw_gray,True
89,1,logo,True,False,True,126.37010899993584,True,8.369792999928904,True,raw_gray,True
89,1,styled,True,True,True,61.729801999945266,True,10.370340000008582,True,raw_gray,True
89,1,ascii,False,False,True,44.39268800001628,True,4.877870999962397,True,raw_gray,True
90,1,plain,True,True,True,51.436008999871774,True,12.132034999922325,True,raw_gray,True
90,1,inverted_color,False,False,True,29.68002400007208,True,6.054010999832826,True,raw_gray,True
90,1,logo,True,True,True,54.93039599991789,True,7.563591000007364,True,raw_gray,True
90,1,styled,True,True,True,58.65248899999642,True,9.086116999924343,True,raw_gray,True
90,1,ascii,False,True,True,37.74652800007061,True,6.186449000097127,True,raw_gray,True
91,1,plain,True,True,True,62.069961000133844,True,7.182353999951374,True,raw_gray,True
91,1,inverted_color,False,False,True,46.24261999992996,True,7.220323999945322,True,raw_gray,True
91,1,logo,True,False,True,67.01807700005702,True,11.290742000028331,True,raw_gray,True
91,1,styled,True,True,True,71.99153600004138,True,17.69334299979164,True,raw_gray,True
91,1,ascii,True,True,True,44.38026000002537,True,5.888852999987648,True,raw_gray,True
92,1,plain,True,True,True,44.56830699996317,True,5.687513000111721,True,raw_gray,True
92,1,inverted_color,False,False,True,35.25677099992208,True,5.48472400009814,True,raw_gray,True
92,1,logo,True,True,True,58.8571180001054,True,8.357358000012027,True,raw_gray,True
92,1,styled,True,True,True,69.30842900010248,True,19.08143400009976,True,raw_gray,True
92,1,ascii,False,True,True,37.832876000038596,True,5.049071999792432,True,raw_gray,True
93,1,plain,True,True,True,85.26930400012134,True,12.649957000121503,True,raw_gray,True
93,1,inverted_color,False,False,True,43.10579200000575,True,5.050007999898298,True,raw_gray,True
93,1,logo,True,True,True,51.82174700007636,True,7.509622000043237,True,raw_gray,True
93,1,styled,True,True,True,51.746135000030336,True,8.589248999896881,True,raw_gray,True
93,1,ascii,False,True,True,59.94665299999724,True,4.463187000055768,True,raw_gray,True
94,1,plain,True,True,True,49.89545100011128,True,7.50206300017453,True,raw_gray,True
94,1,inverted_color,False,False,True,65.83882699987953,True,15.924971999993431,True,raw_gray,True
94,1,logo,True,True,True,69.60661400012214,True,12.086215999943306,True,raw_gray,True
94,1,styled,True,True,True,75.3815890000169,True,25.27107499986414,True,raw_gray,True
94,1,ascii,True,True,True,60.865702000000965,True,6.045871000196712,True,raw_gray,True
95,1,plain,True,True,True,36.205262000066796,True,9.009834000153205,True,raw_gray,True
95,1,inverted_color,False,False,True,40.68427600009272,True,4.9185569998826395,True,raw_gray,True
95,1,logo,True,True,True,52.21328600009656,True,7.589864999999918,True,raw_gray,True
95,1,styled,True,True,True,52.595973000052254,True,9.808675000158473,True,raw_gray,True
95,1,ascii,False,True,True,34.676329999911104,True,4.33309899995038,True,raw_gray,True
96,1,plain,True,True,True,44.74994999986848,True,6.285247000050731,True,raw_gray,True
96,1,inverted_color,False,False,True,30.042085999866686,True,6.252459000052113,True,raw_gray,True
96,1,logo,True,True,True,60.00821099996756,True,8.852595999996993,True,raw_gray,True
96,1,styled,True,True,True,62.8751619999548,True,11.561016999849016,True,raw_gray,True
96,1,ascii,False,True,True,38.62775499987947,True,5.26450899997144,True,raw_gray,True
97,1,plain,True,True,True,59.34648200013726,True,8.852030000070954,True,raw_gray,True
97,1,inverted_color,False,False,True,39.33982099988498,True,8.56907700017473,True,raw_gray,True
97,1,logo,False,True,True,135.90628800011473,True,15.649014000018724,True,raw_gray,True
97,1,styled,True,True,True,107.13151400000243,True,19.63510500013399,True,raw_gray,True
97,1,ascii,False,True,True,49.785631000077046,True,7.263831000045684,True,raw_gray,True
98,1,plain,True,True,True,40.568033999988984,True,6.072307000067667,True,raw_gray,True
98,1,inverted_color,False,False,True,53.399393000063355,True,5.966191999959847,True,raw_gray,True
98,1,logo,True,True,True,48.056708000103754,True,7.289155000080427,True,raw_gray,True
98,1,styled,True,True,True,52.237835000141786,True,9.128821000103926,True,raw_gray,True
98,1,ascii,False,True,True,41.94688200004748,True,5.333762999953251,True,raw_gray,True
99,1,plain,True,True,True,40.85252100003345,True,5.093964000025153,True,raw_gray,True
99,1,inverted_color,False,False,True,27.35572599999614,True,4.935721000038029,True,raw_gray,True
99,1,logo,True,True,True,52.53157100014505,True,7.768032000058156,True,raw_gray,True
99,1,styled,True,True,True,53.597136000007595,True,9.25047500004439,True,raw_gray,True
99,1,ascii,False,True,True,34.083327000189456,True,3.8951799999722425,True,raw_gray,True
100,1,plain,True,True,True,37.74770399991212,True,5.104995000010604,True,raw_gray,True
100,1,inverted_color,False,False,True,25.50007100012408,True,4.456582999864622,True,raw_gray,True
100,1,logo,True,True,True,43.76192099994114,True,6.287642999950549,True,raw_gray,True
100,1,styled,True,True,True,50.05799000014122,True,7.533689999945636,True,raw_gray,True
100,1,ascii,False,True,True,56.34849600005509,True,14.627043000018602,True,raw_gray,True
101,1,plain,True,True,True,42.86142700016171,True,5.977290999908291,True,raw_gray,True
101,1,inverted_color,False,False,True,33.50298700001986,True,6.307561999847167,True,raw_gray,True
101,1,logo,True,True,True,50.12519499996415,True,7.744025999954829,True,raw_gray,True
101,1,styled,True,True,True,53.86539100004484,True,9.12973200001943,True,raw_gray,True
101,1,ascii,False,True,True,37.411209000083545,True,5.189052999867272,True,raw_gray,True
102,1,plain,True,True,True,36.370239999996556,True,5.039907000082167,True,raw_gray,True
102,1,inverted_color,False,False,True,28.086099999882208,True,4.898589000049469,True,raw_gray,True
102,1,logo,True,True,True,42.66734199995881,True,5.923338000002332,True,raw_gray,True
102,1,styled,True,True,True,45.6630529999984,True,7.892156000025352,True,raw_gray,True
102,1,ascii,False,True,True,34.308494000015344,True,6.233411000039268,True,raw_gray,True
103,1,plain,True,True,True,43.09805699995195,True,5.450996000035957,True,raw_gray,True
103,1,inverted_color,False,False,True,30.826488000002428,True,6.3558419999480975,True,raw_gray,True
103,1,logo,True,True,True,61.880442000074254,True,8.865942000056748,True,raw_gray,True
103,1,styled,True,True,True,64.36909300009575,True,11.448222999888458,True,raw_gray,True
103,1,ascii,False,False,True,38.83426299989878,True,5.396642999812684,True,raw_gray,True
104,1,plain,True,True,True,37.191121999967436,True,5.332844999884401,True,raw_gray,True
104,1,inverted_color,False,False,True,26.54966700015393,True,5.392045999997208,True,raw_gray,True
104,1,logo,True,True,True,44.385174000126426,True,5.815867000137587,True,raw_gray,True
104,1,styled,True,True,True,45.65053999999691,True,7.205774999874848,True,raw_gray,True
104,1,ascii,False,True,True,37.15346800004227,True,4.3879199999992125,True,raw_gray,True
105,1,plain,True,True,True,43.76788100012163,True,8.116332999861697,True,raw_gray,True
105,1,inverted_color,False,False,True,53.61422400005722,True,6.274526000197511,True,raw_gray,True
105,1,logo,True,True,True,58.78992900011326,True,8.485190999863335,True,raw_gray,True
105,1,styled,True,True,True,63.48690000004353,True,10.738759000105347,True,raw_gray,True
105,1,ascii,False,False,True,38.18315000012262,True,5.447490000051403,True,raw_gray,True
106,1,plain,True,True,True,42.577160000064396,True,6.068535999929736,True,raw_gray,True
106,1,inverted_color,False,False,True,30.179051999994044,True,6.0020470000381465,True,raw_gray,True
106,1,logo,True,True,True,56.40380199997708,True,8.54700599984426,True,raw_gray,True
106,1,styled,True,True,True,62.132073000157106,True,11.041070000146647,True,raw_gray,True
106,1,ascii,False,False,True,29.94763500009867,True,6.684059000008347,True,raw_gray,True
107,1,plain,True,True,True,98.95031700011714,True,15.043521000052351,True,raw_gray,True
107,1,inverted_color,False,False,True,65.91032100004668,True,18.01678699985132,True,raw_gray,True
107,1,logo,False,True,True,146.16633100013132,True,23.053478000065297,True,raw_gray,True
107,1,styled,True,True,True,185.6088429999545,True,33.10542600002009,True,raw_gray,True
107,1,ascii,True,True,True,65.9308780000174,True,9.889289000057033,True,raw_gray,True
108,1,plain,True,True,True,47.96732600016185,True,6.549916000039957,True,raw_gray,True
108,1,inverted_color,False,False,True,31.281745999876875,True,7.747751999886532,True,raw_gray,True
108,1,logo,True,True,True,58.28273700012687,True,8.543326000108209,True,raw_gray,True
108,1,styled,True,True,True,67.00152100006562,True,10.351935000016965,True,raw_gray,True
108,1,ascii,False,True,True,37.2381970000788,True,4.8806380000314675,True,raw_gray,True
109,1,plain,True,True,True,46.87169799990443,True,5.900849999989077,True,raw_gray,True
109,1,inverted_color,False,False,True,28.975471999956426,True,6.005297000001519,True,raw_gray,True
109,1,logo,True,True,True,51.83281199992962,True,7.264609000003475,True,raw_gray,True
109,1,styled,True,True,True,70.562074999998,True,16.36522000012519,True,raw_gray,True
109,1,ascii,False,False,True,25.671731999864278,True,9.049433999962275,True,raw_gray,True
110,1,plain,True,True,True,45.77107799991609,True,6.05305900012354,True,raw_gray,True
110,1,inverted_color,False,False,True,39.76864600008412,True,6.305180000026667,True,raw_gray,True
110,1,logo,True,True,True,61.047510999969745,True,16.08610699986457,True,raw_gray,True
110,1,styled,True,True,True,80.9824599998592,True,11.619724999945902,True,raw_gray,True
110,1,ascii,False,False,True,28.012485000090237,True,5.439045999992231,True,raw_gray,True
111,1,plain,True,True,True,42.64877299988257,True,6.210645000010118,True,raw_gray,True
111,1,inverted_color,False,False,True,28.502078999963487,True,6.109673000082694,True,raw_gray,True
111,1,logo,True,True,True,55.614311999988786,True,8.02130700003545,True,raw_gray,True
111,1,styled,True,True,True,61.979635999932725,True,10.659524999937275,True,raw_gray,True
111,1,ascii,False,False,True,36.43559500005722,True,11.109338999858664,True,raw_gray,True
112,1,plain,True,True,True,41.06432600019616,True,11.167235999892,True,raw_gray,True
112,1,inverted_color,False,False,True,28.37946399995417,True,8.63120799999706,True,raw_gray,True
112,1,logo,True,True,True,49.849742999867885,True,7.038468000018838,True,raw_gray,True
112,1,styled,True,True,True,53.987565999932485,True,8.858461000045281,True,raw_gray,True
112,1,ascii,False,True,True,38.188806000107434,True,5.076685999938491,True,raw_gray,True
113,1,plain,True,True,True,49.39405400000396,True,5.680371999915224,True,raw_gray,True
113,1,inverted_color,False,False,True,30.5296950000411,True,5.827631999864025,True,raw_gray,True
113,1,logo,True,True,True,53.973128000052384,True,8.43259900011617,True,raw_gray,True
113,1,styled,True,True,True,60.89599300003101,True,10.43515599985767,True,raw_gray,True
113,1,ascii,False,False,True,37.7140010000403,True,4.760553000096479,True,raw_gray,True
114,1,plain,True,True,True,193.04776199987828,True,17.552060999832975,True,raw_gray,True
114,1,inverted_color,False,False,True,94.75071600013507,True,16.801187000055506,True,raw_gray,True
114,1,logo,True,True,True,189.14111300000513,True,58.79843599996093,True,raw_gray,True
114,1,styled,True,True,True,193.14321899992137,True,50.272564000124476,True,raw_gray,True
114,1,ascii,False,True,True,79.38829699992311,True,11.83431700019355,True,raw_gray,True
115,1,plain,True,True,True,67.96052400000008,True,6.742313999893668,True,raw_gray,True
115,1,inverted_color,False,False,True,48.59087799991357,True,6.794646999878751,True,raw_gray,True
115,1,logo,True,True,True,69.84130000000732,True,9.540221000179372,True,raw_gray,True
115,1,styled,True,True,True,124.60872800011202,True,16.756364999992,True,raw_gray,True
115,1,ascii,True,True,True,45.73490600000696,True,5.8656829999108595,True,raw_gray,True
116,1,plain,True,True,True,157.17214300002524,True,29.013932999987446,True,raw_gray,True
116,1,inverted_color,False,False,True,115.524404000098,True,27.626836000081312,True,raw_gray,True
116,1,logo,True,True,True,281.04803800010814,True,49.567178999950556,True,raw_gray,True
116,1,styled,True,True,True,396.0902010001064,True,79.06068000011146,True,raw_gray,True
116,1,ascii,False,True,True,188.5677359998681,True,77.12812699992355,True,raw_gray,True
117,1,plain,True,True,True,141.24414299999444,True,26.053356000147687,True,raw_gray,True
117,1,inverted_color,False,False,True,103.1060749999142,True,12.172069999905943,True,raw_gray,True
117,1,logo,True,True,True,168.97253699994508,True,18.11391400019602,True,raw_gray,True
117,1,styled,True,True,True,105.3011559999959,True,10.95528399991963,True,raw_gray,True
117,1,ascii,False,False,True,42.118008999977974,True,11.267787999940992,True,raw_gray,True
118,1,plain,True,True,True,103.7583220002034,True,15.165998999918884,True,raw_gray,True
118,1,inverted_color,False,False,True,88.8270289999582,True,15.586215999974229,True,raw_gray,True
118,1,logo,True,True,True,149.51440200002253,True,23.347603000047457,True,raw_gray,True
118,1,styled,True,True,True,160.39739500001815,True,27.95431300000928,True,raw_gray,True
118,1,ascii,True,True,True,88.28783400008433,True,26.44407200000387,True,raw_gray,True
119,1,plain,True,True,True,88.2773470000302,True,13.127044999919235,True,raw_gray,True
119,1,inverted_color,False,False,True,74.52704900015306,True,13.806855999973777,True,raw_gray,True
119,1,logo,True,True,True,105.01332100011496,True,18.306296999980987,True,raw_gray,True
119,1,styled,True,True,True,81.83534399995551,True,11.201532000086445,True,raw_gray,True
119,1,ascii,False,True,True,68.15842899982272,True,11.109282000006715,True,raw_gray,True
120,1,plain,True,True,True,38.96028200006185,True,6.657871000015803,True,raw_gray,True
120,1,inverted_color,False,False,True,25.526058999957968,True,4.852878999827226,True,raw_gray,True
120,1,logo,True,True,True,76.84918699987975,True,9.302424999987124,True,raw_gray,True
120,1,styled,True,True,True,82.07102199980909,True,6.9980499999928725,True,raw_gray,True
120,1,ascii,False,True,True,62.19181999995271,True,6.878933000052712,True,raw_gray,True
121,1,plain,True,True,True,103.82563400003164,True,15.635260999943057,True,raw_gray,True
121,1,inverted_color,False,False,True,87.21661899994615,True,13.685715000065102,True,raw_gray,True
121,1,logo,False,True,True,194.6206180000445,True,23.78286299995125,True,raw_gray,True
121,1,styled,True,True,True,137.99484000014672,True,34.84630099978858,True,raw_gray,True
121,1,ascii,True,True,True,87.99224499989577,True,17.891124000016134,True,raw_gray,True
122,1,plain,True,True,True,101.14015599992854,True,8.671181999943656,True,raw_gray,True
122,1,inverted_color,False,False,True,49.19100200004323,True,5.534064999892507,True,raw_gray,True
122,1,logo,True,True,True,53.622616999973616,True,7.138487000020177,True,raw_gray,True
122,1,styled,True,True,True,79.71795799994652,True,9.091050000051837,True,raw_gray,True
122,1,ascii,False,True,True,77.63538000017434,True,8.91582200006269,True,raw_gray,True
123,1,plain,True,True,True,154.06181299999844,True,13.054720999889469,True,raw_gray,True
123,1,inverted_color,False,False,True,81.2282529998356,True,7.057990000021164,True,raw_gray,True
123,1,logo,True,True,True,188.57119599988437,True,28.704957999934777,True,raw_gray,True
123,1,styled,True,True,True,155.21021500012466,True,10.768254999902638,True,raw_gray,True
123,1,ascii,True,True,True,42.17723900001147,True,6.047773999853234,True,raw_gray,True
124,1,plain,True,True,True,71.6794940001364,True,11.266662000025462,True,raw_gray,True
124,1,inverted_color,False,False,True,63.69345899997825,True,14.796033000038733,True,raw_gray,True
124,1,logo,True,True,True,102.8440000000046,True,23.276353000028394,True,raw_gray,True
124,1,styled,True,True,True,121.08868200016332,True,10.785264000105599,True,raw_gray,True
124,1,ascii,False,False,True,25.20279799978198,True,4.852651999954105,True,raw_gray,True
125,1,plain,True,True,True,80.1688080000531,True,11.969345999887082,True,raw_gray,True
125,1,inverted_color,False,False,True,61.70299499990506,True,17.830683999818575,True,raw_gray,True
125,1,logo,True,True,True,97.16483900001549,True,6.873870999925202,True,raw_gray,True
125,1,styled,True,True,True,102.65422400016178,True,33.03825600005439,True,raw_gray,True
125,1,ascii,False,False,True,73.13954500000364,True,16.42907300015395,True,raw_gray,True
126,1,plain,True,True,True,348.8029400000414,True,14.65931599977921,True,raw_gray,True
126,1,inverted_color,False,False,True,159.83331999996153,True,49.17215999989821,True,raw_gray,True
126,1,logo,False,True,True,313.2727590000286,True,22.696955000128582,True,raw_gray,True
126,1,styled,True,True,True,203.56452500004707,True,31.236813000077746,True,raw_gray,True
126,1,ascii,True,True,True,64.02819200002341,True,9.743726000124298,True,raw_gray,True
127,1,plain,True,True,True,50.09235500006071,True,6.849946000102136,True,raw_gray,True
127,1,inverted_color,False,False,True,85.30625699995653,True,6.768246000092404,True,raw_gray,True
127,1,logo,True,True,True,103.05279299996073,True,22.325741000031485,True,raw_gray,True
127,1,styled,True,True,True,95.75525499985815,True,12.643198999967353,True,raw_gray,True
127,1,ascii,True,True,True,41.246574999831864,True,6.186393000007229,True,raw_gray,True
128,1,plain,True,True,True,46.43691499995839,True,21.980357000074946,True,raw_gray,True
128,1,inverted_color,False,False,True,53.039494000131526,True,5.654279000054885,True,raw_gray,True
128,1,logo,True,True,True,76.10963000001902,True,11.362852000047496,True,raw_gray,True
128,1,styled,True,True,True,83.75332800005708,True,16.38941199985311,True,raw_gray,True
128,1,ascii,False,False,True,78.76815600002374,True,10.81348299999263,True,raw_gray,True
129,1,plain,True,True,True,43.018025000037596,True,5.8379600000080245,True,raw_gray,True
129,1,inverted_color,False,False,True,28.96856399979697,True,5.6834960000742285,True,raw_gray,True
129,1,logo,True,True,True,64.08942200005185,True,8.59128300021439,True,raw_gray,True
129,1,styled,True,True,True,78.67617499982771,True,10.6984100000318,True,raw_gray,True
129,1,ascii,False,True,True,88.81992999999966,True,11.527354999998352,True,raw_gray,True
130,1,plain,True,True,True,69.6441809998305,True,5.590230000052543,True,raw_gray,True
130,1,inverted_color,False,False,True,39.192812000010235,True,5.736381000133406,True,raw_gray,True
130,1,logo,True,True,True,52.394639999874926,True,7.0660249998582,True,raw_gray,True
130,1,styled,True,True,True,139.2970100000639,True,34.19524200012347,True,raw_gray,True
130,1,ascii,False,True,True,77.35177899985501,True,9.211637999896993,True,raw_gray,True
131,1,plain,True,False,True,261.77470100014943,True,38.67892200014467,True,raw_gray,True
131,1,inverted_color,False,False,True,245.83981299997504,True,33.94881600002009,True,raw_gray,True
131,1,logo,True,True,True,317.99879400000464,True,53.35480600001574,True,raw_gray,True
131,1,styled,True,True,True,381.96555000013177,True,89.42564700009825,True,raw_gray,True
131,1,ascii,False,True,True,144.76476400000138,True,26.973646999977063,True,raw_gray,True
132,1,plain,True,True,True,36.105721000012636,True,4.580510999858234,True,raw_gray,True
132,1,inverted_color,False,False,True,24.462868000000526,True,4.422355000087919,True,raw_gray,True
132,1,logo,True,True,True,48.70160800010126,True,6.739998000057312,True,raw_gray,True
132,1,styled,True,True,True,52.39031199994315,True,8.635580999907688,True,raw_gray,True
132,1,ascii,False,False,True,23.03789500001585,True,4.169013000137056,True,raw_gray,True
133,1,plain,True,True,True,45.90205099998457,True,12.338486000089688,True,raw_gray,True
133,1,inverted_color,False,False,True,85.71348100008436,True,7.280642999830889,True,raw_gray,True
133,1,logo,True,True,True,104.13080400007857,True,21.606196999982785,True,raw_gray,True
133,1,styled,True,True,True,86.73141100007342,True,12.613271999953213,True,raw_gray,True
133,1,ascii,True,True,True,39.35477000004539,True,5.577248999998119,True,raw_gray,True
134,1,plain,True,True,True,114.94079699991744,True,17.17836700004227,True,raw_gray,True
134,1,inverted_color,False,False,True,91.74475400004667,True,17.863029999944047,True,raw_gray,True
134,1,logo,False,True,True,150.6270110000969,True,24.84458000003542,True,raw_gray,True
134,1,styled,True,True,True,165.22882399999617,True,44.24000500011971,True,raw_gray,True
134,1,ascii,False,True,True,113.02372000000105,True,11.20695499980684,True,raw_gray,True
135,1,plain,True,True,True,35.842608000166365,True,4.591601000129231,True,raw_gray,True
135,1,inverted_color,False,False,True,24.396270000124787,True,4.595671000060975,True,raw_gray,True
135,1,logo,True,True,True,41.99726499996359,True,9.82683500001258,True,raw_gray,True
135,1,styled,True,True,True,47.10238200004824,True,10.967878000201381,True,raw_gray,True
135,1,ascii,False,True,True,37.46228800014251,True,3.844108000066626,True,raw_gray,True
136,1,plain,True,True,True,39.11808999987443,True,5.12768499993399,True,raw_gray,True
136,1,inverted_color,False,False,True,34.01562799990643,True,4.715638999869043,True,raw_gray,True
136,1,logo,True,True,True,45.66208000005645,True,5.793284999981552,True,raw_gray,True
136,1,styled,True,True,True,43.37219899980482,True,6.727438000098118,True,raw_gray,True
136,1,ascii,False,True,True,35.224813000013455,True,4.157477000035215,True,raw_gray,True
137,1,plain,True,True,True,51.194274999943445,True,7.1410479999940435,True,raw_gray,True
137,1,inverted_color,False,False,True,47.65630099996088,True,13.011035000090487,True,raw_gray,True
137,1,logo,True,True,True,115.33125000005384,True,11.339154000097551,True,raw_gray,True
137,1,styled,True,True,True,114.90228900015609,True,12.760089000039443,True,raw_gray,True
137,1,ascii,True,True,True,48.336586999994324,True,5.939744999977847,True,raw_gray,True
138,1,plain,True,True,True,73.24083200001041,True,4.552290999981778,True,raw_gray,True
138,1,inverted_color,False,False,True,37.12860400014506,True,10.820706000004066,True,raw_gray,True
138,1,logo,True,True,True,53.658455000004324,True,5.750352999939423,True,raw_gray,True
138,1,styled,True,True,True,87.50882900017132,True,12.493264000113413,True,raw_gray,True
138,1,ascii,False,True,True,116.20471800006271,True,10.417968999945515,True,raw_gray,True
139,1,plain,True,True,True,80.48610299988468,True,11.10392700002194,True,raw_gray,True
139,1,inverted_color,False,False,True,54.52185400008602,True,10.885869000048842,True,raw_gray,True
139,1,logo,True,True,True,113.32763999985218,True,22.241657999984454,True,raw_gray,True
139,1,styled,True,True,True,133.95956699991984,True,39.10607000011623,True,raw_gray,True
139,1,ascii,False,True,True,176.49018299994168,True,22.218935000182682,True,raw_gray,True
140,1,plain,True,True,True,172.90127100000063,True,13.292566000018269,True,raw_gray,True
140,1,inverted_color,False,False,True,108.88092499999402,True,4.784416999882524,True,raw_gray,True
140,1,logo,True,True,True,230.06438599986723,True,49.394316999951116,True,raw_gray,True
140,1,styled,True,True,True,247.06101000015224,True,56.49240399998234,True,raw_gray,True
140,1,ascii,False,True,True,165.82895800002007,True,8.097609999822453,True,raw_gray,True
141,1,plain,True,True,True,90.84251900003437,True,30.26534599985098,True,raw_gray,True
141,1,inverted_color,False,False,True,179.31613099995047,True,23.24343600002976,True,raw_gray,True
141,1,logo,True,True,True,250.31966999995348,True,46.74679100003232,True,raw_gray,True
141,1,styled,True,True,True,298.72573200009356,True,37.32621099993594,True,raw_gray,True
141,1,ascii,False,True,True,81.32842700001675,True,8.425127000009525,True,raw_gray,True
142,1,plain,True,True,True,129.72886500006098,True,12.34302300008494,True,raw_gray,True
142,1,inverted_color,False,False,True,115.01984199981052,True,24.576506000130394,True,raw_gray,True
142,1,logo,True,True,True,296.5347350000229,True,18.437386999949013,True,raw_gray,True
142,1,styled,True,True,True,129.49059700008547,True,11.709738999797992,True,raw_gray,True
142,1,ascii,False,True,True,70.611246999988,True,5.234019999988959,True,raw_gray,True
143,1,plain,True,True,True,85.91193899997052,True,7.102108000026419,True,raw_gray,True
143,1,inverted_color,False,False,True,106.39961299989409,True,29.907435000041005,True,raw_gray,True
143,1,logo,True,True,True,197.8203769999709,True,13.280021000127817,True,raw_gray,True
143,1,styled,True,True,True,83.50501199993232,True,15.202376000161166,True,raw_gray,True
143,1,ascii,True,True,True,55.10616400010804,True,5.991194999978688,True,raw_gray,True
144,1,plain,True,True,True,57.83237499986171,True,13.882675999866478,True,raw_gray,True
144,1,inverted_color,False,False,True,279.79880800012324,True,31.52136700009578,True,raw_gray,True
144,1,logo,True,True,True,141.31236699995497,True,9.379177000027994,True,raw_gray,True
144,1,styled,True,True,True,102.1739829998296,True,12.614110999948025,True,raw_gray,True
144,1,ascii,True,True,True,60.516083000038634,True,8.109311999987767,True,raw_gray,True
145,1,plain,True,True,True,96.3219239999944,True,18.386267000096268,True,raw_gray,True
145,1,inverted_color,False,False,True,168.31586499984041,True,20.879950000107783,True,raw_gray,True
145,1,logo,True,True,True,137.05798399996638,True,21.29061499999807,True,raw_gray,True
145,1,styled,True,True,True,141.87200700007452,True,19.065296999997372,True,raw_gray,True
145,1,ascii,False,False,True,31.829939999852286,True,6.456526999954804,True,raw_gray,True
146,1,plain,True,True,True,201.40416000003825,True,45.15155799981585,True,raw_gray,True
146,1,inverted_color,False,False,True,138.07087099985438,True,39.62734600008844,True,raw_gray,True
146,1,logo,False,True,True,322.01847299984365,True,83.6651960000836,True,raw_gray,True
146,1,styled,True,True,True,261.82364199985386,True,45.859709000069415,True,raw_gray,True
146,1,ascii,False,True,True,201.88389300005838,True,35.08698900009222,True,raw_gray,True
147,1,plain,True,True,True,40.92961100013781,True,7.8456139999616425,True,raw_gray,True
147,1,inverted_color,False,False,True,73.306347000198,True,16.01578400004655,True,raw_gray,True
147,1,logo,True,True,True,140.702741000041,True,7.239002000005712,True,raw_gray,True
147,1,styled,True,True,True,56.36071100002482,True,14.1941859999406,True,raw_gray,True
147,1,ascii,False,False,True,67.72019799996087,True,4.869245999998384,True,raw_gray,True
148,1,plain,True,True,True,50.18548199996076,True,6.934329999921829,True,raw_gray,True
148,1,inverted_color,False,False,True,47.21324800016191,True,7.941629000015382,True,raw_gray,True
148,1,logo,True,True,True,67.57969299997058,True,15.889396999909877,True,raw_gray,True
148,1,styled,True,True,True,162.8385609999441,True,26.010128000052646,True,raw_gray,True
148,1,ascii,True,True,True,64.69582699992316,True,5.94393599999421,True,raw_gray,True
149,1,plain,True,True,True,87.54418599983183,True,18.37608799996815,True,raw_gray,True
149,1,inverted_color,False,False,True,96.2819449998733,True,9.4351939999342,True,raw_gray,True
149,1,logo,False,True,True,137.639967000041,True,31.288531000200237,True,raw_gray,True
149,1,styled,True,True,True,263.3995740000046,True,73.67205600007765,True,raw_gray,True
149,1,ascii,False,True,True,106.67295500002183,True,23.25834900011614,True,raw_gray,True
150,1,plain,True,True,True,100.72433900018041,True,9.305317999860563,True,raw_gray,True
150,1,inverted_color,False,False,True,63.87932100005855,True,6.93070599982093,True,raw_gray,True
150,1,logo,True,True,True,120.47904099995321,True,14.625427000055424,True,raw_gray,True
150,1,styled,True,True,True,130.63806800005295,True,10.536091999938435,True,raw_gray,True
150,1,ascii,True,True,True,54.43055299997468,True,16.47591999994802,True,raw_gray,True
151,1,plain,True,True,True,60.33188900005371,True,12.189315999876271,True,raw_gray,True
151,1,inverted_color,False,False,True,64.00043300004654,True,21.2444730000243,True,raw_gray,True
151,1,logo,True,True,True,78.3335270000407,True,18.195433999835586,True,raw_gray,True
151,1,styled,True,True,True,152.2718509997958,True,20.856310999988636,True,raw_gray,True
151,1,ascii,False,False,True,65.8440210002027,True,14.46996599997874,True,raw_gray,True
152,1,plain,True,True,True,80.15616000011505,True,19.129383999825222,True,raw_gray,True
152,1,inverted_color,False,False,True,142.03334000012546,True,11.549140999932206,True,raw_gray,True
152,1,logo,False,True,True,96.04222100006155,True,31.853417999855083,True,raw_gray,True
152,1,styled,True,True,True,199.32254200011812,True,42.21601600011127,True,raw_gray,True
152,1,ascii,True,True,True,100.31495400016865,True,6.196713000008458,True,raw_gray,True
153,1,plain,True,True,True,100.28345200021249,True,14.911906999941493,True,raw_gray,True
153,1,inverted_color,False,False,True,98.97595799998271,True,14.160726999989492,True,raw_gray,True
153,1,logo,True,True,True,160.54030100008276,True,24.752561000013884,True,raw_gray,True
153,1,styled,True,True,True,90.52158800000143,True,12.999897999861787,True,raw_gray,True
153,1,ascii,True,True,True,51.989466000122775,True,6.205259999887858,True,raw_gray,True
154,1,plain,True,True,True,41.84492599983969,True,9.246956999959366,True,raw_gray,True
154,1,inverted_color,False,False,True,52.490164000118966,True,9.64509999994334,True,raw_gray,True
154,1,logo,True,True,True,117.8176959999746,True,10.444235999784723,True,raw_gray,True
154,1,styled,True,True,True,135.28122599996095,True,18.972991000055117,True,raw_gray,True
154,1,ascii,False,False,True,86.76005800020903,True,7.974829000204409,True,raw_gray,True
155,1,plain,True,True,True,84.07947499995316,True,17.19621500001267,True,raw_gray,True
155,1,inverted_color,False,False,True,46.03384099982577,True,7.760500000131287,True,raw_gray,True
155,1,logo,True,True,True,141.3734889999887,True,19.235916000070574,True,raw_gray,True
155,1,styled,True,True,True,221.62611199996718,True,57.85473900004945,True,raw_gray,True
155,1,ascii,True,True,True,105.70194599995375,True,8.897288999833108,True,raw_gray,True
156,1,plain,True,True,True,53.00261699994735,True,5.9743990000242775,True,raw_gray,True
156,1,inverted_color,False,False,True,41.998100000000704,True,9.368817999984458,True,raw_gray,True
156,1,logo,True,True,True,115.14528199995766,True,25.799296000059257,True,raw_gray,True
156,1,styled,True,True,True,93.93894099980571,True,21.285056999886365,True,raw_gray,True
156,1,ascii,False,False,True,69.06386199989356,True,11.125414000161982,True,raw_gray,True
157,1,plain,True,True,True,57.320135000054506,True,5.751619999955437,True,raw_gray,True
157,1,inverted_color,False,False,True,43.93439299997226,True,9.06641699998545,True,raw_gray,True
157,1,logo,True,True,True,53.63708699997005,True,7.090435000009165,True,raw_gray,True
157,1,styled,True,True,True,65.53510899993853,True,18.325266999909218,True,raw_gray,True
157,1,ascii,False,True,True,49.27615099995819,True,4.751403999989634,True,raw_gray,True
158,1,plain,True,True,True,56.7004370000177,True,7.999452999911227,True,raw_gray,True
158,1,inverted_color,False,False,True,62.93766900012088,True,18.126607000112926,True,raw_gray,True
158,1,logo,False,True,True,338.63922399996227,True,76.69921399997293,True,raw_gray,True
158,1,styled,True,True,True,353.54191999999784,True,87.09877199999028,True,raw_gray,True
158,1,ascii,False,True,True,186.7640420000498,True,13.425534999896627,True,raw_gray,True
159,1,plain,True,True,True,143.3634659999825,True,19.61931599998934,True,raw_gray,True
159,1,inverted_color,False,False,True,96.06113699987873,True,15.297468999960984,True,raw_gray,True
159,1,logo,True,True,True,129.0506129998903,True,15.758752000010645,True,raw_gray,True
159,1,styled,True,True,True,64.41026200013766,True,9.27825999997367,True,raw_gray,True
159,1,ascii,False,False,True,39.38575799998034,True,11.322886000016297,True,raw_gray,True
160,1,plain,True,True,True,93.3614180000859,True,9.022951999895668,True,raw_gray,True
160,1,inverted_color,False,False,True,73.19089099996745,True,10.09698699999717,True,raw_gray,True
160,1,logo,True,True,True,163.5520429999815,True,22.225267999829157,True,raw_gray,True
160,1,styled,True,True,True,118.98703500014562,True,27.445940000006885,True,raw_gray,True
160,1,ascii,False,True,True,74.23617900008139,True,15.886592000015298,True,raw_gray,True
161,1,plain,True,True,True,100.55246100000659,True,15.868885999907434,True,raw_gray,True
161,1,inverted_color,False,False,True,100.23649400000068,True,6.074973000067985,True,raw_gray,True
161,1,logo,True,True,True,64.41526200001135,True,7.044768000014301,True,raw_gray,True
161,1,styled,True,True,True,53.68363299999146,True,8.845740999959162,True,raw_gray,True
161,1,ascii,False,True,True,36.27319899987924,True,5.235860999846409,True,raw_gray,True
162,1,plain,True,True,True,90.69086400018023,True,17.707097999846155,True,raw_gray,True
162,1,inverted_color,False,False,True,163.8355310001316,True,26.047276999861424,True,raw_gray,True
162,1,logo,False,True,True,270.7783840000957,True,21.65496400016309,True,raw_gray,True
162,1,styled,True,True,True,128.27601000003597,True,45.98459199996796,True,raw_gray,True
162,1,ascii,False,True,True,96.92102999997587,True,15.42054000015014,True,raw_gray,True
163,1,plain,True,True,True,86.04928799991285,True,12.600540999983423,True,raw_gray,True
163,1,inverted_color,False,False,True,26.765742999941722,True,4.832535000105054,True,raw_gray,True
163,1,logo,True,True,True,47.760130999904504,True,6.016701999897123,True,raw_gray,True
163,1,styled,True,True,True,60.90765600015402,True,7.44419900001958,True,raw_gray,True
163,1,ascii,False,True,True,85.21452800005136,True,24.35680999997203,True,raw_gray,True
164,1,plain,True,True,True,153.02354499999637,True,31.652941000174906,True,raw_gray,True
164,1,inverted_color,False,False,True,127.37255000001824,True,24.378489999890007,True,raw_gray,True
164,1,logo,True,True,True,115.73917000009715,True,10.216582000111885,True,raw_gray,True
164,1,styled,True,True,True,179.23820500004695,True,53.62010399994688,True,raw_gray,True
164,1,ascii,True,True,True,61.24606000003041,True,6.084537999868189,True,raw_gray,True
165,1,plain,True,True,True,66.51623900006598,True,8.920214999989184,True,raw_gray,True
165,1,inverted_color,False,False,True,37.03891800000747,True,4.74618700013707,True,raw_gray,True
165,1,logo,True,True,True,47.318505000021105,True,6.837858999915625,True,raw_gray,True
165,1,styled,True,True,True,80.5716150000535,True,7.287333000022045,True,raw_gray,True
165,1,ascii,False,True,True,48.19403299984515,True,4.0343689997826,True,raw_gray,True
166,1,plain,True,True,True,47.155313000075694,True,5.012024000052406,True,raw_gray,True
166,1,inverted_color,False,False,True,25.774676000082763,True,4.562817000078212,True,raw_gray,True
166,1,logo,True,True,True,40.31592499995895,True,17.79782400012664,True,raw_gray,True
166,1,styled,True,True,True,43.6939229998643,True,7.017858000153865,True,raw_gray,True
166,1,ascii,False,False,True,23.360861999890403,True,5.165562000001955,True,raw_gray,True
167,1,plain,True,True,True,56.26293800014537,True,5.943046000083996,True,raw_gray,True
167,1,inverted_color,False,False,True,36.273752999932185,True,5.813875000058033,True,raw_gray,True
167,1,logo,True,True,True,82.71395699989625,True,8.422575999929904,True,raw_gray,True
167,1,styled,True,True,True,83.46249400005945,True,11.471726000081617,True,raw_gray,True
167,1,ascii,False,False,True,47.090856000068015,True,5.129935000013575,True,raw_gray,True
168,1,plain,True,True,True,34.781350999992355,True,4.860109999981432,True,raw_gray,True
168,1,inverted_color,False,False,True,34.049729999878764,True,8.193325999855006,True,raw_gray,True
168,1,logo,True,True,True,50.188913999818396,True,7.339463000107571,True,raw_gray,True
168,1,styled,True,True,True,62.30342300000302,True,8.7056439999742,True,raw_gray,True
168,1,ascii,False,True,True,38.073589999839896,True,5.06338499985759,True,raw_gray,True
169,1,plain,True,True,True,42.734494000114864,True,15.490796999984013,True,raw_gray,True
169,1,inverted_color,False,False,True,59.02538899999854,True,5.854428000020562,True,raw_gray,True
169,1,logo,True,True,True,66.07048499995472,True,12.422656999888204,True,raw_gray,True
169,1,styled,True,True,True,77.74276100008137,True,22.818646000132503,True,raw_gray,True
169,1,ascii,False,False,True,51.19410600013907,True,10.17239799989511,True,raw_gray,True
170,1,plain,True,True,True,50.806989999955476,True,6.039522000037323,True,raw_gray,True
170,1,inverted_color,False,False,True,28.60184499991192,True,11.317793999978676,True,raw_gray,True
170,1,logo,True,True,True,63.05949700004021,True,8.8212680000197,True,raw_gray,True
170,1,styled,True,True,True,69.53820400008226,True,13.289454000187106,True,raw_gray,True
170,1,ascii,False,True,True,37.099399999988236,True,4.822250999950484,True,raw_gray,True
171,1,plain,True,True,True,42.35484200012252,True,14.456130999860761,True,raw_gray,True
171,1,inverted_color,False,False,True,27.16031699992527,True,5.764668999972855,True,raw_gray,True
171,1,logo,True,True,True,56.631854999977804,True,9.228114000052301,True,raw_gray,True
171,1,styled,True,True,True,60.62905900012083,True,12.959794000153124,True,raw_gray,True
171,1,ascii,False,True,True,40.33673100002488,True,6.085149000000456,True,raw_gray,True
172,1,plain,True,True,True,54.15324899990992,True,7.066703999953461,True,raw_gray,True
172,1,inverted_color,False,False,True,32.25650400008817,True,7.247968000001492,True,raw_gray,True
172,1,logo,True,True,True,82.1904629999608,True,9.867644999985714,True,raw_gray,True
172,1,styled,True,True,True,73.57693600010862,True,12.717693999775292,True,raw_gray,True
172,1,ascii,True,True,True,42.97525599986329,True,6.114364999803001,True,raw_gray,True
173,1,plain,True,True,True,40.82812000001468,True,5.691856000112239,True,raw_gray,True
173,1,inverted_color,False,False,True,51.336788000071465,True,5.908055999952921,True,raw_gray,True
173,1,logo,True,True,True,50.92405900018093,True,6.9993539998449705,True,raw_gray,True
173,1,styled,True,True,True,53.17018499999904,True,9.243729999980133,True,raw_gray,True
173,1,ascii,False,False,True,26.991857999973945,True,4.940407000049163,True,raw_gray,True
174,1,plain,True,True,True,48.821161999967444,True,7.3340890000963554,True,raw_gray,True
174,1,inverted_color,False,False,True,33.91709099992113,True,6.825718000072811,True,raw_gray,True
174,1,logo,True,True,True,66.4736929998071,True,9.83894700016208,True,raw_gray,True
174,1,styled,True,True,True,69.22946400004548,True,12.544385999945007,True,raw_gray,True
174,1,ascii,True,True,True,43.16926399997101,True,5.7636910000837815,True,raw_gray,True
175,1,plain,True,True,True,34.74277999998776,True,4.689699999971708,True,raw_gray,True
175,1,inverted_color,False,False,True,53.802945999905205,True,4.9075009999342,True,raw_gray,True
175,1,logo,True,True,True,44.67351899984351,True,14.611000999821044,True,raw_gray,True
175,1,styled,True,True,True,50.479583000196726,True,7.053934999930789,True,raw_gray,True
175,1,ascii,False,False,True,58.83522399994945,True,4.259870999931081,True,raw_gray,True
176,1,plain,True,True,True,35.88048400001753,True,4.7149370000170165,True,raw_gray,True
176,1,inverted_color,False,False,True,28.157673999885446,True,4.826684000136083,True,raw_gray,True
176,1,logo,True,True,True,41.12992800014581,True,14.255224999942584,True,raw_gray,True
176,1,styled,True,True,True,43.54492299989943,True,7.199948999868866,True,raw_gray,True
176,1,ascii,False,True,True,39.622270999871034,True,4.128887999968356,True,raw_gray,True
177,1,plain,True,True,True,37.0990440001151,True,4.646045000072263,True,raw_gray,True
177,1,inverted_color,False,False,True,25.998216000061802,True,4.832673999999315,True,raw_gray,True
177,1,logo,True,True,True,45.768551000037405,True,6.115158000056908,True,raw_gray,True
177,1,styled,True,True,True,47.97250100000383,True,7.247088999974949,True,raw_gray,True
177,1,ascii,False,True,True,40.10048299983282,True,4.065437000008387,True,raw_gray,True
178,1,plain,True,True,True,41.953035999995336,True,6.034016000057818,True,raw_gray,True
178,1,inverted_color,False,False,True,40.700440999899,True,5.680166000047393,True,raw_gray,True
178,1,logo,True,True,True,51.88047999990886,True,6.906721999939691,True,raw_gray,True
178,1,styled,True,True,True,53.52702199979831,True,9.507073999884597,True,raw_gray,True
178,1,ascii,False,False,True,27.088255000080608,True,5.204159000186337,True,raw_gray,True
179,1,plain,True,True,True,55.153293000103076,True,7.388229000071078,True,raw_gray,True
179,1,inverted_color,False,False,True,34.595475000060105,True,7.352736000029836,True,raw_gray,True
179,1,logo,True,True,True,75.27464700001474,True,9.744886000135011,True,raw_gray,True
179,1,styled,True,True,True,79.83360299999731,True,12.754869999980656,True,raw_gray,True
179,1,ascii,True,True,True,40.424935999908485,True,5.587072000025728,True,raw_gray,True
180,1,plain,True,True,True,41.72101099993597,True,5.711321000035241,True,raw_gray,True
180,1,inverted_color,False,False,True,27.73961100001543,True,5.872933000091507,True,raw_gray,True
180,1,logo,True,True,True,58.240254000111236,True,8.225677999917025,True,raw_gray,True
180,1,styled,True,True,True,61.41329599995515,True,10.65582599994741,True,raw_gray,True
180,1,ascii,False,False,True,27.235637000103452,True,5.0224169999637525,True,raw_gray,True
181,1,plain,True,True,True,48.737055999936274,True,6.932630999926914,True,raw_gray,True
181,1,inverted_color,False,False,True,37.90780500003166,True,7.131964000109292,True,raw_gray,True
181,1,logo,True,True,True,64.7678730001644,True,10.121762000153467,True,raw_gray,True
181,1,styled,True,True,True,71.16440699996929,True,13.799729000083971,True,raw_gray,True
181,1,ascii,True,True,True,41.41850900009558,True,6.061080000108632,True,raw_gray,True
182,1,plain,True,True,True,98.44393299999865,True,19.31601700016472,True,raw_gray,True
182,1,inverted_color,False,False,True,76.39448999998422,True,15.446850999978778,True,raw_gray,True
182,1,logo,False,True,True,165.2955170000041,True,32.81052400006956,True,raw_gray,True
182,1,styled,True,True,True,146.15192700011903,True,31.214667999847734,True,raw_gray,True
182,1,ascii,True,True,True,67.59767099993041,True,20.562893000033,True,raw_gray,True
183,1,plain,True,True,True,66.26995800002078,True,13.30153200001405,True,raw_gray,True
183,1,inverted_color,False,False,True,86.14339800010384,True,9.516101999906823,True,raw_gray,True
183,1,logo,False,True,True,112.1863900000335,True,17.47499099997185,True,raw_gray,True
183,1,styled,True,True,True,136.014466000006,True,25.044492999995782,True,raw_gray,True
183,1,ascii,False,True,True,45.39457800001401,True,7.771851999905266,True,raw_gray,True
184,1,plain,True,True,True,46.380929999941145,True,5.836600000066028,True,raw_gray,True
184,1,inverted_color,False,False,True,29.006547000108185,True,5.96161800012851,True,raw_gray,True
184,1,logo,True,True,True,55.50045199993292,True,7.295582000097056,True,raw_gray,True
184,1,styled,True,True,True,94.18966900011583,True,8.437203000084992,True,raw_gray,True
184,1,ascii,False,False,True,35.92861099991751,True,4.889730000058989,True,raw_gray,True
185,1,plain,True,True,True,36.41665000009198,True,4.754051999952935,True,raw_gray,True
185,1,inverted_color,False,False,True,45.28977900008613,True,4.718678000017462,True,raw_gray,True
185,1,logo,True,True,True,60.931767000056425,True,16.438730000118085,True,raw_gray,True
185,1,styled,True,True,True,78.44177000015407,True,8.780569000009564,True,raw_gray,True
185,1,ascii,False,True,True,32.93092100011563,True,4.004647000101613,True,raw_gray,True
186,1,plain,True,True,True,55.97087200021633,True,8.802574999890567,True,raw_gray,True
186,1,inverted_color,False,False,True,30.444480000141994,True,5.620737999834091,True,raw_gray,True
186,1,logo,True,True,True,57.1546619999026,True,7.1467360000951885,True,raw_gray,True
186,1,styled,True,True,True,55.070241000066744,True,11.01762400003281,True,raw_gray,True
186,1,ascii,False,True,True,35.05509900014658,True,5.108268999947541,True,raw_gray,True
187,1,plain,True,True,True,40.9074059998602,True,5.928700000140452,True,raw_gray,True
187,1,inverted_color,False,False,True,29.22649799984356,True,5.430735000118148,True,raw_gray,True
187,1,logo,True,True,True,50.37077799988765,True,7.063539999990098,True,raw_gray,True
187,1,styled,True,True,True,60.80020800004604,True,9.840239999903133,True,raw_gray,True
187,1,ascii,False,True,True,38.072609999971974,True,5.029032000038569,True,raw_gray,True
188,1,plain,True,True,True,92.24019100020087,True,8.35614299990084,True,raw_gray,True
188,1,inverted_color,False,False,True,48.400421999986065,True,11.760150999862162,True,raw_gray,True
188,1,logo,False,True,True,123.35938399996849,True,18.90211099998851,True,raw_gray,True
188,1,styled,True,True,True,139.40196599992305,True,32.41952400003356,True,raw_gray,True
188,1,ascii,False,True,True,57.38469399989299,True,14.98499600006653,True,raw_gray,True
189,1,plain,True,True,True,35.672612000098525,True,4.584579000038502,True,raw_gray,True
189,1,inverted_color,False,False,True,29.26483700002791,True,12.60417900016364,True,raw_gray,True
189,1,logo,True,True,True,75.07661199997528,True,13.834721999955946,True,raw_gray,True
189,1,styled,True,True,True,55.373728999938976,True,7.747069000060947,True,raw_gray,True
189,1,ascii,False,True,True,35.44415800001843,True,4.217833999973664,True,raw_gray,True
190,1,plain,True,True,True,58.86780300011196,True,8.79204100010611,True,raw_gray,True
190,1,inverted_color,False,False,True,59.862243999987186,True,7.10805300013817,True,raw_gray,True
190,1,logo,True,True,True,79.03888200007714,True,9.22513900013655,True,raw_gray,True
190,1,styled,True,True,True,70.87852099994052,True,14.657922000196777,True,raw_gray,True
190,1,ascii,True,True,True,58.077659999980824,True,5.866065999953207,True,raw_gray,True
191,1,plain,True,True,True,66.8476069999997,True,9.272542999951838,True,raw_gray,True
191,1,inverted_color,False,False,True,46.52144700003191,True,18.585459999940213,True,raw_gray,True
191,1,logo,False,True,True,135.2861729999404,True,18.94906299980903,True,raw_gray,True
191,1,styled,True,True,True,131.22230800013313,True,32.99995999987004,True,raw_gray,True
191,1,ascii,False,True,True,119.13659399988319,True,15.407635999963532,True,raw_gray,True
192,1,plain,True,True,True,79.63982299997951,True,7.134689999929833,True,raw_gray,True
192,1,inverted_color,False,False,True,72.90555899999163,True,15.551488000028257,True,raw_gray,True
192,1,logo,False,True,True,261.9783729999199,True,36.98532399994292,True,raw_gray,True
192,1,styled,True,True,True,231.02336099987042,True,61.798223000096186,True,raw_gray,True
192,1,ascii,True,True,True,96.15688999997474,True,14.290976999973282,True,raw_gray,True
193,1,plain,True,True,True,102.65582300007736,True,11.198186999990867,True,raw_gray,True
193,1,inverted_color,False,False,True,52.33144899989384,True,11.158048999959647,True,raw_gray,True
193,1,logo,True,True,True,125.37953899982313,True,14.646552000158408,True,raw_gray,True
193,1,styled,True,True,True,117.92264999985491,True,31.541824000214547,True,raw_gray,True
193,1,ascii,False,True,True,68.80311700001585,True,12.649955999904705,True,raw_gray,True
194,1,plain,True,True,True,90.05729699993026,True,29.84010499994838,True,raw_gray,True
194,1,inverted_color,False,False,True,57.35546000005343,True,5.908106999868323,True,raw_gray,True
194,1,logo,True,True,True,51.700232000030155,True,7.770476999894527,True,raw_gray,True
194,1,styled,True,True,True,87.87904499990873,True,23.39318200006346,True,raw_gray,True
194,1,ascii,False,True,True,78.79795300004844,True,11.330600000064805,True,raw_gray,True
195,1,plain,True,True,True,75.96577999993315,True,11.01800100013861,True,raw_gray,True
195,1,inverted_color,False,False,True,76.53175899986309,True,4.745614999819736,True,raw_gray,True
195,1,logo,True,True,True,69.06361899996227,True,12.304925000080402,True,raw_gray,True
195,1,styled,True,True,True,100.80431799997314,True,28.361640999946758,True,raw_gray,True
195,1,ascii,False,False,True,48.78236799982005,True,5.843024000114383,True,raw_gray,True
196,1,plain,True,True,True,107.96644400011246,True,12.601876999951855,True,raw_gray,True
196,1,inverted_color,False,False,True,46.46832999992512,True,8.668689000160157,True,raw_gray,True
196,1,logo,True,True,True,67.49294399992323,True,9.355965000167998,True,raw_gray,True
196,1,styled,True,True,True,86.55209600010494,True,12.40932999985489,True,raw_gray,True
196,1,ascii,False,True,True,36.647797000114224,True,5.793599000071481,True,raw_gray,True
197,1,plain,True,True,True,67.51750600005835,True,9.616152000035072,True,raw_gray,True
197,1,inverted_color,False,False,True,100.89668099999471,True,10.039275000053749,True,raw_gray,True
197,1,logo,False,True,True,165.63605800001824,True,20.017346000031466,True,raw_gray,True
197,1,styled,True,True,True,142.03186600002482,True,41.99652799979958,True,raw_gray,True
197,1,ascii,False,True,True,57.76403899994875,True,9.4701839998379,True,raw_gray,True
198,1,plain,True,True,True,52.8091180001411,True,11.520310999912908,True,raw_gray,True
198,1,inverted_color,False,False,True,41.17633600003501,True,7.375927999873966,True,raw_gray,True
198,1,logo,True,True,True,75.97221100013485,True,9.756635000030656,True,raw_gray,True
198,1,styled,True,True,True,84.53620599993883,True,13.099124000063966,True,raw_gray,True
198,1,ascii,True,True,True,50.17936199988071,True,5.9068890000162355,True,raw_gray,True
199,1,plain,True,True,True,49.70133100005114,True,6.665216999863333,True,raw_gray,True
199,1,inverted_color,False,False,True,28.89128700007859,True,6.044012000074872,True,raw_gray,True
199,1,logo,True,True,True,56.540420000146696,True,7.342654000012772,True,raw_gray,True
199,1,styled,True,True,True,68.49026700001559,True,9.33390000000145,True,raw_gray,True
199,1,ascii,False,False,True,34.85905700017611,True,4.996698000013566,True,raw_gray,True
200,1,plain,True,True,True,37.36985299997286,True,4.493947000128173,True,raw_gray,True
200,1,inverted_color,False,False,True,24.42066599996906,True,4.9509769999076525,True,raw_gray,True
200,1,logo,True,True,True,41.25009099993804,True,6.483537999883993,True,raw_gray,True
200,1,styled,True,True,True,47.341286000119,True,7.576666000204568,True,raw_gray,True
200,1,ascii,False,False,True,25.803920000043945,True,4.268367999884504,True,raw_gray,True
201,1,plain,True,True,True,51.14232399978391,True,7.61520100013513,True,raw_gray,True
201,1,inverted_color,False,False,True,32.05017400000543,True,7.700756000076581,True,raw_gray,True
201,1,logo,True,True,True,69.55764099984663,True,10.249905999899056,True,raw_gray,True
201,1,styled,True,True,True,78.77552399986598,True,13.336734999938926,True,raw_gray,True
201,1,ascii,True,True,True,45.076545000029,True,6.141399000171077,True,raw_gray,True
202,1,plain,True,True,True,50.10175799998251,True,6.498545000113154,True,raw_gray,True
202,1,inverted_color,False,False,True,27.579252999885284,True,6.081384000026446,True,raw_gray,True
202,1,logo,True,True,True,69.6301619998394,True,7.674704999999449,True,raw_gray,True
202,1,styled,True,True,True,63.46130599990829,True,8.892466999895987,True,raw_gray,True
202,1,ascii,False,False,True,34.889480999936495,True,4.82680100003563,True,raw_gray,True
203,1,plain,True,True,True,52.72216000003027,True,6.307830999958242,True,raw_gray,True
203,1,inverted_color,False,False,True,29.12485399997422,True,6.02565000008326,True,raw_gray,True
203,1,logo,True,True,True,61.01376900005562,True,7.811087999925803,True,raw_gray,True
203,1,styled,True,True,True,56.43072199995913,True,9.026574000017717,True,raw_gray,True
203,1,ascii,False,True,True,40.127565999910075,True,5.701156999975865,True,raw_gray,True
204,1,plain,True,True,True,51.11854200004018,True,6.934365999995862,True,raw_gray,True
204,1,inverted_color,False,False,True,47.575389000030555,True,7.959701999880053,True,raw_gray,True
204,1,logo,True,True,True,71.65869999994356,True,9.90390800006935,True,raw_gray,True
204,1,styled,True,True,True,83.5437399998682,True,13.330119000102059,True,raw_gray,True
204,1,ascii,True,True,True,45.474668999986534,True,6.455954999864844,True,raw_gray,True
205,1,plain,True,True,True,81.75871200000984,True,4.5575149999876885,True,raw_gray,True
205,1,inverted_color,False,False,True,32.94427700006963,True,4.940582999779508,True,raw_gray,True
205,1,logo,True,True,True,62.013250000063636,True,7.17181699997127,True,raw_gray,True
205,1,styled,True,True,True,55.86282199988091,True,8.888355999943087,True,raw_gray,True
205,1,ascii,False,True,True,33.10440999985076,True,4.274256000144305,True,raw_gray,True
206,1,plain,True,True,True,42.46146700006648,True,13.661472000194408,True,raw_gray,True
206,1,inverted_color,False,False,True,30.11762899996029,True,5.903121000073952,True,raw_gray,True
206,1,logo,True,True,True,65.42153999998845,True,8.115246999977899,True,raw_gray,True
206,1,styled,True,True,True,59.40665499997522,True,17.5265349998881,True,raw_gray,True
206,1,ascii,False,True,True,39.41046299996742,True,5.450850999977774,True,raw_gray,True
207,1,plain,True,True,True,36.05329299989535,True,10.656135999852268,True,raw_gray,True
207,1,inverted_color,False,False,True,30.70174900017264,True,4.963717000009638,True,raw_gray,True
207,1,logo,True,True,True,40.39019699985147,True,6.169299000021056,True,raw_gray,True
207,1,styled,True,True,True,43.04967400003079,True,7.278792999841244,True,raw_gray,True
207,1,ascii,False,False,True,24.664851999887105,True,4.091588999926898,True,raw_gray,True
208,1,plain,True,True,True,66.079388000162,True,9.814015000074505,True,raw_gray,True
208,1,inverted_color,False,False,True,46.80301099983808,True,10.10048399984953,True,raw_gray,True
208,1,logo,False,True,True,147.27122399995096,True,21.064897000087512,True,raw_gray,True
208,1,styled,True,True,True,149.26665200005118,True,27.49967599993397,True,raw_gray,True
208,1,ascii,False,False,True,55.53239500000018,True,8.098739999923055,True,raw_gray,True
209,1,plain,True,True,True,47.40484999979344,True,6.14311499998621,True,raw_gray,True
209,1,inverted_color,False,False,True,29.54835099990305,True,6.045796000080372,True,raw_gray,True
209,1,logo,True,True,True,51.72357599985844,True,7.665810999924361,True,raw_gray,True
209,1,styled,True,True,True,54.38557600018612,True,8.807516999922882,True,raw_gray,True
209,1,ascii,False,True,True,36.965315999850645,True,4.924024000047211,True,raw_gray,True
210,1,plain,True,True,True,36.621710999952484,True,4.6262850000857725,True,raw_gray,True
210,1,inverted_color,False,False,True,25.64702900008342,True,4.535298000064358,True,raw_gray,True
210,1,logo,True,False,True,47.13259899995137,True,5.915009999853282,True,raw_gray,True
210,1,styled,True,False,True,45.469483000033506,True,6.886167999937243,True,raw_gray,True
210,1,ascii,False,True,True,31.73055399997793,True,4.4752680000783585,True,raw_gray,True
211,1,plain,True,True,True,49.2826669999431,True,6.787819999999556,True,raw_gray,True
211,1,inverted_color,False,False,True,32.39168899995093,True,6.907439000087834,True,raw_gray,True
211,1,logo,False,True,True,105.84952299996075,True,15.47814099990319,True,raw_gray,True
211,1,styled,True,True,True,122.73993100006919,True,20.70660399999724,True,raw_gray,True
211,1,ascii,True,True,True,41.90746599988415,True,6.053796999822225,True,raw_gray,True
212,1,plain,True,True,True,36.98945399992226,True,4.3992799999159615,True,raw_gray,True
212,1,inverted_color,False,False,True,25.589887000023737,True,5.194736000021294,True,raw_gray,True
212,1,logo,True,True,True,46.00651000009748,True,5.99608199991053,True,raw_gray,True
212,1,styled,True,True,True,59.57781199981582,True,28.552015000059328,True,raw_gray,True
212,1,ascii,False,True,True,85.84149000012076,True,12.345366999852558,True,raw_gray,True
213,1,plain,True,True,True,124.22608599990781,True,21.022806000019045,True,raw_gray,True
213,1,inverted_color,False,False,True,101.58990400009316,True,17.08239799995681,True,raw_gray,True
213,1,logo,True,True,True,143.6780250000993,True,18.659181000202807,True,raw_gray,True
213,1,styled,True,True,True,97.72170199994434,True,27.149060000056124,True,raw_gray,True
213,1,ascii,False,True,True,117.00426900006278,True,16.437088999964544,True,raw_gray,True
214,1,plain,True,True,True,134.75599200000943,True,16.765070000019477,True,raw_gray,True
214,1,inverted_color,False,False,True,87.60174300005019,True,24.439332999918406,True,raw_gray,True
214,1,logo,True,True,True,164.62791200001448,True,21.406198999784465,True,raw_gray,True
214,1,styled,True,True,True,129.51573300006203,True,8.481083999868133,True,raw_gray,True
214,1,ascii,False,True,True,55.451812000001155,True,11.525632000029873,True,raw_gray,True
215,1,plain,True,True,True,121.15034500016009,True,14.927665000186607,True,raw_gray,True
215,1,inverted_color,False,False,True,50.46870899991518,True,8.808977999933632,True,raw_gray,True
215,1,logo,True,True,True,112.9134550001254,True,17.94465299985859,True,raw_gray,True
215,1,styled,True,True,True,100.91473600004974,True,10.52423600003749,True,raw_gray,True
215,1,ascii,False,True,True,60.81669500008502,True,8.313679999901069,True,raw_gray,True
216,1,plain,True,True,True,132.14331099993615,True,18.248893999952998,True,raw_gray,True
216,1,inverted_color,False,False,True,36.376180999923236,True,16.225738999992245,True,raw_gray,True
216,1,logo,True,True,True,108.37199499997041,True,15.932916000110708,True,raw_gray,True
216,1,styled,True,True,True,143.67297900002995,True,42.64743199996701,True,raw_gray,True
216,1,ascii,False,False,True,59.22399300015968,True,9.336368000049333,True,raw_gray,True
217,1,plain,True,True,True,53.62493799998447,True,5.891788999861092,True,raw_gray,True
217,1,inverted_color,False,False,True,35.51976099993226,True,6.006231999890588,True,raw_gray,True
217,1,logo,True,True,True,53.662714999973105,True,7.19610900000589,True,raw_gray,True
217,1,styled,True,True,True,67.78210900006343,True,8.937881000065317,True,raw_gray,True
217,1,ascii,False,True,True,39.67908000004172,True,9.155229000043619,True,raw_gray,True
218,1,plain,True,True,True,55.787515000019994,True,5.763872999978048,True,raw_gray,True
218,1,inverted_color,False,False,True,29.757922000044346,True,5.916286000001492,True,raw_gray,True
218,1,logo,True,True,True,67.65368899982604,True,6.995651999886832,True,raw_gray,True
218,1,styled,True,True,True,67.62583399995492,True,8.639972000082707,True,raw_gray,True
218,1,ascii,False,False,True,37.802011999929164,True,4.878767000036532,True,raw_gray,True
219,1,plain,True,True,True,53.727319000017815,True,4.743741999845952,True,raw_gray,True
219,1,inverted_color,False,False,True,24.935678000019834,True,4.8332470000787,True,raw_gray,True
219,1,logo,True,True,True,65.29841800011127,True,11.152309000181049,True,raw_gray,True
219,1,styled,True,True,True,88.1876830001147,True,13.82841899999221,True,raw_gray,True
219,1,ascii,False,True,True,32.97269600011532,True,4.075861000046643,True,raw_gray,True
220,1,plain,True,True,True,42.48496900004284,True,5.933395000056407,True,raw_gray,True
220,1,inverted_color,False,False,True,27.77624400005152,True,5.92898700006117,True,raw_gray,True
220,1,logo,True,True,True,50.63179900002979,True,7.127929000034783,True,raw_gray,True
220,1,styled,True,True,True,52.08576900008666,True,8.292518999951426,True,raw_gray,True
220,1,ascii,False,True,True,47.662792999972226,True,5.068460999837043,True,raw_gray,True
221,1,plain,True,True,True,43.396409000024505,True,6.017812999971284,True,raw_gray,True
221,1,inverted_color,False,False,True,25.99440099993444,True,15.364337999926647,True,raw_gray,True
221,1,logo,True,True,True,57.49191600011727,True,9.406266000041796,True,raw_gray,True
221,1,styled,True,True,True,76.20259899999837,True,10.857701999839264,True,raw_gray,True
221,1,ascii,False,True,True,37.15157200008434,True,4.621470000074623,True,raw_gray,True
222,1,plain,True,True,True,46.88234300010663,True,5.893571999877167,True,raw_gray,True
222,1,inverted_color,False,False,True,63.76390599984916,True,6.113902999913989,True,raw_gray,True
222,1,logo,True,True,True,57.13707799986878,True,17.68953300006615,True,raw_gray,True
222,1,styled,True,True,True,61.89514099992266,True,11.208769000177199,True,raw_gray,True
222,1,ascii,False,True,True,43.37575599993215,True,4.910862999849996,True,raw_gray,True
223,1,plain,True,True,True,330.06875900014165,True,70.61312400014685,True,raw_gray,True
223,1,inverted_color,False,False,True,200.19925399992644,True,68.90269399991666,True,raw_gray,True
223,1,logo,True,True,True,950.7674789999783,True,139.34104200006914,True,raw_gray,True
223,1,styled,True,True,True,884.2422330001227,True,135.9749539999484,True,raw_gray,True
223,1,ascii,False,True,True,380.16458600009173,True,50.575388999959614,True,raw_gray,True
224,1,plain,True,True,True,109.85480999988795,True,21.473861000004035,True,raw_gray,True
224,1,inverted_color,False,False,True,111.03056199999628,True,18.072934999963763,True,raw_gray,True
224,1,logo,True,True,True,80.664249000165,True,16.713669999944614,True,raw_gray,True
224,1,styled,True,True,True,92.8925610000988,True,16.484029999901395,True,raw_gray,True
224,1,ascii,True,True,True,64.34397399993941,True,18.128950999880544,True,raw_gray,True
225,1,plain,True,True,True,81.73932699992292,True,9.616106000066793,True,raw_gray,True
225,1,inverted_color,False,False,True,93.64546999995582,True,8.520337999925687,True,raw_gray,True
225,1,logo,False,True,True,133.0595260001246,True,17.321227999900657,True,raw_gray,True
225,1,styled,True,True,True,130.19508399997903,True,24.865656999963903,True,raw_gray,True
225,1,ascii,False,True,True,55.504724999991595,True,10.492579000128899,True,raw_gray,True
226,1,plain,True,True,True,42.84541300012279,True,5.5323250001038105,True,raw_gray,True
226,1,inverted_color,False,False,True,28.827365000097416,True,5.291272000022218,True,raw_gray,True
226,1,logo,True,True,True,56.665197000029366,True,8.30206000000544,True,raw_gray,True
226,1,styled,True,True,True,61.22273899995889,True,10.902845999908095,True,raw_gray,True
226,1,ascii,False,True,True,40.480550999973275,True,4.9655810000786005,True,raw_gray,True
227,1,plain,True,True,True,55.15213299986499,True,5.5171530000279745,True,raw_gray,True
227,1,inverted_color,False,False,True,27.709201000106987,True,6.336628000099154,True,raw_gray,True
227,1,logo,True,True,True,50.10639700003594,True,7.447610999861354,True,raw_gray,True
227,1,styled,True,True,True,52.692919999799415,True,9.17029599986563,True,raw_gray,True
227,1,ascii,False,True,True,37.075964999985445,True,4.780417999882047,True,raw_gray,True
228,1,plain,True,True,True,59.29353200008336,True,7.997064999926806,True,raw_gray,True
228,1,inverted_color,False,False,True,45.64072299990585,True,8.265350999863585,True,raw_gray,True
228,1,logo,False,True,True,117.78680199995506,True,17.580714000132502,True,raw_gray,True
228,1,styled,True,True,True,118.96226399994703,True,24.052188000041497,True,raw_gray,True
228,1,ascii,False,True,True,47.29045700014467,True,7.069143999842709,True,raw_gray,True
229,1,plain,True,True,True,92.81441999996787,True,14.325022000093668,True,raw_gray,True
229,1,inverted_color,False,False,True,73.51605899998503,True,17.54847500001233,True,raw_gray,True
229,1,logo,False,True,True,164.26989199999298,True,22.75588899988179,True,raw_gray,True
229,1,styled,True,True,True,172.46476899981644,True,32.308979999925214,True,raw_gray,True
229,1,ascii,True,True,True,75.5343730002096,True,23.796191999963412,True,raw_gray,True
230,1,plain,True,True,True,69.79604399998607,True,12.225335000039195,True,raw_gray,True
230,1,inverted_color,False,False,True,102.27744999997412,True,5.891652999935104,True,raw_gray,True
230,1,logo,True,True,True,62.02399299991157,True,8.166769999888857,True,raw_gray,True
230,1,styled,True,True,True,60.44028699989212,True,10.506881000083013,True,raw_gray,True
230,1,ascii,False,False,True,26.443355000083102,True,4.957771999897886,True,raw_gray,True
231,1,plain,True,True,True,67.90856600014195,True,10.225944000012532,True,raw_gray,True
231,1,inverted_color,False,False,True,86.94804599986128,True,9.948855999937223,True,raw_gray,True
231,1,logo,False,True,True,173.85525800000323,True,23.05802999990192,True,raw_gray,True
231,1,styled,True,True,True,171.14635600000838,True,40.97010300006332,True,raw_gray,True
231,1,ascii,False,False,True,58.23714400003155,True,16.13413999984914,True,raw_gray,True
232,1,plain,True,True,True,39.013201999978264,True,4.6900190000087605,True,raw_gray,True
232,1,inverted_color,False,False,True,25.39533700019092,True,4.755023999905461,True,raw_gray,True
232,1,logo,True,True,True,48.759268000139855,True,10.268820999954187,True,raw_gray,True
232,1,styled,True,True,True,46.45010700005514,True,7.718423000142138,True,raw_gray,True
232,1,ascii,False,True,True,32.50605200014434,True,4.137687999900663,True,raw_gray,True
233,1,plain,True,True,True,41.45866300018497,True,5.539934999887919,True,raw_gray,True
233,1,inverted_color,False,False,True,34.43330699997205,True,5.481497000118907,True,raw_gray,True
233,1,logo,True,True,True,65.47558500005835,True,9.525602999929106,True,raw_gray,True
233,1,styled,True,True,True,124.36212600005092,True,42.53218899998501,True,raw_gray,True
233,1,ascii,False,False,True,83.20039800014456,True,12.304762999974628,True,raw_gray,True
234,1,plain,True,False,True,274.3451119999918,True,45.007439000073646,True,raw_gray,True
234,1,inverted_color,False,False,True,186.37839899997743,True,37.54836600000999,True,raw_gray,True
234,1,logo,True,True,True,266.2221640000553,True,92.1760409999024,True,raw_gray,True
234,1,styled,True,True,True,309.9603489999936,True,47.63063699988379,True,raw_gray,True
234,1,ascii,False,False,True,108.20462399988173,True,33.26810499993371,True,raw_gray,True
235,1,plain,True,True,True,43.89379100007318,True,6.358084999874336,True,raw_gray,True
235,1,inverted_color,False,False,True,30.433716999823446,True,5.654651999975613,True,raw_gray,True
235,1,logo,True,True,True,57.72475399999166,True,11.09432199996263,True,raw_gray,True
235,1,styled,True,True,True,138.604665999992,True,8.908474999998361,True,raw_gray,True
235,1,ascii,False,False,True,38.82938800006741,True,5.5133629998636025,True,raw_gray,True
236,1,plain,True,True,True,54.440619999923,True,7.7060579999397305,True,raw_gray,True
236,1,inverted_color,False,False,True,35.31343999998171,True,10.901539000087723,True,raw_gray,True
236,1,logo,True,True,True,98.95114699997976,True,28.73012700001709,True,raw_gray,True
236,1,styled,True,True,True,118.23937600001955,True,16.28703400001541,True,raw_gray,True
236,1,ascii,True,True,True,52.03290500003277,True,6.307144999937009,True,raw_gray,True
237,1,plain,True,True,True,39.015210999878036,True,5.26941800012537,True,raw_gray,True
237,1,inverted_color,False,False,True,27.44280899992191,True,4.985196000006908,True,raw_gray,True
237,1,logo,True,True,True,44.97176099994249,True,6.365729999970426,True,raw_gray,True
237,1,styled,True,True,True,44.794386999910785,True,7.02068100008546,True,raw_gray,True
237,1,ascii,False,True,True,34.71539199995277,True,4.573342999947272,True,raw_gray,True
238,1,plain,True,True,True,38.362966999784476,True,4.612106000195126,True,raw_gray,True
238,1,inverted_color,False,False,True,31.300981999947908,True,5.039305999844146,True,raw_gray,True
238,1,logo,True,True,True,43.093016000057105,True,5.782690999922124,True,raw_gray,True
238,1,styled,True,True,True,45.47443399997064,True,7.6982140001291555,True,raw_gray,True
238,1,ascii,False,True,True,34.468361000108416,True,3.975241000034657,True,raw_gray,True
239,1,plain,True,True,True,51.75683199990999,True,7.4873720000141475,True,raw_gray,True
239,1,inverted_color,False,False,True,37.49469600006705,True,7.347494999976334,True,raw_gray,True
239,1,logo,True,True,True,66.0108140000375,True,10.240536999845062,True,raw_gray,True
239,1,styled,True,True,True,68.71599500004777,True,13.201377000086723,True,raw_gray,True
239,1,ascii,True,True,True,44.47106099996745,True,6.52426400006334,True,raw_gray,True
240,1,plain,True,True,True,46.80056799998056,True,6.444094000016776,True,raw_gray,True
240,1,inverted_color,False,False,True,50.46559799984607,True,6.080719999999928,True,raw_gray,True
240,1,logo,True,True,True,55.24006999985431,True,10.496479000039471,True,raw_gray,True
240,1,styled,True,True,True,56.53624299998228,True,9.554210000032981,True,raw_gray,True
240,1,ascii,False,True,True,38.58351399981075,True,5.348662999949738,True,raw_gray,True
241,1,plain,True,True,True,38.32285299995419,True,5.117577999953937,True,raw_gray,True
241,1,inverted_color,False,False,True,25.957258999824262,True,4.946201000166184,True,raw_gray,True
241,1,logo,True,True,True,51.59658499997022,True,7.496395000089251,True,raw_gray,True
241,1,styled,True,True,True,53.758373999926334,True,9.40934800019022,True,raw_gray,True
241,1,ascii,False,True,True,34.76253600001655,True,4.398799999989933,True,raw_gray,True
242,1,plain,True,True,True,42.92234199988343,True,6.437142999857315,True,raw_gray,True
242,1,inverted_color,False,False,True,31.216326000048866,True,6.609141999888379,True,raw_gray,True
242,1,logo,True,True,True,54.87002600011692,True,7.764644000189946,True,raw_gray,True
242,1,styled,True,True,True,55.74825400003647,True,8.714725000118051,True,raw_gray,True
242,1,ascii,False,True,True,37.45363199982421,True,8.914760999914506,True,raw_gray,True
243,1,plain,True,True,True,90.16486299992721,True,15.186708000101135,True,raw_gray,True
243,1,inverted_color,False,False,True,45.32165799992072,True,8.865126000046075,True,raw_gray,True
243,1,logo,True,True,True,148.29151399999319,True,22.976618000029703,True,raw_gray,True
243,1,styled,True,True,True,101.52211300010094,True,22.27125700005672,True,raw_gray,True
243,1,ascii,False,True,True,123.89712899994265,True,12.453438999955324,True,raw_gray,True
244,1,plain,True,True,True,123.38846200009357,True,16.83669299995927,True,raw_gray,True
244,1,inverted_color,False,False,True,114.32897999998204,True,17.153331000145045,True,raw_gray,True
244,1,logo,False,False,True,295.22011099993506,True,52.707117999943875,True,raw_gray,True
244,1,styled,True,False,True,323.136550000072,True,71.0714580000058,True,raw_gray,True
244,1,ascii,False,True,True,164.63725800008433,True,30.68036700005905,True,raw_gray,True
245,1,plain,True,True,True,207.23845299994537,True,20.528259000002436,True,raw_gray,True
245,1,inverted_color,False,False,True,168.9585750000333,True,40.810474999943835,True,raw_gray,True
245,1,logo,True,True,True,366.8452370000068,True,60.37623599991093,True,raw_gray,True
245,1,styled,True,True,True,439.00976000008995,True,84.06945999990967,True,raw_gray,True
245,1,ascii,True,True,True,242.7873220001402,True,26.226649000136604,True,raw_gray,True
246,1,plain,True,True,True,213.59105599981376,True,34.2071949999081,True,raw_gray,True
246,1,inverted_color,False,False,True,170.1211689999127,True,14.074445000005653,True,raw_gray,True
246,1,logo,True,True,True,239.053573000092,True,52.26462200016613,True,raw_gray,True
246,1,styled,True,True,True,319.80232799992336,True,48.9719839999907,True,raw_gray,True
246,1,ascii,False,True,True,212.83107099998233,True,23.62594399983209,True,raw_gray,True
247,1,plain,True,True,True,177.02064199988854,True,8.588565000081871,True,raw_gray,True
247,1,inverted_color,False,False,True,40.16274400009934,True,6.005397999842899,True,raw_gray,True
247,1,logo,True,True,True,55.6545140000253,True,7.198361000064324,True,raw_gray,True
247,1,styled,True,True,True,105.96416599992153,True,31.574553999917043,True,raw_gray,True
247,1,ascii,False,False,True,75.72147599989876,True,17.285424999954557,True,raw_gray,True
248,1,plain,True,True,True,171.8975969999974,True,15.407812999910675,True,raw_gray,True
248,1,inverted_color,False,False,True,67.7512279999064,True,15.320484000085344,True,raw_gray,True
248,1,logo,True,True,True,77.06243600000562,True,8.957093999924837,True,raw_gray,True
248,1,styled,True,True,True,69.82637900000555,True,12.908053000046493,True,raw_gray,True
248,1,ascii,True,True,True,43.454623999878095,True,6.209772999909546,True,raw_gray,True
249,1,plain,True,True,True,46.37681400004112,True,6.160335000004125,True,raw_gray,True
249,1,inverted_color,False,False,True,36.278362999837555,True,6.137319000117714,True,raw_gray,True
249,1,logo,True,True,True,57.544452999991336,True,8.80395099989073,True,raw_gray,True
249,1,styled,True,True,True,60.38371500017092,True,10.720480000145471,True,raw_gray,True
249,1,ascii,False,True,True,38.25714300000982,True,5.098285000030955,True,raw_gray,True
250,1,plain,True,True,True,41.2292419998721,True,5.779677999953492,True,raw_gray,True
250,1,inverted_color,False,False,True,28.826432999949247,True,5.846415999940291,True,raw_gray,True
250,1,logo,True,True,True,50.68178400006218,True,6.945081999901959,True,raw_gray,True
250,1,styled,True,True,True,51.818507999996655,True,9.530716999961442,True,raw_gray,True
250,1,ascii,False,True,True,38.66319700000531,True,4.616479999867806,True,raw_gray,True
251,1,plain,True,True,True,45.866926999906354,True,6.098224999959712,True,raw_gray,True
251,1,inverted_color,False,False,True,30.97635800008902,True,5.879993999997168,True,raw_gray,True
251,1,logo,True,True,True,49.73221599993849,True,6.868219999887515,True,raw_gray,True
251,1,styled,True,True,True,55.08937300010075,True,9.17625300007785,True,raw_gray,True
251,1,ascii,False,True,True,41.198537000127544,True,5.333699000175329,True,raw_gray,True
252,1,plain,True,True,True,38.451179000048796,True,5.018156000005547,True,raw_gray,True
252,1,inverted_color,False,False,True,25.694684999962192,True,4.834480999988955,True,raw_gray,True
252,1,logo,True,True,True,56.6235300000244,True,8.525979000069128,True,raw_gray,True
252,1,styled,True,True,True,57.61134599993056,True,9.147202000121979,True,raw_gray,True
252,1,ascii,False,True,True,33.81560499997249,True,4.378663000125016,True,raw_gray,True
253,1,plain,True,True,True,37.46704500008491,True,4.505222000034337,True,raw_gray,True
253,1,inverted_color,False,False,True,42.857202000050165,True,4.924242000015511,True,raw_gray,True
253,1,logo,True,True,True,43.43734299982316,True,5.837452999912784,True,raw_gray,True
253,1,styled,True,True,True,46.923457000048074,True,7.377968999890072,True,raw_gray,True
253,1,ascii,False,True,True,33.555113999909736,True,4.281974000150512,True,raw_gray,True
254,1,plain,True,True,True,51.34942800009412,True,7.309463999945365,True,raw_gray,True
254,1,inverted_color,False,False,True,66.27740800013271,True,7.265739999866128,True,raw_gray,True
254,1,logo,True,True,True,66.36538399993697,True,10.896622000018397,True,raw_gray,True
254,1,styled,True,True,True,72.95570299993415,True,13.314146999846344,True,raw_gray,True
254,1,ascii,True,True,True,45.13406199998826,True,5.923407999944175,True,raw_gray,True
255,1,plain,True,True,True,94.00849300004666,True,15.67956899998535,True,raw_gray,True
255,1,inverted_color,False,False,True,63.11273500000425,True,14.953377000210821,True,raw_gray,True
255,1,logo,False,True,True,139.95818600005805,True,21.91797399996176,True,raw_gray,True
255,1,styled,True,True,True,169.2648419998477,True,38.222796000127346,True,raw_gray,True
255,1,ascii,True,True,True,84.14835899998252,True,16.0641370000576,True,raw_gray,True
256,1,plain,True,True,True,50.38304899994728,True,4.014307000034023,True,raw_gray,True
256,1,inverted_color,False,False,True,24.649691999911738,True,4.715702000112287,True,raw_gray,True
256,1,logo,True,True,True,50.97812500002874,True,7.251739999901474,True,raw_gray,True
256,1,styled,True,True,True,83.78738399983376,True,8.750979000069492,True,raw_gray,True
256,1,ascii,False,False,True,34.9011530001917,True,4.215292000026238,True,raw_gray,True
257,1,plain,True,True,True,43.06001700001616,True,5.972289000055753,True,raw_gray,True
257,1,inverted_color,False,False,True,30.311438999888196,True,13.019505999864123,True,raw_gray,True
257,1,logo,True,True,True,63.94461600007162,True,8.800007999980153,True,raw_gray,True
257,1,styled,True,True,True,55.835690999856524,True,9.357095000041227,True,raw_gray,True
257,1,ascii,False,True,True,41.82876100003341,True,5.196038999883967,True,raw_gray,True
258,1,plain,True,True,True,58.41629400015336,True,12.112394000041604,True,raw_gray,True
258,1,inverted_color,False,False,True,56.0402769999655,True,12.180428000192478,True,raw_gray,True
258,1,logo,True,True,True,72.06107999991218,True,9.130139000035342,True,raw_gray,True
258,1,styled,True,True,True,54.62558599992917,True,11.237341999958517,True,raw_gray,True
258,1,ascii,False,True,True,38.30654599983063,True,6.634301000076448,True,raw_gray,True
259,1,plain,True,True,True,51.047339999968244,True,7.4737340000865515,True,raw_gray,True
259,1,inverted_color,False,False,True,34.821403000023565,True,7.422404000180904,True,raw_gray,True
259,1,logo,True,True,True,66.946143999985,True,10.166433999984292,True,raw_gray,True
259,1,styled,True,True,True,85.8437159999994,True,13.672626000015953,True,raw_gray,True
259,1,ascii,True,True,True,44.98720700007652,True,7.864401000006183,True,raw_gray,True
260,1,plain,True,True,True,71.05758700004117,True,8.447751999938191,True,raw_gray,True
260,1,inverted_color,False,False,True,37.90824099996826,True,12.182574000007662,True,raw_gray,True
260,1,logo,False,True,True,146.415179999849,True,19.109791999881054,True,raw_gray,True
260,1,styled,True,True,True,180.78278600000885,True,42.77764899984504,True,raw_gray,True
260,1,ascii,False,True,True,49.39601199998833,True,9.851183000137098,True,raw_gray,True
261,1,plain,True,True,True,74.05503699988003,True,9.95819600007053,True,raw_gray,True
261,1,inverted_color,False,False,True,91.37259799990716,True,10.25182299986227,True,raw_gray,True
261,1,logo,False,True,True,154.18613399992864,True,24.667866000072536,True,raw_gray,True
261,1,styled,True,True,True,164.17472900002394,True,41.028333999975075,True,raw_gray,True
261,1,ascii,False,True,True,87.97062300004654,True,21.5223419997983,True,raw_gray,True
262,1,plain,True,True,True,55.53825099991627,True,6.447441999853254,True,raw_gray,True
262,1,inverted_color,False,False,True,56.474757999922076,True,6.26943699990079,True,raw_gray,True
262,1,logo,True,True,True,76.06261599994468,True,17.056238000122903,True,raw_gray,True
262,1,styled,True,True,True,76.2558149999677,True,12.829022000005352,True,raw_gray,True
262,1,ascii,False,False,True,27.735117000020182,True,5.270610000025044,True,raw_gray,True
263,1,plain,True,True,True,43.99698899987925,True,5.81473600004756,True,raw_gray,True
263,1,inverted_color,False,False,True,44.93886000000202,True,6.2216349999744125,True,raw_gray,True
263,1,logo,True,True,True,49.95331499981148,True,8.799016000011761,True,raw_gray,True
263,1,styled,True,True,True,51.54815200012308,True,9.224508999977843,True,raw_gray,True
263,1,ascii,False,False,True,33.24935499995263,True,5.0496559999828605,True,raw_gray,True
264,1,plain,True,True,True,109.01661799994145,True,15.077111999971748,True,raw_gray,True
264,1,inverted_color,False,False,True,63.38387200003126,True,15.916263000008257,True,raw_gray,True
264,1,logo,False,True,True,185.0911190001625,True,22.45207499981916,True,raw_gray,True
264,1,styled,True,True,True,195.79081800020504,True,34.91275099986524,True,raw_gray,True
264,1,ascii,True,True,True,66.84807999999975,True,10.271326000065528,True,raw_gray,True
265,1,plain,True,True,True,69.91916099991613,True,10.013225000193415,True,raw_gray,True
265,1,inverted_color,False,False,True,115.17995499980316,True,10.01204899989716,True,raw_gray,True
265,1,logo,False,True,True,118.67712100001881,True,20.26230100000248,True,raw_gray,True
265,1,styled,True,True,True,157.6349439999376,True,30.689897999991445,True,raw_gray,True
265,1,ascii,False,False,True,50.5070640001577,True,19.751963000089745,True,raw_gray,True
266,1,plain,True,True,True,94.87376600009156,True,5.69555499987473,True,raw_gray,True
266,1,inverted_color,False,False,True,33.72603699995125,True,5.737572000043656,True,raw_gray,True
266,1,logo,True,True,True,61.233785000013086,True,8.216518000153883,True,raw_gray,True
266,1,styled,True,True,True,65.19124700002976,True,12.804186000039408,True,raw_gray,True
266,1,ascii,False,False,True,40.91635600002519,True,5.2397819999896456,True,raw_gray,True
267,1,plain,True,True,True,41.70769199981805,True,6.243676999929448,True,raw_gray,True
267,1,inverted_color,False,False,True,39.759040000035384,True,14.982175999875835,True,raw_gray,True
267,1,logo,True,True,True,120.09730799991303,True,13.46801099998629,True,raw_gray,True
267,1,styled,True,True,True,60.95911200009141,True,10.514233000094464,True,raw_gray,True
267,1,ascii,False,True,True,42.18199799993272,True,7.3402200000600715,True,raw_gray,True
268,1,plain,True,True,True,95.44315599987385,True,7.178926000051433,True,raw_gray,True
268,1,inverted_color,False,False,True,33.17582800013952,True,9.417749000022013,True,raw_gray,True
268,1,logo,True,True,True,62.60487200006537,True,7.945065000058094,True,raw_gray,True
268,1,styled,True,True,True,120.88610499995411,True,15.37258500002281,True,raw_gray,True
268,1,ascii,True,True,True,45.618822000051296,True,12.025267999888456,True,raw_gray,True
269,1,plain,True,True,True,164.5857050000359,True,17.855436999980157,True,raw_gray,True
269,1,inverted_color,False,False,True,57.22742900002231,True,16.27008700006627,True,raw_gray,True
269,1,logo,False,True,True,169.4553120000819,True,18.911004000074172,True,raw_gray,True
269,1,styled,True,True,True,160.20093400015867,True,36.63830400000734,True,raw_gray,True
269,1,ascii,True,True,True,46.2430160000622,True,5.836816000055478,True,raw_gray,True
270,1,plain,True,True,True,76.37603500006662,True,10.888031000149567,True,raw_gray,True
270,1,inverted_color,False,False,True,41.20083899988458,True,4.605482999977539,True,raw_gray,True
270,1,logo,True,True,True,40.7531169998947,True,5.830458999980692,True,raw_gray,True
270,1,styled,True,True,True,123.8848150001104,True,7.165721999854213,True,raw_gray,True
270,1,ascii,False,False,True,39.357049999807714,True,5.576431999998022,True,raw_gray,True
271,1,plain,True,True,True,62.61599699996623,True,8.53812599984849,True,raw_gray,True
271,1,inverted_color,False,False,True,55.967473000009704,True,8.99122200007696,True,raw_gray,True
271,1,logo,False,True,True,135.6418279999616,True,16.64321199996266,True,raw_gray,True
271,1,styled,True,True,True,167.5040390000504,True,111.13182200006122,True,raw_gray,True
271,1,ascii,False,True,True,193.81494499998553,True,17.10076700010177,True,raw_gray,True
272,1,plain,True,True,True,61.5694830000848,True,16.500409000173022,True,raw_gray,True
272,1,inverted_color,False,False,True,54.22816299983424,True,13.934898999877987,True,raw_gray,True
272,1,logo,True,True,True,195.22508299996844,True,24.575982999976986,True,raw_gray,True
272,1,styled,True,True,True,106.24299100004464,True,27.173558999948,True,raw_gray,True
272,1,ascii,False,True,True,121.62680100004764,True,17.302509000046484,True,raw_gray,True
273,1,plain,True,True,True,409.8653450000711,True,28.616916000146375,True,raw_gray,True
273,1,inverted_color,False,False,True,240.67230800005746,True,43.77794799984258,True,raw_gray,True
273,1,logo,False,True,True,477.00165599985667,True,95.28423599999769,True,raw_gray,True
273,1,styled,True,True,True,344.5597009999801,True,44.08491699996375,True,raw_gray,True
273,1,ascii,False,True,True,105.59857300017939,True,11.79202000002988,True,raw_gray,True
274,1,plain,True,True,True,60.14633200015851,True,11.991445000148815,True,raw_gray,True
274,1,inverted_color,False,False,True,51.67929799995363,True,13.94524000011188,True,raw_gray,True
274,1,logo,True,True,True,111.59196800008431,True,18.19027700003062,True,raw_gray,True
274,1,styled,True,True,True,95.96499799999947,True,28.53511500006789,True,raw_gray,True
274,1,ascii,False,False,True,81.9468429999688,True,12.892125999997006,True,raw_gray,True
275,1,plain,True,True,True,96.12800899981266,True,5.790151000155674,True,raw_gray,True
275,1,inverted_color,False,False,True,57.74416300005214,True,8.468989999983023,True,raw_gray,True
275,1,logo,True,True,True,124.02818100008517,True,16.36764999989282,True,raw_gray,True
275,1,styled,True,True,True,81.12042199991265,True,21.306830999947124,True,raw_gray,True
275,1,ascii,False,False,True,29.963700000052995,True,5.612587000086933,True,raw_gray,True
276,1,plain,True,True,True,75.97697599999265,True,17.138466999995217,True,raw_gray,True
276,1,inverted_color,False,False,True,85.3370319998703,True,11.075579000134894,True,raw_gray,True
276,1,logo,True,True,True,68.61730399987209,True,9.912716999906479,True,raw_gray,True
276,1,styled,True,True,True,80.75585300002786,True,12.258925999958592,True,raw_gray,True
276,1,ascii,True,True,True,41.2949579999804,True,8.118430999957127,True,raw_gray,True
277,1,plain,True,True,True,41.809744999909526,True,4.827359999808323,True,raw_gray,True
277,1,inverted_color,False,False,True,24.20720500003881,True,4.647368999940227,True,raw_gray,True
277,1,logo,True,True,True,49.928884999872025,True,11.90103400017506,True,raw_gray,True
277,1,styled,True,True,True,44.34814399996867,True,8.438823000005868,True,raw_gray,True
277,1,ascii,False,True,True,47.68674399997508,True,8.08007999989968,True,raw_gray,True
278,1,plain,True,True,True,56.25761999999668,True,4.599788999939847,True,raw_gray,True
278,1,inverted_color,False,False,True,23.89563699989594,True,4.572191000079329,True,raw_gray,True
278,1,logo,True,True,True,43.72719200000574,True,5.770509000058155,True,raw_gray,True
278,1,styled,True,True,True,48.78241300002628,True,7.099435000100129,True,raw_gray,True
278,1,ascii,False,False,True,36.159977999886905,True,8.590536999918186,True,raw_gray,True
279,1,plain,True,True,True,65.2749269997912,True,6.043991000069582,True,raw_gray,True
279,1,inverted_color,False,False,True,26.746761999902446,True,5.604769999990822,True,raw_gray,True
279,1,logo,True,True,True,56.315773000051195,True,8.076886000026207,True,raw_gray,True
279,1,styled,True,True,True,59.398310999995374,True,10.774306999792316,True,raw_gray,True
279,1,ascii,False,False,True,30.20250000008673,True,4.985902000044007,True,raw_gray,True
280,1,plain,True,True,True,41.13809199998286,True,5.699520999996821,True,raw_gray,True
280,1,inverted_color,False,False,True,31.567093000148816,True,6.688673000098788,True,raw_gray,True
280,1,logo,True,True,True,49.67581400001109,True,7.087948999924265,True,raw_gray,True
280,1,styled,True,True,True,64.98850000002676,True,20.017883000036818,True,raw_gray,True
280,1,ascii,False,True,True,42.77050100017732,True,15.27442799988421,True,raw_gray,True
281,1,plain,True,True,True,136.09510099990985,True,6.156427999940206,True,raw_gray,True
281,1,inverted_color,False,False,True,37.71861800009901,True,7.353375000093365,True,raw_gray,True
281,1,logo,True,True,True,90.50243100000444,True,24.647465999805718,True,raw_gray,True
281,1,styled,True,True,True,211.72862299999906,True,42.700112999909834,True,raw_gray,True
281,1,ascii,False,True,True,79.08951900003558,True,8.957536000025357,True,raw_gray,True
282,1,plain,True,True,True,99.13722999999663,True,12.938384000108272,True,raw_gray,True
282,1,inverted_color,False,False,True,46.692305000078704,True,4.701037999893742,True,raw_gray,True
282,1,logo,True,True,True,58.48233500000788,True,7.393706999891947,True,raw_gray,True
282,1,styled,True,True,True,55.951786999912656,True,8.888399000170466,True,raw_gray,True
282,1,ascii,False,True,True,35.3363909998734,True,4.135491000170077,True,raw_gray,True
283,1,plain,True,True,True,42.26196600006915,True,6.053632999964975,True,raw_gray,True
283,1,inverted_color,False,False,True,28.017662999900494,True,7.677179999973305,True,raw_gray,True
283,1,logo,True,True,True,121.40127499992559,True,8.249276000015016,True,raw_gray,True
283,1,styled,True,True,True,64.74852900009864,True,11.250580000023547,True,raw_gray,True
283,1,ascii,False,False,True,26.83643000000302,True,5.521914999917499,True,raw_gray,True
284,1,plain,True,True,True,41.9400329999462,True,5.20745599988004,True,raw_gray,True
284,1,inverted_color,False,False,True,30.159158000060415,True,4.527522999978828,True,raw_gray,True
284,1,logo,True,True,True,41.27762200005236,True,5.637849999857281,True,raw_gray,True
284,1,styled,True,True,True,83.65133400002378,True,7.119224000007307,True,raw_gray,True
284,1,ascii,False,True,True,33.33488099997339,True,4.035202000068239,True,raw_gray,True
285,1,plain,True,True,True,54.08188699993843,True,7.506507000016427,True,raw_gray,True
285,1,inverted_color,False,False,True,39.53790900004606,True,9.577351999951134,True,raw_gray,True
285,1,logo,True,True,True,80.48282100003235,True,19.89609600013864,True,raw_gray,True
285,1,styled,True,True,True,90.69395200003783,True,12.503299000172774,True,raw_gray,True
285,1,ascii,True,True,True,50.438292000080764,True,6.149604000029285,True,raw_gray,True
286,1,plain,True,True,True,40.75950400010697,True,6.616938999968625,True,raw_gray,True
286,1,inverted_color,False,False,True,28.22403499999382,True,5.375255000217294,True,raw_gray,True
286,1,logo,True,True,True,57.85381499981668,True,9.440558000051169,True,raw_gray,True
286,1,styled,True,True,True,139.23923400011518,True,10.833301000047868,True,raw_gray,True
286,1,ascii,False,True,True,38.2176549999258,True,10.408151000092403,True,raw_gray,True
287,1,plain,True,True,True,96.32487099997888,True,15.597001000060118,True,raw_gray,True
287,1,inverted_color,False,False,True,99.5104739999988,True,31.068773000015426,True,raw_gray,True
287,1,logo,False,True,True,174.87249800001337,True,22.296001000086108,True,raw_gray,True
287,1,styled,True,True,True,182.26366599992616,True,31.818436000094152,True,raw_gray,True
287,1,ascii,True,True,True,67.2216230000231,True,10.631844000045021,True,raw_gray,True
288,1,plain,True,True,True,34.83215799997197,True,5.398567999918669,True,raw_gray,True
288,1,inverted_color,False,False,True,25.558765000141648,True,5.024988000059238,True,raw_gray,True
288,1,logo,True,True,True,43.01905900001657,True,5.99448000002667,True,raw_gray,True
288,1,styled,True,True,True,44.13453600000139,True,6.936253999811015,True,raw_gray,True
288,1,ascii,False,True,True,37.949942000068404,True,4.373143000066193,True,raw_gray,True
289,1,plain,True,True,True,35.976179999806845,True,4.848891999927218,True,raw_gray,True
289,1,inverted_color,False,False,True,25.727805999849807,True,4.828881000094043,True,raw_gray,True
289,1,logo,True,True,True,42.122702999904504,True,5.865243000016562,True,raw_gray,True
289,1,styled,True,True,True,43.640516000095886,True,6.68496100001903,True,raw_gray,True
289,1,ascii,False,False,True,31.63255799995568,True,10.059044999934486,True,raw_gray,True
290,1,plain,True,True,True,91.92006600005698,True,5.763522999814086,True,raw_gray,True
290,1,inverted_color,False,False,True,27.847580000070593,True,5.903896000063469,True,raw_gray,True
290,1,logo,True,True,True,139.0011250000498,True,25.777783999956227,True,raw_gray,True
290,1,styled,True,True,True,208.9215299999978,True,39.15987300001689,True,raw_gray,True
290,1,ascii,False,False,True,111.50641299991548,True,4.640701000198533,True,raw_gray,True
291,1,plain,True,True,True,270.3978710001138,True,47.72848199991131,True,raw_gray,True
291,1,inverted_color,False,False,True,277.3709210000561,True,37.542084000051545,True,raw_gray,True
291,1,logo,False,True,True,410.4285630000959,True,50.829826000153844,True,raw_gray,True
291,1,styled,True,True,True,427.34617499991145,True,46.09795300007136,True,raw_gray,True
291,1,ascii,True,True,True,199.88575299998956,True,32.78742399993462,True,raw_gray,True
292,1,plain,True,True,True,117.32192599993141,True,18.337286000132735,True,raw_gray,True
292,1,inverted_color,False,False,True,85.01782400003322,True,18.058015999940835,True,raw_gray,True
292,1,logo,True,True,True,176.1941330000809,True,16.70777399999679,True,raw_gray,True
292,1,styled,True,True,True,187.4125899998944,True,50.85090000011405,True,raw_gray,True
292,1,ascii,False,False,True,101.54634700006682,True,13.193437999916569,True,raw_gray,True
293,1,plain,True,True,True,133.13216100004865,True,23.977053999942655,True,raw_gray,True
293,1,inverted_color,False,False,True,101.14227000008214,True,6.956006000109483,True,raw_gray,True
293,1,logo,True,True,True,72.54555200006507,True,16.008731000056287,True,raw_gray,True
293,1,styled,True,True,True,143.4662550000212,True,28.980813000089256,True,raw_gray,True
293,1,ascii,False,False,True,127.49628999995366,True,15.07085499997629,True,raw_gray,True
294,1,plain,True,True,True,102.90663699993274,True,13.021108999964781,True,raw_gray,True
294,1,inverted_color,False,False,True,86.22355800002879,True,38.18170799991094,True,raw_gray,True
294,1,logo,True,True,True,119.86438299982183,True,7.87385900002846,True,raw_gray,True
294,1,styled,True,True,True,168.42902499979573,True,29.769994000162114,True,raw_gray,True
294,1,ascii,True,True,True,193.2485329998599,True,34.58247800017489,True,raw_gray,True
295,1,plain,True,True,True,157.43392900003528,True,24.429070999985925,True,raw_gray,True
295,1,inverted_color,False,False,True,37.542746000099214,True,4.946344000018144,True,raw_gray,True
295,1,logo,True,True,True,43.10194100003173,True,6.083927999952721,True,raw_gray,True
295,1,styled,True,True,True,44.76133299999674,True,8.030343999962497,True,raw_gray,True
295,1,ascii,False,True,True,32.95304599987503,True,4.248283999913838,True,raw_gray,True
296,1,plain,True,True,True,45.90719900011209,True,5.801999999903273,True,raw_gray,True
296,1,inverted_color,False,False,True,34.3516880000152,True,7.998330999953396,True,raw_gray,True
296,1,logo,True,True,True,81.76767800000562,True,8.385194999846135,True,raw_gray,True
296,1,styled,True,True,True,154.86658500003614,True,35.184504999961064,True,raw_gray,True
296,1,ascii,False,True,True,81.51939599997604,True,9.468597000022783,True,raw_gray,True
297,1,plain,True,True,True,169.2638590000115,True,32.308521000004475,True,raw_gray,True
297,1,inverted_color,False,False,True,182.9191520000677,True,60.22115199994005,True,raw_gray,True
297,1,logo,False,True,True,428.2965699999295,True,19.888842000000295,True,raw_gray,True
297,1,styled,True,True,True,291.33611700012807,True,63.06865399983508,True,raw_gray,True
297,1,ascii,False,True,True,84.34673600004317,True,24.536978000014642,True,raw_gray,True
298,1,plain,True,True,True,223.972700999866,True,24.78407800003879,True,raw_gray,True
298,1,inverted_color,False,False,True,90.30849800001306,True,11.251820999859774,True,raw_gray,True
298,1,logo,False,True,True,351.8210109998563,True,54.03720199979034,True,raw_gray,True
298,1,styled,True,True,True,297.44746599999417,True,41.27118300016264,True,raw_gray,True
298,1,ascii,False,True,True,159.73187400004463,True,32.75848099997347,True,raw_gray,True
299,1,plain,True,True,True,97.05287999986467,True,10.745138999936898,True,raw_gray,True
299,1,inverted_color,False,False,True,63.11314000004131,True,7.00234099986119,True,raw_gray,True
299,1,logo,False,True,True,117.50968100000136,True,14.93838299984418,True,raw_gray,True
299,1,styled,True,True,True,131.7306030000509,True,23.80443400011245,True,raw_gray,True
299,1,ascii,True,True,True,54.5082179999099,True,10.4877100000067,True,raw_gray,True
300,1,plain,True,True,True,81.59653300003811,True,5.107340999984444,True,raw_gray,True
300,1,inverted_color,False,False,True,29.42203299994617,True,4.414235000012923,True,raw_gray,True
300,1,logo,True,True,True,42.496808999885616,True,6.231950000028519,True,raw_gray,True
300,1,styled,True,True,True,72.89849499989032,True,6.706160000021555,True,raw_gray,True
300,1,ascii,False,True,True,36.28718499999195,True,8.162893999951848,True,raw_gray,True
301,1,plain,True,True,True,98.34809099993436,True,5.759288000035667,True,raw_gray,True
301,1,inverted_color,False,False,True,33.36398900000859,True,5.890829000009035,True,raw_gray,True
301,1,logo,True,True,True,58.10908300009032,True,8.280378000108612,True,raw_gray,True
301,1,styled,True,True,True,72.71830599984241,True,22.3610269999881,True,raw_gray,True
301,1,ascii,False,True,True,45.5624030000763,True,5.608285999869622,True,raw_gray,True
302,1,plain,True,True,True,55.68399499998122,True,9.624370999972598,True,raw_gray,True
302,1,inverted_color,False,False,True,48.01452199990308,True,7.326121999994939,True,raw_gray,True
302,1,logo,True,True,True,70.62458600012178,True,10.50012800010336,True,raw_gray,True
302,1,styled,True,True,True,74.22977999999603,True,19.588268000006792,True,raw_gray,True
302,1,ascii,True,True,True,50.12839900018662,True,6.695909000200118,True,raw_gray,True
303,1,plain,True,True,True,48.62998999988122,True,5.985118999888073,True,raw_gray,True
303,1,inverted_color,False,False,True,28.957921999790415,True,6.231727999875147,True,raw_gray,True
303,1,logo,True,True,True,68.14258499980497,True,8.24751400000423,True,raw_gray,True
303,1,styled,True,True,True,187.26577600000383,True,24.51581500008615,True,raw_gray,True
303,1,ascii,False,True,True,45.91598000001795,True,5.048460000125488,True,raw_gray,True
304,1,plain,True,True,True,42.16599100004714,True,8.753393999995751,True,raw_gray,True
304,1,inverted_color,False,False,True,49.08823300002041,True,4.577779000101145,True,raw_gray,True
304,1,logo,True,True,True,73.5928789999889,True,10.07153999989896,True,raw_gray,True
304,1,styled,True,True,True,116.37810199999876,True,6.842854999831616,True,raw_gray,True
304,1,ascii,False,True,True,32.43722100000923,True,4.059045000076367,True,raw_gray,True
305,1,plain,True,True,True,61.40387000004921,True,6.096090000028198,True,raw_gray,True
305,1,inverted_color,False,False,True,34.16122099997665,True,6.940679000081218,True,raw_gray,True
305,1,logo,True,True,True,61.184322999906726,True,11.642358000017339,True,raw_gray,True
305,1,styled,True,True,True,63.68793299998288,True,10.563320999835923,True,raw_gray,True
305,1,ascii,False,True,True,54.84923499989236,True,9.36241800013704,True,raw_gray,True
306,1,plain,True,True,True,46.94441299989194,True,5.8661420000589715,True,raw_gray,True
306,1,inverted_color,False,False,True,37.85657799994624,True,5.562478000001647,True,raw_gray,True
306,1,logo,True,True,True,65.6603229999746,True,18.415743000105067,True,raw_gray,True
306,1,styled,True,True,True,57.40652000008595,True,11.462965999953667,True,raw_gray,True
306,1,ascii,False,True,True,58.080976000155715,True,4.981391000001167,True,raw_gray,True
307,1,plain,True,True,True,37.74135799994838,True,4.673824000064997,True,raw_gray,True
307,1,inverted_color,False,False,True,35.56032800020148,True,4.956985000035274,True,raw_gray,True
307,1,logo,True,True,True,41.02804199987986,True,5.85743800002092,True,raw_gray,True
307,1,styled,True,True,True,46.73905899994679,True,11.83133200015618,True,raw_gray,True
307,1,ascii,False,True,True,32.532780000110506,True,3.971761000002516,True,raw_gray,True
308,1,plain,True,True,True,56.708049999997456,True,11.476745999971172,True,raw_gray,True
308,1,inverted_color,False,False,True,37.37315400007901,True,4.681917999960206,True,raw_gray,True
308,1,logo,True,True,True,41.38364999994337,True,6.07498499994108,True,raw_gray,True
308,1,styled,True,True,True,63.439433999974426,True,13.43692899990856,True,raw_gray,True
308,1,ascii,False,False,True,26.55770000001212,True,4.076194000163014,True,raw_gray,True
309,1,plain,True,True,True,39.541193999866664,True,4.484087000037107,True,raw_gray,True
309,1,inverted_color,False,False,True,24.238083000000188,True,4.628323999895656,True,raw_gray,True
309,1,logo,True,True,True,46.03735000000597,True,5.552094999984547,True,raw_gray,True
309,1,styled,True,True,True,43.92633099996601,True,7.040427999982057,True,raw_gray,True
309,1,ascii,False,False,True,27.992541000003257,True,4.225815999916449,True,raw_gray,True
310,1,plain,True,True,True,41.50280399994699,True,5.679286000031425,True,raw_gray,True
310,1,inverted_color,False,False,True,28.585656000132076,True,7.88213300006646,True,raw_gray,True
310,1,logo,True,False,True,62.97357199991893,True,7.110611999905814,True,raw_gray,True
310,1,styled,True,True,True,73.43716799982758,True,14.299540000138222,True,raw_gray,True
310,1,ascii,False,False,True,44.54018400019777,True,4.805065000027753,True,raw_gray,True
311,1,plain,True,True,True,240.65171300003385,True,62.2992549999708,True,raw_gray,True
311,1,inverted_color,False,False,True,320.8478249998734,True,23.170181999830675,True,raw_gray,True
311,1,logo,True,True,True,234.82047399988915,True,49.4901210001899,True,raw_gray,True
311,1,styled,True,True,True,324.05156100003296,True,62.456984999926135,True,raw_gray,True
311,1,ascii,True,True,True,256.95853999991414,True,21.40793900002791,True,raw_gray,True
312,1,plain,True,True,True,41.44672500001434,True,5.956075000085548,True,raw_gray,True
312,1,inverted_color,False,False,True,57.225191000043196,True,5.592899000021134,True,raw_gray,True
312,1,logo,True,True,True,100.2907890001552,True,8.306296999990082,True,raw_gray,True
312,1,styled,True,True,True,61.09694099995977,True,10.833213000069009,True,raw_gray,True
312,1,ascii,False,False,True,32.80938999978389,True,4.957111000067016,True,raw_gray,True
313,1,plain,True,True,True,41.408217000025616,True,5.676637000078699,True,raw_gray,True
313,1,inverted_color,False,False,True,32.654192000109106,True,5.714904999877035,True,raw_gray,True
313,1,logo,True,True,True,56.82795699999588,True,6.989938999822698,True,raw_gray,True
313,1,styled,True,True,True,111.59593599995787,True,18.6520060001385,True,raw_gray,True
313,1,ascii,False,False,True,50.91339799992056,True,5.091219999940222,True,raw_gray,True
314,1,plain,True,True,True,67.92680000012297,True,9.858024000095611,True,raw_gray,True
314,1,inverted_color,False,False,True,52.61126200002764,True,8.106643000019176,True,raw_gray,True
314,1,logo,True,True,True,51.97234299998854,True,7.120177000160766,True,raw_gray,True
314,1,styled,True,True,True,104.6731810001802,True,11.457715999995344,True,raw_gray,True
314,1,ascii,False,False,True,30.014858999948046,True,5.2256580001994735,True,raw_gray,True
315,1,plain,True,True,True,52.68944099998407,True,6.858055000066088,True,raw_gray,True
315,1,inverted_color,False,False,True,47.71038800004135,True,7.351932000119632,True,raw_gray,True
315,1,logo,True,True,True,102.40216500005772,True,10.170195999990028,True,raw_gray,True
315,1,styled,True,True,True,84.199339999941,True,13.72251500015409,True,raw_gray,True
315,1,ascii,True,True,True,42.69472800001495,True,9.756270000025324,True,raw_gray,True
316,1,plain,True,True,True,85.48058100018352,True,24.68905899991114,True,raw_gray,True
316,1,inverted_color,False,False,True,119.32952899996963,True,57.98125199999049,True,raw_gray,True
316,1,logo,False,True,True,310.90745500000594,True,43.75619799998276,True,raw_gray,True
316,1,styled,True,True,True,209.54091999988123,True,92.5002870001208,True,raw_gray,True
316,1,ascii,False,True,True,127.66466499988383,True,15.443939000078899,True,raw_gray,True
317,1,plain,True,True,True,108.44516899987866,True,11.03672799990818,True,raw_gray,True
317,1,inverted_color,False,False,True,60.503721999793925,True,9.749285999987478,True,raw_gray,True
317,1,logo,True,True,True,76.53752500004884,True,11.112271999991208,True,raw_gray,True
317,1,styled,True,True,True,95.21945900019091,True,17.10018099993249,True,raw_gray,True
317,1,ascii,False,True,True,85.69615900000827,True,11.117155999954775,True,raw_gray,True
318,1,plain,True,True,True,163.2354230000601,True,32.68134299992198,True,raw_gray,True
318,1,inverted_color,False,False,True,118.01035799999227,True,7.469879999916884,True,raw_gray,True
318,1,logo,False,True,True,109.75245600002381,True,18.334740999989663,True,raw_gray,True
318,1,styled,True,True,True,121.37100399991141,True,37.66280700006064,True,raw_gray,True
318,1,ascii,False,True,True,113.67874600000505,True,25.20624399994631,True,raw_gray,True
319,1,plain,True,True,True,165.6462419998661,True,23.95907899995109,True,raw_gray,True
319,1,inverted_color,False,False,True,129.8892459999479,True,25.992200000018784,True,raw_gray,True
319,1,logo,True,True,True,316.06981100003395,True,50.9298059998855,True,raw_gray,True
319,1,styled,True,True,True,397.3796669999956,True,82.60497800006306,True,raw_gray,True
319,1,ascii,False,True,True,246.36415099985243,True,37.703527000076065,True,raw_gray,True
320,1,plain,True,True,True,189.89521299999979,True,51.44667199988362,True,raw_gray,True
320,1,inverted_color,False,False,True,157.37984500015045,True,36.30102299985083,True,raw_gray,True
320,1,logo,True,True,True,315.4376200000115,True,68.27584200004821,True,raw_gray,True
320,1,styled,True,True,True,348.8539380000475,True,41.07756500002324,True,raw_gray,True
320,1,ascii,False,True,True,219.4262399998479,True,34.34746799985078,True,raw_gray,True
321,1,plain,True,True,True,305.1804809999794,True,34.30809899987253,True,raw_gray,True
321,1,inverted_color,False,False,True,205.02560799991443,True,55.04512600009548,True,raw_gray,True
321,1,logo,False,True,True,465.9729079999124,True,55.80812900007004,True,raw_gray,True
321,1,styled,True,True,True,280.1074410001547,True,29.462963000014497,True,raw_gray,True
321,1,ascii,False,True,True,60.474740000017846,True,8.481928000037442,True,raw_gray,True
322,1,plain,True,True,True,40.25011799990352,True,5.8322169998064055,True,raw_gray,True
322,1,inverted_color,False,False,True,30.20647999983339,True,5.318820999946183,True,raw_gray,True
322,1,logo,True,True,True,56.31177600002957,True,9.03733000018292,True,raw_gray,True
322,1,styled,True,True,True,115.32645099987349,True,11.994645999948261,True,raw_gray,True
322,1,ascii,False,False,True,57.425747000024785,True,17.057245000160037,True,raw_gray,True
323,1,plain,True,True,True,489.23929900001895,True,50.47750900007486,True,raw_gray,True
323,1,inverted_color,False,False,True,713.7308690000737,True,99.18304100006026,True,raw_gray,True
323,1,logo,True,False,True,589.8516379998,True,55.82564300016202,True,raw_gray,True
323,1,styled,True,True,True,508.00775299990164,True,94.31768499985083,True,raw_gray,True
323,1,ascii,False,True,True,199.01066300008097,True,32.76007399995251,True,raw_gray,True
324,1,plain,True,True,True,124.1547580000315,True,7.827191000160383,True,raw_gray,True
324,1,inverted_color,False,False,True,53.09196600001087,True,16.342079999958514,True,raw_gray,True
324,1,logo,False,True,True,196.99875600008454,True,22.88773199984462,True,raw_gray,True
324,1,styled,True,True,True,231.26867499991022,True,39.36387799990371,True,raw_gray,True
324,1,ascii,False,True,True,74.2548830000942,True,10.913653999978123,True,raw_gray,True
325,1,plain,True,False,True,93.44765599985294,True,24.02039000003242,True,raw_gray,True
325,1,inverted_color,False,False,True,91.39404999996259,True,19.28596499988089,True,raw_gray,True
325,1,logo,True,True,True,327.9089449999901,True,85.12621600016246,True,raw_gray,True
325,1,styled,True,True,True,328.25282700014213,True,132.14046100006271,True,raw_gray,True
325,1,ascii,False,False,True,155.75737299991488,True,40.83874299999479,True,raw_gray,True
326,1,plain,True,True,True,143.3531130001029,True,38.37658499992358,True,raw_gray,True
326,1,inverted_color,False,False,True,144.66107599992029,True,9.811252999952558,True,raw_gray,True
326,1,logo,False,True,True,221.67589600007886,True,24.14625200003684,True,raw_gray,True
326,1,styled,True,True,True,159.7588879999421,True,51.897583000027225,True,raw_gray,True
326,1,ascii,False,False,True,76.19698600001357,True,18.11823100001675,True,raw_gray,True
327,1,plain,True,True,True,114.28889500007244,True,8.820566000167673,True,raw_gray,True
327,1,inverted_color,False,False,True,76.40760300000693,True,8.662113999889698,True,raw_gray,True
327,1,logo,True,True,True,82.34721400003764,True,21.211328999925172,True,raw_gray,True
327,1,styled,True,True,True,103.97151600000143,True,18.525044000170965,True,raw_gray,True
327,1,ascii,True,True,True,41.78168300018115,True,5.997919000037655,True,raw_gray,True
328,1,plain,True,True,True,71.45153300007223,True,5.989034000094762,True,raw_gray,True
328,1,inverted_color,False,False,True,30.621270999972694,True,5.640617000153725,True,raw_gray,True
328,1,logo,True,True,True,60.69388900004924,True,9.068964000107371,True,raw_gray,True
328,1,styled,True,True,True,127.87015100002463,True,28.73628399993322,True,raw_gray,True
328,1,ascii,False,True,True,83.43046400000276,True,11.361077000174191,True,raw_gray,True
329,1,plain,True,True,True,61.49790099993879,True,5.7783199999903445,True,raw_gray,True
329,1,inverted_color,False,False,True,41.580022000061945,True,5.6149850001929735,True,raw_gray,True
329,1,logo,True,True,True,55.591266999954314,True,6.891644000006636,True,raw_gray,True
329,1,styled,True,True,True,96.37714100017547,True,11.923797000008562,True,raw_gray,True
329,1,ascii,False,True,True,91.9141159999981,True,5.149546999973609,True,raw_gray,True
330,1,plain,True,True,True,53.71014799993645,True,12.954337000110172,True,raw_gray,True
330,1,inverted_color,False,False,True,41.496010999935606,True,7.321821000005002,True,raw_gray,True
330,1,logo,True,True,True,66.78135400011342,True,10.036743999989994,True,raw_gray,True
330,1,styled,True,True,True,111.9460939999044,True,15.342625999892334,True,raw_gray,True
330,1,ascii,True,True,True,40.079014999946594,True,5.7857110000441025,True,raw_gray,True
331,1,plain,True,True,True,59.19802099992921,True,10.799511999948663,True,raw_gray,True
331,1,inverted_color,False,False,True,119.69069699989632,True,14.503353000009156,True,raw_gray,True
331,1,logo,True,True,True,117.4035989999993,True,15.304644000025291,True,raw_gray,True
331,1,styled,True,True,True,71.28431399996771,True,8.608626999830449,True,raw_gray,True
331,1,ascii,False,False,True,22.59117900007368,True,4.122751000068092,True,raw_gray,True
332,1,plain,True,True,True,60.68765200006965,True,8.428222000020469,True,raw_gray,True
332,1,inverted_color,False,False,True,36.95793399992908,True,8.594751999908112,True,raw_gray,True
332,1,logo,False,True,True,112.65928300008454,True,23.32156300008137,True,raw_gray,True
332,1,styled,True,True,True,125.2923170000031,True,23.498053000139407,True,raw_gray,True
332,1,ascii,False,True,True,53.81883999984893,True,8.065173999966646,True,raw_gray,True
333,1,plain,True,True,True,50.092834999986735,True,6.573690000095667,True,raw_gray,True
333,1,inverted_color,False,False,True,28.736430999970253,True,4.7081640000214975,True,raw_gray,True
333,1,logo,True,True,True,56.23553300006279,True,5.715636999866547,True,raw_gray,True
333,1,styled,True,True,True,69.07572499994785,True,34.77161099999648,True,raw_gray,True
333,1,ascii,False,True,True,103.38680900008512,True,17.309156000010262,True,raw_gray,True
334,1,plain,True,True,True,156.19106700000884,True,18.232944000146745,True,raw_gray,True
334,1,inverted_color,False,False,True,46.981399000060264,True,5.98098199998276,True,raw_gray,True
334,1,logo,True,True,True,169.60945200003152,True,24.733475999937582,True,raw_gray,True
334,1,styled,True,True,True,132.73599599983754,True,33.15318699992531,True,raw_gray,True
334,1,ascii,False,False,True,112.78287199979786,True,17.42005899996002,True,raw_gray,True
335,1,plain,True,True,True,135.97069599995848,True,12.314716999981101,True,raw_gray,True
335,1,inverted_color,False,False,True,43.66707600001973,True,5.812626999841086,True,raw_gray,True
335,1,logo,True,True,True,49.374133999890546,True,15.007672000137973,True,raw_gray,True
335,1,styled,True,True,True,149.9836449997929,True,20.32750499984104,True,raw_gray,True
335,1,ascii,False,True,True,91.18709300014416,True,12.969580999879327,True,raw_gray,True
336,1,plain,True,True,True,110.51233600005617,True,12.50561500000913,True,raw_gray,True
336,1,inverted_color,False,False,True,60.07140599990635,True,19.576514999926076,True,raw_gray,True
336,1,logo,True,True,True,110.56843300002583,True,18.230916999982583,True,raw_gray,True
336,1,styled,True,True,True,154.33128099994065,True,31.63558500000363,True,raw_gray,True
336,1,ascii,False,False,True,118.16792100012208,True,20.558961000006093,True,raw_gray,True
337,1,plain,True,True,True,104.22722899988912,True,12.129169000218099,True,raw_gray,True
337,1,inverted_color,False,False,True,116.10044600001856,True,16.963390999990224,True,raw_gray,True
337,1,logo,True,True,True,136.93991099989944,True,15.11851499981276,True,raw_gray,True
337,1,styled,True,True,True,109.61585099994409,True,10.010397000087323,True,raw_gray,True
337,1,ascii,False,True,True,55.36050000000614,True,12.32314599997153,True,raw_gray,True
338,1,plain,True,True,True,87.40069999998923,True,8.067509000056816,True,raw_gray,True
338,1,inverted_color,False,False,True,36.89929699999084,True,8.362967000039134,True,raw_gray,True
338,1,logo,False,True,True,183.23057900011008,True,35.798424999939016,True,raw_gray,True
338,1,styled,True,True,True,188.2253439998749,True,23.471196999935273,True,raw_gray,True
338,1,ascii,False,True,True,48.26483399983772,True,6.921698000041943,True,raw_gray,True
339,1,plain,True,True,True,57.52817999996296,True,6.874226000036288,True,raw_gray,True
339,1,inverted_color,False,False,True,34.458596000149555,True,7.275800000115851,True,raw_gray,True
339,1,logo,True,True,True,70.05998299996463,True,10.677799999939452,True,raw_gray,True
339,1,styled,True,True,True,80.1459970000451,True,13.596693999943454,True,raw_gray,True
339,1,ascii,True,True,True,50.38323200005834,True,7.832180000150402,True,raw_gray,True
340,1,plain,True,True,True,35.488382000039564,True,4.685750999897209,True,raw_gray,True
340,1,inverted_color,False,False,True,35.515173000021605,True,5.110424000122293,True,raw_gray,True
340,1,logo,True,True,True,42.71364500004893,True,6.052876000012475,True,raw_gray,True
340,1,styled,True,True,True,48.352181999916866,True,8.026678000078391,True,raw_gray,True
340,1,ascii,False,False,True,37.99996099996861,True,15.857195000080537,True,raw_gray,True
341,1,plain,True,True,True,58.02887400000145,True,5.458992999820111,True,raw_gray,True
341,1,inverted_color,False,False,True,66.12021099999765,True,6.619138000132807,True,raw_gray,True
341,1,logo,True,True,True,66.20053200003895,True,7.322974999851795,True,raw_gray,True
341,1,styled,True,True,True,72.55341299992324,True,12.448055000049862,True,raw_gray,True
341,1,ascii,False,True,True,38.84960499999579,True,4.922689999830254,True,raw_gray,True
342,1,plain,True,True,True,46.279084999923725,True,14.440943999943556,True,raw_gray,True
342,1,inverted_color,False,False,True,29.213745000106428,True,6.075992999967639,True,raw_gray,True
342,1,logo,True,True,True,49.07080499992844,True,6.947519000050306,True,raw_gray,True
342,1,styled,True,True,True,60.10939900011181,True,8.617313000058857,True,raw_gray,True
342,1,ascii,False,False,True,42.86595799999304,True,7.2000410000327975,True,raw_gray,True
343,1,plain,True,True,True,57.84524700015936,True,8.133800999985397,True,raw_gray,True
343,1,inverted_color,False,False,True,39.60687399990093,True,8.05852300004517,True,raw_gray,True
343,1,logo,False,True,True,123.83085700002994,True,75.4047929999615,True,raw_gray,True
343,1,styled,True,True,True,161.530207999931,True,23.031659000025684,True,raw_gray,True
343,1,ascii,False,True,True,50.897579999855225,True,7.140038000216009,True,raw_gray,True
344,1,plain,True,True,True,47.35273300002518,True,6.69649900009972,True,raw_gray,True
344,1,inverted_color,False,False,True,30.28095099989514,True,5.921449999959805,True,raw_gray,True
344,1,logo,True,True,True,55.222995000121955,True,6.851011999970069,True,raw_gray,True
344,1,styled,True,True,True,54.8161510000682,True,8.448953999959485,True,raw_gray,True
344,1,ascii,False,False,True,25.247525999930076,True,4.953354999997828,True,raw_gray,True
345,1,plain,True,True,True,35.89686400005121,True,4.830474999835133,True,raw_gray,True
345,1,inverted_color,False,False,True,26.456206000148086,True,4.474566999988383,True,raw_gray,True
345,1,logo,True,True,True,43.464073999984976,True,6.578092999916407,True,raw_gray,True
345,1,styled,True,True,True,45.138210999994044,True,6.864664999966408,True,raw_gray,True
345,1,ascii,False,True,True,32.40266599982533,True,4.117355000062162,True,raw_gray,True
346,1,plain,True,True,True,96.57060200015621,True,15.061312999932852,True,raw_gray,True
346,1,inverted_color,False,False,True,64.70701800003553,True,15.83355599996139,True,raw_gray,True
346,1,logo,False,True,True,168.58696999997846,True,25.766148999991856,True,raw_gray,True
346,1,styled,True,True,True,185.22151199999826,True,37.050180000051114,True,raw_gray,True
346,1,ascii,True,True,True,66.31834500012701,True,10.429020999936256,True,raw_gray,True
347,1,plain,True,True,True,94.59492600012709,True,17.288993999954982,True,raw_gray,True
347,1,inverted_color,False,False,True,67.04825600013464,True,15.061812000112695,True,raw_gray,True
347,1,logo,False,True,True,141.65830499996446,True,27.62795500007087,True,raw_gray,True
347,1,styled,True,True,True,148.2342479998806,True,31.77520100007314,True,raw_gray,True
347,1,ascii,True,True,True,63.807357000086995,True,10.40957600002912,True,raw_gray,True
348,1,plain,True,True,True,46.09010900003341,True,4.903328000182228,True,raw_gray,True
348,1,inverted_color,False,False,True,61.78391899993585,True,4.797069999995074,True,raw_gray,True
348,1,logo,True,True,True,49.71915399983118,True,5.894199999829652,True,raw_gray,True
348,1,styled,True,True,True,42.9940550000083,True,7.140278999941074,True,raw_gray,True
348,1,ascii,False,True,True,38.204933000088204,True,3.9895590000469383,True,raw_gray,True
349,1,plain,True,True,True,42.65256100006809,True,5.928075999918292,True,raw_gray,True
349,1,inverted_color,False,False,True,30.624874000068303,True,5.495025999834979,True,raw_gray,True
349,1,logo,True,True,True,59.15302299990799,True,8.572951000132889,True,raw_gray,True
349,1,styled,True,True,True,71.18009100008749,True,10.937065000007351,True,raw_gray,True
349,1,ascii,False,False,True,29.82685599999968,True,5.729686999984551,True,raw_gray,True
350,1,plain,True,True,True,46.621546000096714,True,5.838189000087368,True,raw_gray,True
350,1,inverted_color,False,False,True,44.867136999982904,True,5.49012200008292,True,raw_gray,True
350,1,logo,True,True,True,47.50018999993699,True,7.476398999870071,True,raw_gray,True
350,1,styled,True,True,True,70.64908500001366,True,8.760467000001881,True,raw_gray,True
350,1,ascii,False,False,True,29.849493000028815,True,5.212300000039249,True,raw_gray,True
351,1,plain,True,True,True,56.80149399995571,True,5.56324199988012,True,raw_gray,True
351,1,inverted_color,False,False,True,45.88753899997755,True,6.141106000086438,True,raw_gray,True
351,1,logo,True,True,True,57.09240300006968,True,8.723744999997507,True,raw_gray,True
351,1,styled,True,True,True,53.609034000146494,True,8.732232000056683,True,raw_gray,True
351,1,ascii,False,True,True,58.58613400005197,True,5.32843199994204,True,raw_gray,True
352,1,plain,True,True,True,36.31091099987316,True,5.315407999887611,True,raw_gray,True
352,1,inverted_color,False,False,True,25.19164299997101,True,4.56916299981458,True,raw_gray,True
352,1,logo,True,True,True,41.76817300003677,True,6.153605999998035,True,raw_gray,True
352,1,styled,True,True,True,42.62880600003882,True,14.292024000042147,True,raw_gray,True
352,1,ascii,False,False,True,33.22819699997126,True,4.2483030001676525,True,raw_gray,True
353,1,plain,True,True,True,64.31102900000951,True,7.727339999973992,True,raw_gray,True
353,1,inverted_color,False,False,True,31.751216999964527,True,7.737954000049285,True,raw_gray,True
353,1,logo,True,True,True,76.30123400008415,True,9.780363000118086,True,raw_gray,True
353,1,styled,True,True,True,69.07064600000012,True,14.35619099993346,True,raw_gray,True
353,1,ascii,True,True,True,49.0365529999508,True,6.522828000015579,True,raw_gray,True
354,1,plain,True,True,True,51.47934499996154,True,5.738840000049095,True,raw_gray,True
354,1,inverted_color,False,False,True,34.455881999974736,True,6.080842000073972,True,raw_gray,True
354,1,logo,True,True,True,59.59421300008216,True,7.306271999823366,True,raw_gray,True
354,1,styled,True,True,True,55.02909000006184,True,17.314767000016218,True,raw_gray,True
354,1,ascii,False,True,True,37.9418429999987,True,5.276111000057426,True,raw_gray,True
355,1,plain,True,True,True,58.69179299997995,True,7.5130000000172,True,raw_gray,True
355,1,inverted_color,False,False,True,32.441676999951596,True,10.290458000099534,True,raw_gray,True
355,1,logo,True,True,True,87.78977799988752,True,9.839592000162156,True,raw_gray,True
355,1,styled,True,True,True,73.66847799994503,True,13.702192999971885,True,raw_gray,True
355,1,ascii,True,True,True,43.88425499996629,True,5.939907000083622,True,raw_gray,True
356,1,plain,True,True,True,35.08748999979616,True,4.938053999921976,True,raw_gray,True
356,1,inverted_color,False,False,True,27.670209000007162,True,4.9178399999618705,True,raw_gray,True
356,1,logo,True,True,True,47.5037930000326,True,5.816991999836318,True,raw_gray,True
356,1,styled,True,True,True,44.81195599987586,True,7.10205100017447,True,raw_gray,True
356,1,ascii,False,True,True,39.905994000037026,True,4.4524449999698845,True,raw_gray,True
357,1,plain,True,True,True,51.05456400019648,True,7.207912000012584,True,raw_gray,True
357,1,inverted_color,False,False,True,41.12635000001319,True,6.88392200004273,True,raw_gray,True
357,1,logo,True,True,True,62.02157999996416,True,11.031098999865208,True,raw_gray,True
357,1,styled,True,True,True,62.22839000020031,True,12.170329999889873,True,raw_gray,True
357,1,ascii,True,True,True,42.14267799989102,True,6.0602369999287475,True,raw_gray,True
358,1,plain,True,True,True,36.046657000042615,True,4.510743999844635,True,raw_gray,True
358,1,inverted_color,False,False,True,26.39465700008259,True,4.844081999863192,True,raw_gray,True
358,1,logo,True,True,True,50.461232000088785,True,6.8106969999917055,True,raw_gray,True
358,1,styled,True,True,True,52.757609999844135,True,8.67353900002854,True,raw_gray,True
358,1,ascii,False,True,True,32.76171799984695,True,3.781682999942859,True,raw_gray,True
359,1,plain,True,True,True,43.45188700017388,True,7.459983999979158,True,raw_gray,True
359,1,inverted_color,False,False,True,27.796416000001045,True,6.012350999981209,True,raw_gray,True
359,1,logo,True,True,True,61.15083899999263,True,7.380442000112453,True,raw_gray,True
359,1,styled,True,True,True,58.26632800017251,True,12.164001999963148,True,raw_gray,True
359,1,ascii,False,False,True,26.951868999958606,True,5.133388000103878,True,raw_gray,True
360,1,plain,True,True,True,59.95314099982352,True,7.840094999892244,True,raw_gray,True
360,1,inverted_color,False,False,True,49.032767999960924,True,7.103575999963141,True,raw_gray,True
360,1,logo,True,True,True,73.3440569999857,True,9.67508100006853,True,raw_gray,True
360,1,styled,True,True,True,78.01595399996586,True,12.901961000125084,True,raw_gray,True
360,1,ascii,True,True,True,47.918681000055585,True,6.144755999912377,True,raw_gray,True
361,1,plain,True,True,True,45.87367799990716,True,9.655886000018654,True,raw_gray,True
361,1,inverted_color,False,False,True,29.419730999961757,True,5.943763999994189,True,raw_gray,True
361,1,logo,True,True,True,58.08238899999196,True,7.122374999880776,True,raw_gray,True
361,1,styled,True,True,True,52.98016899996583,True,8.846315000027971,True,raw_gray,True
361,1,ascii,False,True,True,46.44447900000159,True,5.25155199989058,True,raw_gray,True
362,1,plain,True,True,True,35.81250399997771,True,4.667224000058923,True,raw_gray,True
362,1,inverted_color,False,False,True,36.86570100012432,True,4.481609999857028,True,raw_gray,True
362,1,logo,True,True,True,56.3089529998706,True,14.690905999941606,True,raw_gray,True
362,1,styled,True,True,True,55.970529999967766,True,17.570690999946237,True,raw_gray,True
362,1,ascii,False,True,True,48.91818700002659,True,10.404988000118465,True,raw_gray,True
363,1,plain,True,True,True,86.902130999988,True,10.706202000164922,True,raw_gray,True
363,1,inverted_color,False,False,True,43.932580999808124,True,10.30917999992198,True,raw_gray,True
363,1,logo,False,True,True,126.78707100008069,True,19.245396000087567,True,raw_gray,True
363,1,styled,True,True,True,136.57703200010474,True,26.714105999872118,True,raw_gray,True
363,1,ascii,False,True,True,53.33657400001357,True,8.615799999915907,True,raw_gray,True
364,1,plain,True,True,True,44.29051400006756,True,5.785027000001719,True,raw_gray,True
364,1,inverted_color,False,False,True,41.0988510000152,True,5.95629800000097,True,raw_gray,True
364,1,logo,True,True,True,56.64047000004757,True,7.270829000162848,True,raw_gray,True
364,1,styled,True,True,True,54.32180000002518,True,8.44545800009655,True,raw_gray,True
364,1,ascii,False,True,True,35.59234199997263,True,5.045662999918932,True,raw_gray,True
365,1,plain,True,True,True,57.149744999833274,True,8.061194999982035,True,raw_gray,True
365,1,inverted_color,False,False,True,42.29180600009386,True,8.799726999995983,True,raw_gray,True
365,1,logo,False,True,True,116.73921000010523,True,18.739656999969156,True,raw_gray,True
365,1,styled,True,True,True,125.53691099992648,True,23.808648000112953,True,raw_gray,True
365,1,ascii,False,True,True,47.367854000185616,True,7.142979000036576,True,raw_gray,True
366,1,plain,True,True,True,40.537283000048774,True,6.159712999988187,True,raw_gray,True
366,1,inverted_color,False,False,True,30.060521999985212,True,6.048444000043673,True,raw_gray,True
366,1,logo,True,True,True,64.3255009999848,True,8.210488000031546,True,raw_gray,True
366,1,styled,True,True,True,68.08239800011506,True,10.899810999944748,True,raw_gray,True
366,1,ascii,False,True,True,36.60172800005057,True,4.724688000123933,True,raw_gray,True
367,1,plain,True,True,True,44.61970800002746,True,6.179301999964082,True,raw_gray,True
367,1,inverted_color,False,False,True,28.168380999886722,True,5.947385999888866,True,raw_gray,True
367,1,logo,True,True,True,69.11048200004188,True,9.855144000084692,True,raw_gray,True
367,1,styled,True,True,True,69.14501400001427,True,11.714541999936046,True,raw_gray,True
367,1,ascii,False,False,True,78.09816600001795,True,24.34758000003967,True,raw_gray,True
368,1,plain,True,True,True,156.86924599981467,True,20.792342000049757,True,raw_gray,True
368,1,inverted_color,False,False,True,95.50510000008217,True,8.896596999875328,True,raw_gray,True
368,1,logo,True,True,True,47.887161000062406,True,6.067969000014273,True,raw_gray,True
368,1,styled,True,True,True,42.28952800008301,True,7.115559000112626,True,raw_gray,True
368,1,ascii,False,True,True,37.15067200005251,True,10.547520000045552,True,raw_gray,True
369,1,plain,True,True,True,66.95454700002301,True,11.072447999822543,True,raw_gray,True
369,1,inverted_color,False,False,True,55.33808399991358,True,8.966632000010577,True,raw_gray,True
369,1,logo,True,True,True,83.3490449999772,True,10.97077999997964,True,raw_gray,True
369,1,styled,True,True,True,90.23895199993603,True,15.49706600007994,True,raw_gray,True
369,1,ascii,False,False,True,60.30338599998686,True,3.853203000062422,True,raw_gray,True
370,1,plain,True,True,True,84.12566499987406,True,13.43799599999329,True,raw_gray,True
370,1,inverted_color,False,False,True,60.273910999967484,True,14.16734000008546,True,raw_gray,True
370,1,logo,True,True,True,130.29517399991164,True,15.993156000149611,True,raw_gray,True
370,1,styled,True,True,True,116.0073559999546,True,16.170115000022633,True,raw_gray,True
370,1,ascii,False,True,True,92.3125770000297,True,11.302849000003334,True,raw_gray,True
371,1,plain,True,True,True,75.41934599998967,True,8.28840000008313,True,raw_gray,True
371,1,inverted_color,False,False,True,71.68835399988893,True,11.228218000042034,True,raw_gray,True
371,1,logo,True,True,True,125.35277200004202,True,13.554600000134087,True,raw_gray,True
371,1,styled,True,True,True,128.32351700012623,True,17.11555700012468,True,raw_gray,True
371,1,ascii,False,True,True,90.38102399995296,True,5.946624999978667,True,raw_gray,True
372,1,plain,True,True,True,208.80128799990416,True,22.416788000100496,True,raw_gray,True
372,1,inverted_color,False,False,True,423.31045400010225,True,120.89098299998113,True,raw_gray,True
372,1,logo,True,True,True,696.3251390000096,True,53.11533999997664,True,raw_gray,True
372,1,styled,True,True,True,582.6347459999397,True,132.9133560000173,True,raw_gray,True
372,1,ascii,False,False,True,331.0911019998457,True,60.75079999982336,True,raw_gray,True
373,1,plain,True,True,True,153.09232399999928,True,11.286880999932691,True,raw_gray,True
373,1,inverted_color,False,False,True,207.2381039999982,True,64.49766500008991,True,raw_gray,True
373,1,logo,True,True,True,453.52193899998383,True,99.77330600008827,True,raw_gray,True
373,1,styled,True,True,True,414.7876819999965,True,72.0010210000055,True,raw_gray,True
373,1,ascii,False,True,True,165.9216440000364,True,24.66819599999326,True,raw_gray,True
374,1,plain,True,True,True,169.3443170001956,True,9.473864000028698,True,raw_gray,True
374,1,inverted_color,False,False,True,27.757160999954067,True,4.836077000163641,True,raw_gray,True
374,1,logo,True,True,True,73.50223399998868,True,7.3391979999541945,True,raw_gray,True
374,1,styled,True,True,True,128.46618999992643,True,20.02031300003182,True,raw_gray,True
374,1,ascii,False,True,True,66.87749299999268,True,5.74486400000751,True,raw_gray,True
375,1,plain,True,True,True,58.100471999978254,True,7.345554000039556,True,raw_gray,True
375,1,inverted_color,False,False,True,51.48406100011016,True,6.760686000006899,True,raw_gray,True
375,1,logo,True,True,True,87.03396400005659,True,20.32433099998343,True,raw_gray,True
375,1,styled,True,True,True,161.68738299984398,True,25.945334999960323,True,raw_gray,True
375,1,ascii,False,True,True,143.90893200015853,True,17.076340999892636,True,raw_gray,True
376,1,plain,True,True,True,163.3586610000748,True,21.961710000141466,True,raw_gray,True
376,1,inverted_color,False,False,True,124.98347199993987,True,13.769278000154372,True,raw_gray,True
376,1,logo,True,True,True,159.17822300002626,True,15.790882999908717,True,raw_gray,True
376,1,styled,True,True,True,136.91249399994376,True,49.73700800019287,True,raw_gray,True
376,1,ascii,False,True,True,147.88013199995476,True,23.35305400015386,True,raw_gray,True
377,1,plain,True,True,True,89.5972629998596,True,13.560012999960236,True,raw_gray,True
377,1,inverted_color,False,False,True,71.25115199983156,True,7.26933500004634,True,raw_gray,True
377,1,logo,True,True,True,90.93288799999755,True,11.651726000081908,True,raw_gray,True
377,1,styled,True,True,True,83.48219799995604,True,14.390644000059183,True,raw_gray,True
377,1,ascii,False,False,True,49.651133999986996,True,6.29736399991998,True,raw_gray,True
378,1,plain,True,True,True,60.279218999994555,True,8.08355300000585,True,raw_gray,True
378,1,inverted_color,False,False,True,36.76448199985316,True,7.935634999967078,True,raw_gray,True
378,1,logo,True,True,True,74.01234200006002,True,11.696309999933874,True,raw_gray,True
378,1,styled,True,True,True,99.5472439999503,True,14.705723999895781,True,raw_gray,True
378,1,ascii,False,False,True,51.02490600006604,True,11.024798000107694,True,raw_gray,True
379,1,plain,True,True,True,64.74252400016667,True,8.699326000169094,True,raw_gray,True
379,1,inverted_color,False,False,True,38.54278199992223,True,13.222825999946508,True,raw_gray,True
379,1,logo,True,True,True,75.64451400003236,True,15.40691200011679,True,raw_gray,True
379,1,styled,True,True,True,91.15324699996563,True,15.06705800011332,True,raw_gray,True
379,1,ascii,False,True,True,59.453976999975566,True,8.918376999872635,True,raw_gray,True
380,1,plain,True,True,True,111.5720790000978,True,11.968693000198982,True,raw_gray,True
380,1,inverted_color,False,False,True,36.74519099990903,True,7.242296999947939,True,raw_gray,True
380,1,logo,True,True,True,79.49846400015304,True,10.191867000003185,True,raw_gray,True
380,1,styled,True,True,True,75.28357399996821,True,11.928853999961575,True,raw_gray,True
380,1,ascii,False,True,True,55.49462599992694,True,5.884828000034759,True,raw_gray,True
381,1,plain,True,True,True,78.30003799995211,True,10.649076999925455,True,raw_gray,True
381,1,inverted_color,False,False,True,77.40215100011483,True,23.44749500002763,True,raw_gray,True
381,1,logo,False,True,True,165.55087000006097,True,18.68079900009434,True,raw_gray,True
381,1,styled,True,True,True,165.74015999981384,True,49.28610800016031,True,raw_gray,True
381,1,ascii,False,True,True,187.60696300000745,True,13.733015999832787,True,raw_gray,True
382,1,plain,True,True,True,79.9090640000486,True,30.26315900001464,True,raw_gray,True
382,1,inverted_color,False,False,True,88.13730199995007,True,15.533856000047308,True,raw_gray,True
382,1,logo,True,True,True,130.69195499997477,True,9.044910999818967,True,raw_gray,True
382,1,styled,True,True,True,69.05052799993427,True,11.246251000102347,True,raw_gray,True
382,1,ascii,False,True,True,49.025642999822594,True,6.975181000143493,True,raw_gray,True
383,1,plain,True,False,True,62.998858000128166,True,8.056460000034349,True,raw_gray,True
383,1,inverted_color,False,False,True,39.06900699985272,True,7.305476999817984,True,raw_gray,True
383,1,logo,True,True,True,124.24218200021642,True,29.42302099995686,True,raw_gray,True
383,1,styled,True,True,True,86.82829500003209,True,27.158376999977918,True,raw_gray,True
383,1,ascii,False,False,True,105.97115399991708,True,15.705458999946131,True,raw_gray,True
384,1,plain,True,True,True,55.423730000029536,True,7.733208999979979,True,raw_gray,True
384,1,inverted_color,False,False,True,53.95270700000765,True,15.48167300006753,True,raw_gray,True
384,1,logo,True,False,True,191.0453000000416,True,24.163264999970124,True,raw_gray,True
384,1,styled,True,True,True,115.64244000010149,True,11.72128000007433,True,raw_gray,True
384,1,ascii,False,False,True,65.76135799991789,True,15.069270000140023,True,raw_gray,True
385,1,plain,True,True,True,37.55430699993667,True,4.320880000022953,True,raw_gray,True
385,1,inverted_color,False,False,True,39.87750999999662,True,5.473499000117954,True,raw_gray,True
385,1,logo,True,True,True,69.73644799995782,True,7.327499999973952,True,raw_gray,True
385,1,styled,True,True,True,65.92637400012791,True,8.665671000017028,True,raw_gray,True
385,1,ascii,False,False,True,33.304342000064935,True,4.162052000083349,True,raw_gray,True
386,1,plain,True,True,True,38.56358099983481,True,5.224113999929614,True,raw_gray,True
386,1,inverted_color,False,False,True,42.71480499983227,True,4.7220610001659225,True,raw_gray,True
386,1,logo,True,True,True,61.58802100003413,True,7.4586419998468045,True,raw_gray,True
386,1,styled,True,True,True,49.62355199995727,True,8.684763000019302,True,raw_gray,True
386,1,ascii,False,True,True,32.48141500012025,True,4.585537000139084,True,raw_gray,True
387,1,plain,True,True,True,44.998183000188874,True,5.7142780001413485,True,raw_gray,True
387,1,inverted_color,False,False,True,33.55834399985724,True,6.907261999913317,True,raw_gray,True
387,1,logo,True,True,True,74.17144900000494,True,7.838019000018903,True,raw_gray,True
387,1,styled,True,True,True,59.37906400004067,True,9.494221000068137,True,raw_gray,True
387,1,ascii,False,False,True,41.976669999939986,True,4.751584999894476,True,raw_gray,True
388,1,plain,True,True,True,114.47923599985188,True,11.571762999892599,True,raw_gray,True
388,1,inverted_color,False,False,True,40.70201500007897,True,5.738777000033224,True,raw_gray,True
388,1,logo,True,True,True,59.45012899996982,True,11.525623999887102,True,raw_gray,True
388,1,styled,True,True,True,70.07663099989259,True,10.693447999983619,True,raw_gray,True
388,1,ascii,False,True,True,62.713227000131155,True,6.608776999883048,True,raw_gray,True
389,1,plain,True,True,True,40.98135399999592,True,5.376458000000639,True,raw_gray,True
389,1,inverted_color,False,False,True,40.508576000092944,True,8.906717000172648,True,raw_gray,True
389,1,logo,True,True,True,105.74130400004833,True,13.168057000029876,True,raw_gray,True
389,1,styled,True,True,True,94.67104800000925,True,15.606441000045379,True,raw_gray,True
389,1,ascii,False,True,True,67.55042200006756,True,7.451948999914748,True,raw_gray,True
390,1,plain,True,True,True,86.21686400010731,True,13.883657000178573,True,raw_gray,True
390,1,inverted_color,False,False,True,61.29806499984625,True,12.199982999845815,True,raw_gray,True
390,1,logo,True,True,True,123.08817400003136,True,15.310302999978376,True,raw_gray,True
390,1,styled,True,True,True,107.1090620000632,True,17.19397800002298,True,raw_gray,True
390,1,ascii,False,True,True,89.53475300017999,True,4.889464000143562,True,raw_gray,True
391,1,plain,True,True,True,41.95221899999524,True,6.810801000028732,True,raw_gray,True
391,1,inverted_color,False,False,True,30.240597000101843,True,5.8767999998963205,True,raw_gray,True
391,1,logo,True,True,True,60.30343099996571,True,9.17200200001389,True,raw_gray,True
391,1,styled,True,True,True,53.991662000044016,True,9.187509999946997,True,raw_gray,True
391,1,ascii,False,False,True,77.85998700001073,True,10.891936000007263,True,raw_gray,True
392,1,plain,True,True,True,95.40436399993268,True,12.230909999971118,True,raw_gray,True
392,1,inverted_color,False,False,True,64.66414400006215,True,12.345665000111694,True,raw_gray,True
392,1,logo,True,True,True,108.60346300000856,True,15.688855999997031,True,raw_gray,True
392,1,styled,True,True,True,111.10024899994642,True,18.838038000012602,True,raw_gray,True
392,1,ascii,False,True,True,101.11235599993051,True,9.253332000071168,True,raw_gray,True
393,1,plain,True,True,True,143.80823900000905,True,44.49783700010812,True,raw_gray,True
393,1,inverted_color,False,False,True,118.18962100005592,True,19.845886999974027,True,raw_gray,True
393,1,logo,True,True,True,101.71481899988066,True,19.2856670000765,True,raw_gray,True
393,1,styled,True,True,True,77.64401199983695,True,13.546086999895124,True,raw_gray,True
393,1,ascii,True,True,True,63.110191000077975,True,10.338667000041823,True,raw_gray,True
394,1,plain,True,True,True,56.13859000004595,True,8.825730000125986,True,raw_gray,True
394,1,inverted_color,False,False,True,42.77895299992451,True,7.371997000063857,True,raw_gray,True
394,1,logo,True,True,True,109.58579699990878,True,20.696543999974892,True,raw_gray,True
394,1,styled,True,True,True,157.2006159999546,True,33.21967800002312,True,raw_gray,True
394,1,ascii,True,True,True,50.04802799999197,True,7.174183999950401,True,raw_gray,True
395,1,plain,True,True,True,87.33212100014498,True,10.759313000107795,True,raw_gray,True
395,1,inverted_color,False,False,True,43.523043000050166,True,19.579280000016297,True,raw_gray,True
395,1,logo,False,True,True,208.61201399998208,True,24.844230999860883,True,raw_gray,True
395,1,styled,True,True,True,246.0130989998106,True,33.63026100009847,True,raw_gray,True
395,1,ascii,False,False,True,52.380568999979005,True,11.669012000083967,True,raw_gray,True
396,1,plain,True,True,True,47.022497999932966,True,6.798621999905663,True,raw_gray,True
396,1,inverted_color,False,False,True,30.836859999908484,True,5.7194420000996615,True,raw_gray,True
396,1,logo,True,True,True,58.409011000094324,True,8.228361000192308,True,raw_gray,True
396,1,styled,True,True,True,57.34489399992526,True,15.717373000143198,True,raw_gray,True
396,1,ascii,False,False,True,39.26196600014009,True,5.547235999983968,True,raw_gray,True
397,1,plain,True,True,True,77.38948200017148,True,10.37612100003571,True,raw_gray,True
397,1,inverted_color,False,False,True,47.389253999881475,True,10.107499000014286,True,raw_gray,True
397,1,logo,False,True,True,127.1697709998989,True,21.08306300010554,True,raw_gray,True
397,1,styled,True,True,True,142.94485999994322,True,30.18284999984644,True,raw_gray,True
397,1,ascii,False,False,True,60.372916000005716,True,8.855709000044953,True,raw_gray,True
398,1,plain,True,True,True,56.97840199991333,True,6.3973770002121455,True,raw_gray,True
398,1,inverted_color,False,False,True,31.805980999934036,True,6.137862000059613,True,raw_gray,True
398,1,logo,True,True,True,62.11368699996456,True,7.671753000067838,True,raw_gray,True
398,1,styled,True,True,True,56.72896600003696,True,9.321020000015778,True,raw_gray,True
398,1,ascii,False,False,True,39.6193100000346,True,5.179851000093549,True,raw_gray,True
399,1,plain,True,True,True,82.39762000016526,True,10.224031000007017,True,raw_gray,True
399,1,inverted_color,False,False,True,47.081112000114445,True,11.331945999927484,True,raw_gray,True
399,1,logo,False,True,True,140.19830100005493,True,21.826995999845167,True,raw_gray,True
399,1,styled,True,True,True,142.4945060000482,True,37.44434600002933,True,raw_gray,True
399,1,ascii,False,False,True,57.20545999997739,True,8.597976999908497,True,raw_gray,True
400,1,plain,True,True,True,100.17179199985549,True,10.062858000082997,True,raw_gray,True
400,1,inverted_color,False,False,True,93.84218700006386,True,10.252895999883549,True,raw_gray,True
400,1,logo,False,True,True,172.1059060000698,True,24.162878999959503,True,raw_gray,True
400,1,styled,True,True,True,179.4089359998452,True,35.9695649999594,True,raw_gray,True
400,1,ascii,False,True,True,55.95945700019911,True,9.144504999994751,True,raw_gray,True
401,1,plain,True,True,True,46.017982999956075,True,5.598616000042966,True,raw_gray,True
401,1,inverted_color,False,False,True,33.82129200008421,True,5.79857799993988,True,raw_gray,True
401,1,logo,True,True,True,73.16407600001185,True,13.177334999909363,True,raw_gray,True
401,1,styled,True,True,True,105.64396199993098,True,19.67346100013856,True,raw_gray,True
401,1,ascii,False,True,True,113.52179699997578,True,13.075421999928949,True,raw_gray,True
402,1,plain,True,True,True,160.9586730000956,True,16.83293800010688,True,raw_gray,True
402,1,inverted_color,False,False,True,31.665198000155215,True,7.306534000008469,True,raw_gray,True
402,1,logo,True,True,True,79.04767400009405,True,6.112825000172961,True,raw_gray,True
402,1,styled,True,True,True,104.23477199992703,True,25.725018999992244,True,raw_gray,True
402,1,ascii,False,False,True,67.31554599991796,True,16.31576199997653,True,raw_gray,True
403,1,plain,True,True,True,125.61990000017431,True,12.726301999919087,True,raw_gray,True
403,1,inverted_color,False,False,True,85.65227299982325,True,28.20786000006592,True,raw_gray,True
403,1,logo,True,True,True,119.5512729998427,True,18.08175799988021,True,raw_gray,True
403,1,styled,True,True,True,158.16170299990517,True,28.234704999931637,True,raw_gray,True
403,1,ascii,False,True,True,101.81270700013556,True,15.176374000020587,True,raw_gray,True
404,1,plain,True,True,True,323.195485000042,True,71.75775000018803,True,raw_gray,True
404,1,inverted_color,False,False,True,186.30096699985188,True,38.21799800016379,True,raw_gray,True
404,1,logo,False,True,True,472.19176800012974,True,78.88468999999532,True,raw_gray,True
404,1,styled,True,True,True,417.5984419998713,True,77.20560099983231,True,raw_gray,True
404,1,ascii,False,True,True,179.1355160000876,True,17.715315000032206,True,raw_gray,True
405,1,plain,True,True,True,117.5033260001328,True,12.639368999998624,True,raw_gray,True
405,1,inverted_color,False,False,True,74.2274599999746,True,11.814384999979666,True,raw_gray,True
405,1,logo,True,True,True,88.25897299993812,True,7.801040000003923,True,raw_gray,True
405,1,styled,True,True,True,58.928707999939434,True,14.044942000055016,True,raw_gray,True
405,1,ascii,False,True,True,96.1667579999812,True,15.087872000094649,True,raw_gray,True
406,1,plain,True,True,True,143.41516900003626,True,18.2866909999575,True,raw_gray,True
406,1,inverted_color,False,False,True,64.9890739998682,True,5.231784999978117,True,raw_gray,True
406,1,logo,True,True,True,155.59487300015462,True,23.99725500004024,True,raw_gray,True
406,1,styled,True,True,True,177.1374370000558,True,16.05063099987092,True,raw_gray,True
406,1,ascii,False,True,True,80.03410700007407,True,22.252471000001606,True,raw_gray,True
407,1,plain,True,True,True,124.97779499994977,True,12.377717999925153,True,raw_gray,True
407,1,inverted_color,False,False,True,70.70281400001477,True,24.040851999870938,True,raw_gray,True
407,1,logo,True,True,True,110.68898700000318,True,9.168220999981713,True,raw_gray,True
407,1,styled,True,True,True,63.386956999920585,True,10.585235000007742,True,raw_gray,True
407,1,ascii,False,False,True,45.8132899998418,True,5.178096999998161,True,raw_gray,True
408,1,plain,True,True,True,36.723971000128586,True,4.889282000021922,True,raw_gray,True
408,1,inverted_color,False,False,True,26.432290999991892,True,4.729422999844246,True,raw_gray,True
408,1,logo,True,True,True,42.14805200012961,True,8.09639099998094,True,raw_gray,True
408,1,styled,True,True,True,69.12824599999112,True,7.867891999921994,True,raw_gray,True
408,1,ascii,False,True,True,48.761530000092534,True,4.571992999899521,True,raw_gray,True
409,1,plain,True,True,True,37.05016100002467,True,4.621958999905473,True,raw_gray,True
409,1,inverted_color,False,False,True,26.485556000125143,True,4.7660199998063035,True,raw_gray,True
409,1,logo,True,True,True,72.45044499995856,True,7.163393999917389,True,raw_gray,True
409,1,styled,True,True,True,61.81201300000794,True,9.25022399997033,True,raw_gray,True
409,1,ascii,False,True,True,46.1713059999056,True,3.921238999964771,True,raw_gray,True
410,1,plain,True,True,True,40.36903900009747,True,4.563125999993645,True,raw_gray,True
410,1,inverted_color,False,False,True,35.39455600002839,True,4.729807000103392,True,raw_gray,True
410,1,logo,True,True,True,56.66511700019328,True,6.5717350000795705,True,raw_gray,True
410,1,styled,True,True,True,46.26768599996467,True,7.059595000100671,True,raw_gray,True
410,1,ascii,False,True,True,47.579648999999336,True,4.435707000084221,True,raw_gray,True
411,1,plain,True,True,True,51.37211199985359,True,7.124653000118997,True,raw_gray,True
411,1,inverted_color,False,False,True,35.473540999873876,True,7.690645000138829,True,raw_gray,True
411,1,logo,True,True,True,65.18229299990708,True,10.313030999896,True,raw_gray,True
411,1,styled,True,True,True,75.07202900001175,True,12.984395999865228,True,raw_gray,True
411,1,ascii,True,True,True,44.85640699999749,True,6.184100000155013,True,raw_gray,True
412,1,plain,True,True,True,39.210034999996424,True,5.031781000070623,True,raw_gray,True
412,1,inverted_color,False,False,True,26.520066000102815,True,4.557109999950626,True,raw_gray,True
412,1,logo,True,True,True,55.59154899992791,True,7.526946000098178,True,raw_gray,True
412,1,styled,True,True,True,57.62047500002154,True,9.445098000014696,True,raw_gray,True
412,1,ascii,False,True,True,40.497015000028114,True,7.392778999928851,True,raw_gray,True
413,1,plain,True,True,True,46.38895900006901,True,5.552614000180256,True,raw_gray,True
413,1,inverted_color,False,False,True,35.98894499987182,True,6.707996999921306,True,raw_gray,True
413,1,logo,True,True,True,61.03697000003194,True,8.690205999982936,True,raw_gray,True
413,1,styled,True,True,True,66.51469600001292,True,11.628590999862354,True,raw_gray,True
413,1,ascii,False,False,True,36.85738500007574,True,5.238600999973642,True,raw_gray,True
414,1,plain,True,True,True,69.87024399995789,True,10.02271200013638,True,raw_gray,True
414,1,inverted_color,False,False,True,44.081211000047915,True,9.737485999949058,True,raw_gray,True
414,1,logo,False,True,True,157.1636840001247,True,22.80342200015184,True,raw_gray,True
414,1,styled,True,True,True,168.13428299997213,True,28.61243799998192,True,raw_gray,True
414,1,ascii,False,False,True,43.77849399998013,True,9.173205000024609,True,raw_gray,True
415,1,plain,True,True,True,53.002131999846824,True,5.866306999905646,True,raw_gray,True
415,1,inverted_color,False,False,True,50.54554700018343,True,12.130267999964417,True,raw_gray,True
415,1,logo,True,True,True,117.80794899982538,True,7.233278000057908,True,raw_gray,True
415,1,styled,True,True,True,56.62859600010961,True,17.243771999801538,True,raw_gray,True
415,1,ascii,False,True,True,77.55842000005941,True,9.482405999960974,True,raw_gray,True
416,1,plain,True,True,True,48.51620499994169,True,5.965361999869856,True,raw_gray,True
416,1,inverted_color,False,False,True,28.808813999830818,True,6.048882999948546,True,raw_gray,True
416,1,logo,True,True,True,95.01509899996563,True,14.543630000162011,True,raw_gray,True
416,1,styled,True,True,True,114.9445650000871,True,21.935664000011457,True,raw_gray,True
416,1,ascii,False,False,True,63.73265399997763,True,11.231942999984312,True,raw_gray,True
417,1,plain,True,True,True,88.65335999985291,True,13.796766000041316,True,raw_gray,True
417,1,inverted_color,False,False,True,78.98592700007612,True,8.59749300002477,True,raw_gray,True
417,1,logo,True,True,True,64.17368199981865,True,11.488675000009607,True,raw_gray,True
417,1,styled,True,True,True,123.53072400014753,True,22.773880999920948,True,raw_gray,True
417,1,ascii,False,True,True,94.43380599986995,True,11.331721000033212,True,raw_gray,True
418,1,plain,True,True,True,103.93933099999231,True,28.552190000027622,True,raw_gray,True
418,1,inverted_color,False,False,True,119.10949100001744,True,17.244560000108322,True,raw_gray,True
418,1,logo,True,True,True,150.68509699995047,True,19.175630000063393,True,raw_gray,True
418,1,styled,True,True,True,130.63227799989363,True,38.83744599988859,True,raw_gray,True
418,1,ascii,True,True,True,71.55941499991059,True,12.097027999971033,True,raw_gray,True
419,1,plain,True,True,True,209.88163300012275,True,44.76387199997589,True,raw_gray,True
419,1,inverted_color,False,False,True,168.5142139999698,True,22.16816299983293,True,raw_gray,True
419,1,logo,True,True,True,202.00489300009394,True,27.40145500001745,True,raw_gray,True
419,1,styled,True,True,True,193.58736499998486,True,33.09699700002966,True,raw_gray,True
419,1,ascii,False,True,True,63.79617700008566,True,5.013386999962677,True,raw_gray,True
420,1,plain,True,True,True,72.40468500003772,True,10.909578999871883,True,raw_gray,True
420,1,inverted_color,False,False,True,44.963559000052555,True,10.078586999952677,True,raw_gray,True
420,1,logo,True,True,True,102.57985599992026,True,19.883611000068413,True,raw_gray,True
420,1,styled,True,True,True,273.94876300013493,True,27.14474900017194,True,raw_gray,True
420,1,ascii,False,True,True,31.14636000009341,True,8.242192999887266,True,raw_gray,True
421,1,plain,True,True,True,82.71181800000704,True,17.114606999939497,True,raw_gray,True
421,1,inverted_color,False,False,True,90.23945599983563,True,10.940669000092385,True,raw_gray,True
421,1,logo,True,True,True,115.21158499999729,True,16.221484999960012,True,raw_gray,True
421,1,styled,True,True,True,62.35420500001965,True,13.031567999860272,True,raw_gray,True
421,1,ascii,False,True,True,41.27947500001028,True,3.9961780000794533,True,raw_gray,True
422,1,plain,True,True,True,38.94598900001256,True,4.598323999971399,True,raw_gray,True
422,1,inverted_color,False,False,True,26.595089000011285,True,4.399202000058722,True,raw_gray,True
422,1,logo,True,True,True,49.83643699983986,True,11.199939999869457,True,raw_gray,True
422,1,styled,True,True,True,60.021502999916265,True,11.363352999978815,True,raw_gray,True
422,1,ascii,False,True,True,46.74778599996898,True,4.083005999973466,True,raw_gray,True
423,1,plain,True,True,True,78.83111399996778,True,5.885444999876199,True,raw_gray,True
423,1,inverted_color,False,False,True,63.259423000090464,True,5.754518000003372,True,raw_gray,True
423,1,logo,True,True,True,67.75327400009701,True,22.5339220000933,True,raw_gray,True
423,1,styled,True,True,True,159.80454600003213,True,24.894430999893302,True,raw_gray,True
423,1,ascii,False,True,True,68.745890999935,True,4.218398000148227,True,raw_gray,True
424,1,plain,True,True,True,42.078881999941586,True,5.715828999882433,True,raw_gray,True
424,1,inverted_color,False,False,True,29.261947999884796,True,5.824026000027516,True,raw_gray,True
424,1,logo,True,True,True,47.942344000148296,True,6.806667999853744,True,raw_gray,True
424,1,styled,True,True,True,53.57827500006351,True,8.477922999873044,True,raw_gray,True
424,1,ascii,False,True,True,40.22897599998032,True,4.559322000204702,True,raw_gray,True
425,1,plain,True,True,True,34.31402500018521,True,4.730910000034783,True,raw_gray,True
425,1,inverted_color,False,False,True,65.08339399988472,True,4.906977000018742,True,raw_gray,True
425,1,logo,True,True,True,49.80756400004793,True,7.257539000192992,True,raw_gray,True
425,1,styled,True,True,True,52.01646599994092,True,8.776318000172978,True,raw_gray,True
425,1,ascii,False,True,True,31.401788000039232,True,3.7913119999757328,True,raw_gray,True
426,1,plain,True,True,True,152.74830600014866,True,19.095662000154334,True,raw_gray,True
426,1,inverted_color,False,False,True,85.56440899997142,True,18.85144300013053,True,raw_gray,True
426,1,logo,True,True,True,174.88365799999883,True,31.313029000102688,True,raw_gray,True
426,1,styled,True,True,True,201.09546499998032,True,48.69778000011138,True,raw_gray,True
426,1,ascii,False,True,True,99.17271199992683,True,15.845616999968115,True,raw_gray,True
427,1,plain,True,True,True,39.34795100008159,True,5.745054000044547,True,raw_gray,True
427,1,inverted_color,False,False,True,28.899683999952686,True,5.4166649999842775,True,raw_gray,True
427,1,logo,True,True,True,49.34452599991346,True,6.7917750000106025,True,raw_gray,True
427,1,styled,True,True,True,52.65608000013344,True,8.285204999992857,True,raw_gray,True
427,1,ascii,False,True,True,58.701318999965224,True,15.393301999893083,True,raw_gray,True
428,1,plain,True,True,True,47.53574500000468,True,7.158152000101836,True,raw_gray,True
428,1,inverted_color,False,False,True,49.56669399985003,True,7.13664299996708,True,raw_gray,True
428,1,logo,True,True,True,121.32414500001687,True,19.789790999993784,True,raw_gray,True
428,1,styled,True,True,True,166.70875800014073,True,43.01900299992667,True,raw_gray,True
428,1,ascii,True,True,True,103.22373399981188,True,20.062728000084462,True,raw_gray,True
429,1,plain,True,True,True,166.90351700003703,True,40.12130699993577,True,raw_gray,True
429,1,inverted_color,False,False,True,88.64449299994703,True,27.408177999859618,True,raw_gray,True
429,1,logo,False,True,True,379.33432499994524,True,39.35660599995572,True,raw_gray,True
429,1,styled,True,True,True,382.01534600011655,True,31.237285999850428,True,raw_gray,True
429,1,ascii,False,False,True,120.23950799994054,True,34.297081999966395,True,raw_gray,True
430,1,plain,True,True,True,203.2461629999034,True,6.708967000122357,True,raw_gray,True
430,1,inverted_color,False,False,True,33.07201500001611,True,7.0024080000621325,True,raw_gray,True
430,1,logo,True,True,True,61.39612199990552,True,11.415293000027305,True,raw_gray,True
430,1,styled,True,True,True,72.5040170000284,True,12.774779000210401,True,raw_gray,True
430,1,ascii,True,True,True,43.49239699990903,True,5.962655999837807,True,raw_gray,True
431,1,plain,True,True,True,44.25834300013776,True,5.994707000127164,True,raw_gray,True
431,1,inverted_color,False,False,True,30.819100000144317,True,5.8163030000741855,True,raw_gray,True
431,1,logo,True,True,True,47.6923269998224,True,6.545344999949521,True,raw_gray,True
431,1,styled,True,True,True,53.698339999982636,True,9.333560999948531,True,raw_gray,True
431,1,ascii,False,True,True,39.883718000055524,True,4.927982000026532,True,raw_gray,True
432,1,plain,True,True,True,54.59053899994615,True,5.850143000088792,True,raw_gray,True
432,1,inverted_color,False,False,True,34.12349899986111,True,5.926044000034381,True,raw_gray,True
432,1,logo,True,True,True,83.80799599990496,True,7.135516000062125,True,raw_gray,True
432,1,styled,True,True,True,55.58861199983767,True,9.239231000037762,True,raw_gray,True
432,1,ascii,False,True,True,37.14936099981969,True,7.086787999924127,True,raw_gray,True
433,1,plain,True,True,True,64.97907600009967,True,6.370907000018633,True,raw_gray,True
433,1,inverted_color,False,False,True,46.22146400015481,True,16.34278100004849,True,raw_gray,True
433,1,logo,True,True,True,78.56491699999424,True,8.274969000012788,True,raw_gray,True
433,1,styled,True,True,True,67.8562040000088,True,10.459604000061518,True,raw_gray,True
433,1,ascii,False,True,True,39.29456200012282,True,4.6299460000227555,True,raw_gray,True
434,1,plain,True,True,True,35.138166000024285,True,4.83724900004745,True,raw_gray,True
434,1,inverted_color,False,False,True,27.877853000063624,True,4.861493000134942,True,raw_gray,True
434,1,logo,True,True,True,44.33661899997787,True,5.854950999946595,True,raw_gray,True
434,1,styled,True,True,True,45.627010000089285,True,7.379328000070018,True,raw_gray,True
434,1,ascii,False,True,True,30.626855999798863,True,4.254047999893373,True,raw_gray,True
435,1,plain,True,True,True,37.43159700002252,True,4.927966999957789,True,raw_gray,True
435,1,inverted_color,False,False,True,25.656163000121524,True,4.828173999840146,True,raw_gray,True
435,1,logo,True,True,True,42.07345500003612,True,5.747497999891493,True,raw_gray,True
435,1,styled,True,True,True,46.152169999913895,True,7.018838000021788,True,raw_gray,True
435,1,ascii,False,True,True,32.776143000091906,True,4.230467000070348,True,raw_gray,True
436,1,plain,True,True,True,47.50820399999611,True,5.971260000023904,True,raw_gray,True
436,1,inverted_color,False,False,True,31.54616099982377,True,5.909535000000687,True,raw_gray,True
436,1,logo,True,True,True,63.00377799993839,True,12.215423000043302,True,raw_gray,True
436,1,styled,True,True,True,66.8645309999647,True,15.508746000023166,True,raw_gray,True
436,1,ascii,False,False,True,31.819447000088985,True,13.062918000059653,True,raw_gray,True
437,1,plain,True,True,True,92.16515599996455,True,7.169910000129676,True,raw_gray,True
437,1,inverted_color,False,False,True,33.91565700007959,True,7.225270000162709,True,raw_gray,True
437,1,logo,True,True,True,72.69218900000851,True,9.609615000044869,True,raw_gray,True
437,1,styled,True,True,True,77.97281500006648,True,13.434122999797182,True,raw_gray,True
437,1,ascii,True,True,True,47.62723499993626,True,6.163926999988689,True,raw_gray,True
438,1,plain,True,True,True,45.47208500002853,True,6.997717000103876,True,raw_gray,True
438,1,inverted_color,False,False,True,59.040479000032065,True,13.324818999990384,True,raw_gray,True
438,1,logo,True,True,True,121.83511099988209,True,21.64701300011984,True,raw_gray,True
438,1,styled,True,True,True,236.36168500001986,True,37.220828000045,True,raw_gray,True
438,1,ascii,True,True,True,141.0163159998774,True,6.377823999855536,True,raw_gray,True
439,1,plain,True,True,True,88.34117400010655,True,14.522113000111858,True,raw_gray,True
439,1,inverted_color,False,False,True,92.18703199985612,True,29.067071999861582,True,raw_gray,True
439,1,logo,False,True,True,154.54743300006157,True,23.32783599990762,True,raw_gray,True
439,1,styled,True,True,True,242.69441899991762,True,32.84225099992,True,raw_gray,True
439,1,ascii,True,True,True,59.994657000061125,True,10.218014999963998,True,raw_gray,True
440,1,plain,True,True,True,69.40047100010815,True,5.521190000081333,True,raw_gray,True
440,1,inverted_color,False,False,True,39.418081000121674,True,5.03208299983271,True,raw_gray,True
440,1,logo,True,True,True,42.76185100002294,True,6.875393999962398,True,raw_gray,True
440,1,styled,True,True,True,115.53084699994542,True,7.211899999902016,True,raw_gray,True
440,1,ascii,False,True,True,34.59298199982186,True,4.393718000073932,True,raw_gray,True
441,1,plain,True,True,True,69.63014699999803,True,12.27451799991286,True,raw_gray,True
441,1,inverted_color,False,False,True,64.11492600000201,True,10.146957999950246,True,raw_gray,True
441,1,logo,False,True,True,187.55019199988965,True,23.520470999983445,True,raw_gray,True
441,1,styled,True,True,True,165.75119300000551,True,34.116719999929046,True,raw_gray,True
441,1,ascii,False,True,True,65.84436000002825,True,8.408789999975852,True,raw_gray,True
442,1,plain,True,True,True,49.90426199992726,True,10.623336999969979,True,raw_gray,True
442,1,inverted_color,False,False,True,37.2882799999843,True,7.623537999961627,True,raw_gray,True
442,1,logo,False,True,True,114.37140599991835,True,42.56004700005178,True,raw_gray,True
442,1,styled,True,True,True,161.39447499995185,True,24.962672999890856,True,raw_gray,True
442,1,ascii,True,True,True,45.010178999973505,True,6.2883729999612115,True,raw_gray,True
443,1,plain,True,True,True,49.89104300011604,True,8.119029999988925,True,raw_gray,True
443,1,inverted_color,False,False,True,33.50654100017891,True,7.09922999999435,True,raw_gray,True
443,1,logo,True,True,True,58.23463800015816,True,8.962288000020635,True,raw_gray,True
443,1,styled,True,True,True,70.68215699996472,True,21.09308199987936,True,raw_gray,True
443,1,ascii,True,True,True,84.25198100007947,True,15.122242999950686,True,raw_gray,True
444,1,plain,True,True,True,76.32729700003438,True,11.204753999891182,True,raw_gray,True
444,1,inverted_color,False,False,True,52.02593100011654,True,9.002577000046585,True,raw_gray,True
444,1,logo,True,True,True,84.54322199986564,True,12.144669000008435,True,raw_gray,True
444,1,styled,True,True,True,72.88498399998389,True,7.643935000032798,True,raw_gray,True
444,1,ascii,False,False,True,32.95695399992837,True,4.249675000210118,True,raw_gray,True
445,1,plain,True,True,True,66.72042300010617,True,18.57583099990734,True,raw_gray,True
445,1,inverted_color,False,False,True,63.03568500015899,True,12.394037999911234,True,raw_gray,True
445,1,logo,True,True,True,121.2740070000109,True,20.064177999984167,True,raw_gray,True
445,1,styled,True,True,True,129.32308700010253,True,23.872149999988324,True,raw_gray,True
445,1,ascii,False,True,True,79.81422900002144,True,9.285241000043243,True,raw_gray,True
446,1,plain,True,True,True,103.34304499997415,True,15.40703399996346,True,raw_gray,True
446,1,inverted_color,False,False,True,99.83004100013204,True,18.64088700017419,True,raw_gray,True
446,1,logo,True,True,True,71.7490419999649,True,24.077712999996947,True,raw_gray,True
446,1,styled,True,True,True,205.36810799990235,True,25.753072000043176,True,raw_gray,True
446,1,ascii,True,True,True,91.54995399990185,True,12.179789999891,True,raw_gray,True
447,1,plain,True,True,True,117.97924799998327,True,15.523338999855696,True,raw_gray,True
447,1,inverted_color,False,False,True,71.12421199985874,True,15.72666299989578,True,raw_gray,True
447,1,logo,True,True,True,112.6479530000779,True,30.148791999863533,True,raw_gray,True
447,1,styled,True,True,True,156.76870400011467,True,23.4356050000315,True,raw_gray,True
447,1,ascii,True,True,True,74.82365700002447,True,15.477276999945389,True,raw_gray,True
448,1,plain,True,True,True,121.4124380001067,True,15.526482000041142,True,raw_gray,True
448,1,inverted_color,False,False,True,99.0265420000469,True,8.197505999987698,True,raw_gray,True
448,1,logo,True,True,True,76.11063300009846,True,10.605957000052513,True,raw_gray,True
448,1,styled,True,True,True,75.92434699995465,True,13.905108000017208,True,raw_gray,True
448,1,ascii,True,True,True,45.24819599987495,True,6.944209000039336,True,raw_gray,True
449,1,plain,True,True,True,47.20454099992821,True,6.841709999889645,True,raw_gray,True
449,1,inverted_color,False,False,True,43.04677400000401,True,5.993300999989515,True,raw_gray,True
449,1,logo,True,True,True,49.74610199997187,True,7.514199000070221,True,raw_gray,True
449,1,styled,True,True,True,55.29135100005078,True,8.352122000133022,True,raw_gray,True
449,1,ascii,False,False,True,27.763631000198075,True,5.311636999977054,True,raw_gray,True
450,1,plain,True,True,True,37.4144970000998,True,5.473170000186656,True,raw_gray,True
450,1,inverted_color,False,False,True,29.485231000080603,True,5.9729390000029525,True,raw_gray,True
450,1,logo,True,True,True,51.19356999989577,True,7.732567999937601,True,raw_gray,True
450,1,styled,True,True,True,55.36044300015419,True,9.435022000161553,True,raw_gray,True
450,1,ascii,False,True,True,33.01792799993564,True,4.421208999929149,True,raw_gray,True
451,1,plain,True,False,True,55.37408200007121,True,7.813984999984314,True,raw_gray,True
451,1,inverted_color,False,False,True,54.80744200008303,True,8.39420100010102,True,raw_gray,True
451,1,logo,True,True,True,59.052669000038804,True,8.807038999975703,True,raw_gray,True
451,1,styled,True,True,True,68.58586599992123,True,10.958125000115615,True,raw_gray,True
451,1,ascii,True,False,True,51.93182300013177,True,6.114672999956383,True,raw_gray,True
452,1,plain,True,True,True,40.34030399998301,True,4.661000999931275,True,raw_gray,True
452,1,inverted_color,False,False,True,28.265044000136186,True,4.8131189998912305,True,raw_gray,True
452,1,logo,True,True,True,58.030639999969935,True,7.2628919999715436,True,raw_gray,True
452,1,styled,True,True,True,44.427536000057444,True,6.889639000064562,True,raw_gray,True
452,1,ascii,False,False,True,23.784487000057197,True,4.427035999924556,True,raw_gray,True
453,1,plain,True,True,True,53.91221200011387,True,7.109492999916256,True,raw_gray,True
453,1,inverted_color,False,False,True,32.6547549998395,True,7.005990999914502,True,raw_gray,True
453,1,logo,True,True,True,65.4137520000404,True,11.107387000038216,True,raw_gray,True
453,1,styled,True,True,True,100.38982300011412,True,13.033443000040279,True,raw_gray,True
453,1,ascii,True,True,True,40.46301399989716,True,5.821448999995482,True,raw_gray,True
454,1,plain,True,True,True,41.618139999854975,True,8.054574999960096,True,raw_gray,True
454,1,inverted_color,False,False,True,40.59837099998731,True,5.901058000063131,True,raw_gray,True
454,1,logo,True,True,True,59.426561000009315,True,15.383037000219701,True,raw_gray,True
454,1,styled,True,True,True,60.75498899986087,True,8.719048000102703,True,raw_gray,True
454,1,ascii,False,True,True,42.24807800005692,True,6.201225999802773,True,raw_gray,True
455,1,plain,True,True,True,75.77776799985259,True,9.990535000042655,True,raw_gray,True
455,1,inverted_color,False,False,True,46.28554700002496,True,9.639086000106545,True,raw_gray,True
455,1,logo,False,True,True,137.4541400000453,True,27.42501599982461,True,raw_gray,True
455,1,styled,True,True,True,162.1250800001235,True,29.019592999929955,True,raw_gray,True
455,1,ascii,False,True,True,62.40449299980355,True,8.18951999985984,True,raw_gray,True
456,1,plain,True,True,True,70.00097600007393,True,5.7110840000405005,True,raw_gray,True
456,1,inverted_color,False,False,True,38.71307299982618,True,5.631994999930612,True,raw_gray,True
456,1,logo,True,True,True,108.88916700014306,True,7.281304000116506,True,raw_gray,True
456,1,styled,True,True,True,56.76606499991976,True,9.707801000104155,True,raw_gray,True
456,1,ascii,False,False,True,38.781624999955966,True,5.408107999983258,True,raw_gray,True
457,1,plain,True,True,True,58.93988899993019,True,7.3008469998967485,True,raw_gray,True
457,1,inverted_color,False,False,True,47.86761100012882,True,7.189428999936354,True,raw_gray,True
457,1,logo,True,True,True,90.74215299983734,True,10.426073999951768,True,raw_gray,True
457,1,styled,True,True,True,79.60825800000748,True,21.060153999997056,True,raw_gray,True
457,1,ascii,True,True,True,64.83872400008295,True,5.632764999973006,True,raw_gray,True
458,1,plain,True,False,True,99.92367400013791,True,19.46579700006623,True,raw_gray,True
458,1,inverted_color,False,False,True,112.97008200017444,True,25.42659799996727,True,raw_gray,True
458,1,logo,True,True,True,240.11965899990173,True,46.2611250000009,True,raw_gray,True
458,1,styled,True,True,True,264.6862769997824,True,83.41645099994821,True,raw_gray,True
458,1,ascii,False,False,True,83.67431600004238,True,16.19253499984552,True,raw_gray,True
459,1,plain,True,True,True,37.560906999942745,True,4.7489859998677275,True,raw_gray,True
459,1,inverted_color,False,False,True,26.351386999976967,True,4.581501999837201,True,raw_gray,True
459,1,logo,True,True,True,53.74837999988813,True,7.103031000042392,True,raw_gray,True
459,1,styled,True,True,True,62.01469500001622,True,16.144159999839758,True,raw_gray,True
459,1,ascii,False,False,True,32.07425499999772,True,3.949590000047465,True,raw_gray,True
460,1,plain,True,True,True,44.01018799990197,True,7.611125000039465,True,raw_gray,True
460,1,inverted_color,False,False,True,30.424699999912264,True,5.675526999993963,True,raw_gray,True
460,1,logo,True,True,True,99.39148099988415,True,13.301068999908239,True,raw_gray,True
460,1,styled,True,True,True,131.12762099990505,True,23.960854000051768,True,raw_gray,True
460,1,ascii,False,False,True,27.05923000007715,True,4.980231999979878,True,raw_gray,True
461,1,plain,True,True,True,35.34691799995926,True,4.818325000087498,True,raw_gray,True
461,1,inverted_color,False,False,True,50.307773000213274,True,11.085651000030339,True,raw_gray,True
461,1,logo,True,True,True,53.186131999837016,True,24.62622999996711,True,raw_gray,True
461,1,styled,True,True,True,112.28211499997087,True,12.349456000038117,True,raw_gray,True
461,1,ascii,False,False,True,80.02303499984009,True,3.8930709999931423,True,raw_gray,True
462,1,plain,True,True,True,43.46604800002751,True,5.56838800002879,True,raw_gray,True
462,1,inverted_color,False,False,True,27.645329000051788,True,7.387293999954636,True,raw_gray,True
462,1,logo,True,True,True,48.72500500005117,True,7.145393999962835,True,raw_gray,True
462,1,styled,True,True,True,55.48167300003115,True,8.591213000045173,True,raw_gray,True
462,1,ascii,False,True,True,36.77682400007143,True,5.857395000020915,True,raw_gray,True
463,1,plain,True,True,True,66.16617600002428,True,6.974979999995412,True,raw_gray,True
463,1,inverted_color,False,False,True,32.59686999990663,True,11.043058000041128,True,raw_gray,True
463,1,logo,True,True,True,102.83501000003525,True,11.517167999954836,True,raw_gray,True
463,1,styled,True,True,True,79.51926300006562,True,13.129330999845479,True,raw_gray,True
463,1,ascii,True,True,True,39.80408699999316,True,11.922839999897406,True,raw_gray,True
464,1,plain,True,True,True,49.15326100012862,True,10.827296999877944,True,raw_gray,True
464,1,inverted_color,False,False,True,43.92364899990753,True,6.5271109999684995,True,raw_gray,True
464,1,logo,True,True,True,95.17556300011165,True,8.389472000089881,True,raw_gray,True
464,1,styled,True,True,True,60.897534999867275,True,10.589522999907786,True,raw_gray,True
464,1,ascii,False,False,True,36.66586500003177,True,4.720131000112815,True,raw_gray,True
465,1,plain,True,True,True,49.169388999871444,True,7.012263999968127,True,raw_gray,True
465,1,inverted_color,False,False,True,52.99118700008876,True,15.716471999894566,True,raw_gray,True
465,1,logo,True,True,True,67.01651100001982,True,8.809204000044701,True,raw_gray,True
465,1,styled,True,True,True,75.92687199985448,True,10.968883000032292,True,raw_gray,True
465,1,ascii,True,True,True,49.83689499999855,True,5.890249000003678,True,raw_gray,True
466,1,plain,True,True,True,52.468051999994714,True,6.77435400007198,True,raw_gray,True
466,1,inverted_color,False,False,True,58.002129999977114,True,7.811498000137362,True,raw_gray,True
466,1,logo,True,True,True,125.64508900004512,True,9.894626000004791,True,raw_gray,True
466,1,styled,True,True,True,76.95845900002496,True,13.30424699995092,True,raw_gray,True
466,1,ascii,True,True,True,70.66207399998348,True,5.795649999981833,True,raw_gray,True
467,1,plain,True,True,True,40.75238999985231,True,6.8973380000443285,True,raw_gray,True
467,1,inverted_color,False,False,True,52.20866800004842,True,4.643436000151269,True,raw_gray,True
467,1,logo,True,True,True,40.101961000118536,True,5.802300999903309,True,raw_gray,True
467,1,styled,True,True,True,52.30406999999104,True,7.406031000073199,True,raw_gray,True
467,1,ascii,False,False,True,24.61547200005043,True,4.5042799999919225,True,raw_gray,True
468,1,plain,True,True,True,115.68993599985333,True,16.816717999972752,True,raw_gray,True
468,1,inverted_color,False,False,True,149.37169600011657,True,14.23959199996716,True,raw_gray,True
468,1,logo,False,True,True,217.79993900008776,True,20.64784200001668,True,raw_gray,True
468,1,styled,True,True,True,148.9868580001712,True,27.421819999972286,True,raw_gray,True
468,1,ascii,False,True,True,77.29231100006473,True,16.38817299999573,True,raw_gray,True
469,1,plain,True,False,True,123.14675100014938,True,25.733297999977367,True,raw_gray,True
469,1,inverted_color,False,False,True,82.19150100012484,True,20.285648000026413,True,raw_gray,True
469,1,logo,True,True,True,183.31022600000324,True,31.90845500012074,True,raw_gray,True
469,1,styled,True,True,True,208.42108199985887,True,49.19009200011715,True,raw_gray,True
469,1,ascii,False,False,True,70.54396299986365,True,18.095043000130318,True,raw_gray,True
470,1,plain,True,True,True,36.16118000013557,True,4.972302999931344,True,raw_gray,True
470,1,inverted_color,False,False,True,48.46972099994673,True,4.862858000024062,True,raw_gray,True
470,1,logo,True,True,True,74.08112699999947,True,5.6427680001434055,True,raw_gray,True
470,1,styled,True,True,True,57.041587999947296,True,6.868843999882301,True,raw_gray,True
470,1,ascii,False,False,True,90.5798930000401,True,12.24378799997794,True,raw_gray,True
471,1,plain,True,True,True,81.01081300014812,True,5.579208000199287,True,raw_gray,True
471,1,inverted_color,False,False,True,29.212339999958203,True,7.686862999889854,True,raw_gray,True
471,1,logo,True,True,True,53.40771099986341,True,10.03150400015329,True,raw_gray,True
471,1,styled,True,True,True,69.55792600001587,True,15.06406699991203,True,raw_gray,True
471,1,ascii,False,False,True,31.31684300001325,True,6.663000999878932,True,raw_gray,True
472,1,plain,True,True,True,48.25608999999531,True,8.714643000075739,True,raw_gray,True
472,1,inverted_color,False,False,True,29.724774999976944,True,12.662680999937947,True,raw_gray,True
472,1,logo,True,True,True,59.503600000198276,True,7.171512000013536,True,raw_gray,True
472,1,styled,True,True,True,59.252246000141895,True,8.464059999823803,True,raw_gray,True
472,1,ascii,False,False,True,31.10881599991444,True,5.050649999930101,True,raw_gray,True
473,1,plain,True,True,True,44.695495000041774,True,5.614733999891541,True,raw_gray,True
473,1,inverted_color,False,False,True,27.826125999808937,True,5.862502000127279,True,raw_gray,True
473,1,logo,True,True,True,113.49132100008319,True,16.767228999924555,True,raw_gray,True
473,1,styled,True,True,True,78.95631599990338,True,12.7501750000647,True,raw_gray,True
473,1,ascii,False,True,True,37.12037099990084,True,6.488154000180657,True,raw_gray,True
474,1,plain,True,True,True,55.39622099990993,True,7.36004099985621,True,raw_gray,True
474,1,inverted_color,False,False,True,39.558421000037924,True,7.453628999883222,True,raw_gray,True
474,1,logo,False,True,True,151.65371800003413,True,37.36865799987754,True,raw_gray,True
474,1,styled,True,True,True,213.13465599996562,True,42.8155910001351,True,raw_gray,True
474,1,ascii,True,True,True,89.33773900002961,True,9.975072999850454,True,raw_gray,True
475,1,plain,True,True,True,67.10032000000865,True,15.371936000065034,True,raw_gray,True
475,1,inverted_color,False,False,True,74.92860199999996,True,15.542515000106505,True,raw_gray,True
475,1,logo,True,True,True,154.16443699996307,True,22.83574199987015,True,raw_gray,True
475,1,styled,True,True,True,148.503817999881,True,27.950905000125204,True,raw_gray,True
475,1,ascii,True,True,True,87.55003999999644,True,12.251729000126943,True,raw_gray,True
476,1,plain,True,True,True,100.82720899981723,True,12.837857000022268,True,raw_gray,True
476,1,inverted_color,False,False,True,79.98236099979295,True,12.025014000073497,True,raw_gray,True
476,1,logo,True,True,True,114.61338300000534,True,12.029720000100497,True,raw_gray,True
476,1,styled,True,True,True,78.77378300008786,True,13.0434029999833,True,raw_gray,True
476,1,ascii,False,True,True,63.823494999951436,True,11.155096000038611,True,raw_gray,True
477,1,plain,True,True,True,201.98655400008647,True,34.69203600002402,True,raw_gray,True
477,1,inverted_color,False,False,True,156.16393899995273,True,22.721155999988696,True,raw_gray,True
477,1,logo,True,True,True,403.7595810000312,True,83.70608699988225,True,raw_gray,True
477,1,styled,True,True,True,323.2257209999716,True,51.26239000014721,True,raw_gray,True
477,1,ascii,True,True,True,126.18747099986649,True,18.075328999884732,True,raw_gray,True
478,1,plain,True,True,True,40.95127600021442,True,7.307364999860511,True,raw_gray,True
478,1,inverted_color,False,False,True,30.379061000076035,True,5.709652999939863,True,raw_gray,True
478,1,logo,True,True,True,51.33720599997105,True,6.6887780001252395,True,raw_gray,True
478,1,styled,True,True,True,52.91785500003243,True,14.788359000021956,True,raw_gray,True
478,1,ascii,False,False,True,35.10496600006263,True,4.717559999789955,True,raw_gray,True
479,1,plain,True,True,True,40.61108499990951,True,5.527667000023939,True,raw_gray,True
479,1,inverted_color,False,False,True,29.00798600012422,True,5.996262999815372,True,raw_gray,True
479,1,logo,True,True,True,62.88283399999273,True,8.528283000032388,True,raw_gray,True
479,1,styled,True,True,True,62.5537500000064,True,10.106052999844906,True,raw_gray,True
479,1,ascii,False,False,True,25.644096999940302,True,5.2291290000994195,True,raw_gray,True
480,1,plain,True,True,True,48.168813000074806,True,6.2713390000226354,True,raw_gray,True
480,1,inverted_color,False,False,True,45.720029999984035,True,5.844229999866002,True,raw_gray,True
480,1,logo,True,True,True,51.339624999855005,True,6.91450099998292,True,raw_gray,True
480,1,styled,True,True,True,58.295500000212996,True,9.136409999882744,True,raw_gray,True
480,1,ascii,False,True,True,35.5546119999417,True,4.87481300001491,True,raw_gray,True
481,1,plain,True,True,True,92.69522700014932,True,15.536060000158614,True,raw_gray,True
481,1,inverted_color,False,False,True,145.92150300018147,True,15.073196999992433,True,raw_gray,True
481,1,logo,False,True,True,163.39569499996287,True,23.09694500013393,True,raw_gray,True
481,1,styled,True,True,True,169.82739600007335,True,30.812018999995416,True,raw_gray,True
481,1,ascii,True,True,True,66.86397199996463,True,11.483240999950795,True,raw_gray,True
482,1,plain,True,True,True,46.62197100014964,True,7.2396719999687775,True,raw_gray,True
482,1,inverted_color,False,False,True,33.27926799988745,True,7.467560999884881,True,raw_gray,True
482,1,logo,True,True,True,64.83758700005637,True,9.205820000033782,True,raw_gray,True
482,1,styled,True,True,True,70.6188750000365,True,12.686690000009548,True,raw_gray,True
482,1,ascii,True,True,True,39.476381999975274,True,5.467003999910958,True,raw_gray,True
483,1,plain,True,True,True,35.270164999928966,True,4.935745000011593,True,raw_gray,True
483,1,inverted_color,False,False,True,26.752170000008846,True,4.556934999982332,True,raw_gray,True
483,1,logo,True,True,True,48.54546000001392,True,7.023407000133375,True,raw_gray,True
483,1,styled,True,True,True,55.72041999994326,True,9.107438000000911,True,raw_gray,True
483,1,ascii,False,True,True,35.133057999928496,True,3.8445180000508117,True,raw_gray,True
484,1,plain,True,True,True,34.243928000023516,True,4.295007000109763,True,raw_gray,True
484,1,inverted_color,False,False,True,24.706404999960796,True,4.837548000068637,True,raw_gray,True
484,1,logo,True,True,True,46.71262800002296,True,6.734484999924462,True,raw_gray,True
484,1,styled,True,True,True,50.27966900001957,True,8.559272999946188,True,raw_gray,True
484,1,ascii,False,False,True,30.44102500007284,True,3.962999000123091,True,raw_gray,True
485,1,plain,True,True,True,33.61391699991145,True,4.902335999986462,True,raw_gray,True
485,1,inverted_color,False,False,True,27.42851499988319,True,4.524757999888607,True,raw_gray,True
485,1,logo,True,True,True,41.1340079999718,True,5.712750999919081,True,raw_gray,True
485,1,styled,True,False,True,41.49541300012061,True,7.4952370000573865,True,raw_gray,True
485,1,ascii,False,False,True,38.07100099993477,True,4.211592000046949,True,raw_gray,True
486,1,plain,True,True,True,56.720512000083545,True,7.971076999865545,True,raw_gray,True
486,1,inverted_color,False,False,True,61.964730999989115,True,9.093269999993936,True,raw_gray,True
486,1,logo,False,True,True,179.2639819998385,True,17.350426999882984,True,raw_gray,True
486,1,styled,True,True,True,114.73906900005204,True,29.670381999949313,True,raw_gray,True
486,1,ascii,False,True,True,60.46352599992133,True,6.775107000066782,True,raw_gray,True
487,1,plain,True,True,True,46.87323899997864,True,5.58215400019435,True,raw_gray,True
487,1,inverted_color,False,False,True,39.29730000004383,True,5.902314000195474,True,raw_gray,True
487,1,logo,True,True,True,50.68777300016336,True,6.761857999890708,True,raw_gray,True
487,1,styled,True,True,True,50.14343500010909,True,8.482872999820756,True,raw_gray,True
487,1,ascii,False,True,True,40.48390399998425,True,4.734369999823684,True,raw_gray,True
488,1,plain,True,True,True,35.71501199985505,True,4.4326909999199415,True,raw_gray,True
488,1,inverted_color,False,False,True,25.638103999881423,True,4.2692170000009355,True,raw_gray,True
488,1,logo,True,True,True,50.49909400008801,True,7.913111000107165,True,raw_gray,True
488,1,styled,True,True,True,97.73068100003002,True,18.09712799990848,True,raw_gray,True
488,1,ascii,False,True,True,41.36274400002549,True,4.0456199999425735,True,raw_gray,True
489,1,plain,True,True,True,52.44804399990244,True,17.990818000043873,True,raw_gray,True
489,1,inverted_color,False,False,True,42.002380999974775,True,5.86299999986295,True,raw_gray,True
489,1,logo,True,True,True,88.12981100004436,True,7.139752000057342,True,raw_gray,True
489,1,styled,True,True,True,52.9270130000441,True,8.72967400005109,True,raw_gray,True
489,1,ascii,False,True,True,40.476534000163156,True,4.723765999870011,True,raw_gray,True
490,1,plain,True,True,True,35.98746200009373,True,4.87666399999398,True,raw_gray,True
490,1,inverted_color,False,False,True,50.84212900010243,True,23.990698000034172,True,raw_gray,True
490,1,logo,True,True,True,106.15326400011327,True,15.251770000077158,True,raw_gray,True
490,1,styled,True,True,True,61.0515089999808,True,9.259043999918504,True,raw_gray,True
490,1,ascii,False,True,True,33.98138299985476,True,4.28501999999753,True,raw_gray,True
491,1,plain,True,True,True,46.7568859999119,True,8.663072999979704,True,raw_gray,True
491,1,inverted_color,False,False,True,42.10921200001394,True,6.527568999899813,True,raw_gray,True
491,1,logo,True,True,True,50.821274999862,True,6.7701590000979195,True,raw_gray,True
491,1,styled,True,True,True,47.95690800006014,True,8.546816000034596,True,raw_gray,True
491,1,ascii,False,True,True,46.0435160000543,True,8.834224999873186,True,raw_gray,True
492,1,plain,True,True,True,172.17466000010972,True,22.869717000048695,True,raw_gray,True
492,1,inverted_color,False,False,True,95.05632700006572,True,26.585857999862128,True,raw_gray,True
492,1,logo,True,True,True,278.3617300001424,True,36.21359599992502,True,raw_gray,True
492,1,styled,True,True,True,223.00855999992564,True,54.89455000019916,True,raw_gray,True
492,1,ascii,True,True,True,110.90033000004951,True,18.57548499992845,True,raw_gray,True
493,1,plain,True,True,True,46.828693999941606,True,5.721204999872498,True,raw_gray,True
493,1,inverted_color,False,False,True,28.03661299981286,True,6.281667999928686,True,raw_gray,True
493,1,logo,True,True,True,50.50816099992517,True,8.775297000056526,True,raw_gray,True
493,1,styled,True,True,True,50.99951600004715,True,8.92017199998918,True,raw_gray,True
493,1,ascii,False,True,True,47.724619000064195,True,8.979020999959175,True,raw_gray,True
494,1,plain,True,True,True,39.662654000039765,True,4.613947000052576,True,raw_gray,True
494,1,inverted_color,False,False,True,28.5047529998792,True,4.665984999974171,True,raw_gray,True
494,1,logo,True,True,True,58.57079300017176,True,22.16412500001752,True,raw_gray,True
494,1,styled,True,True,True,51.20298999986517,True,8.700315999931263,True,raw_gray,True
494,1,ascii,False,True,True,32.5632950000454,True,4.066126999987318,True,raw_gray,True
495,1,plain,True,True,True,42.93665500017596,True,6.1419520000072225,True,raw_gray,True
495,1,inverted_color,False,False,True,33.689656999968065,True,6.082397999989553,True,raw_gray,True
495,1,logo,True,True,True,96.7434870001398,True,10.766461999992316,True,raw_gray,True
495,1,styled,True,True,True,68.96050500017736,True,11.423306000097,True,raw_gray,True
495,1,ascii,False,True,True,37.111723999942114,True,6.579789999932473,True,raw_gray,True
496,1,plain,True,True,True,46.412533999955485,True,5.972439000061058,True,raw_gray,True
496,1,inverted_color,False,False,True,47.181152999883125,True,5.922468999870034,True,raw_gray,True
496,1,logo,True,True,True,58.44415100000333,True,7.111317999942912,True,raw_gray,True
496,1,styled,True,True,True,53.57006799999908,True,17.623284999899624,True,raw_gray,True
496,1,ascii,False,True,True,48.9104389998829,True,4.919265000125961,True,raw_gray,True
497,1,plain,True,True,True,52.893144999870856,True,7.190839000031701,True,raw_gray,True
497,1,inverted_color,False,False,True,33.50140099996679,True,7.220132000156809,True,raw_gray,True
497,1,logo,True,True,True,69.51533200003723,True,10.117654999930892,True,raw_gray,True
497,1,styled,True,True,True,69.65618299977905,True,18.107807999967918,True,raw_gray,True
497,1,ascii,True,True,True,103.86354999991454,True,7.249479999927644,True,raw_gray,True
498,1,plain,True,True,True,58.18183199994564,True,8.138992000112921,True,raw_gray,True
498,1,inverted_color,False,False,True,27.707031000090865,True,5.766406000020652,True,raw_gray,True
498,1,logo,True,True,True,46.940428999960204,True,7.067696000149226,True,raw_gray,True
498,1,styled,True,True,True,51.60332600007678,True,8.792539000069155,True,raw_gray,True
498,1,ascii,False,False,True,29.950623999866366,True,4.969640000126674,True,raw_gray,True
499,1,plain,True,True,True,57.619733999899836,True,8.342994000031467,True,raw_gray,True
499,1,inverted_color,False,False,True,38.88279599982525,True,8.154578000130641,True,raw_gray,True
499,1,logo,False,True,True,114.74309400000493,True,17.148646999885386,True,raw_gray,True
499,1,styled,True,True,True,124.07198599998992,True,24.281259999952454,True,raw_gray,True
499,1,ascii,False,True,True,50.43667399991136,True,7.374604999995427,True,raw_gray,True
500,0,plain,True,True,True,39.9273059999814,True,4.418275000034555,True,raw_gray,True
500,0,inverted_color,False,False,True,27.22167999991143,True,4.658766000147807,True,raw_gray,True
500,0,logo,True,True,True,49.72377399985817,True,7.013222000068708,True,raw_gray,True
500,0,styled,True,True,True,60.87884499993379,True,9.279607000053147,True,raw_gray,True
500,0,ascii,False,True,True,32.91182600014508,True,4.106829999955153,True,raw_gray,True
501,0,plain,True,True,True,35.38778100005402,True,4.704466000021057,True,raw_gray,True
501,0,inverted_color,False,False,True,25.067475000014383,True,9.223045999988244,True,raw_gray,True
501,0,logo,True,True,True,43.59146199999486,True,6.125380999947083,True,raw_gray,True
501,0,styled,True,True,True,53.619774000026155,True,7.42286900003819,True,raw_gray,True
501,0,ascii,False,True,True,32.31705099983628,True,4.256323999925371,True,raw_gray,True
502,0,plain,True,True,True,65.16044400018473,True,6.130149000000529,True,raw_gray,True
502,0,inverted_color,False,False,True,27.43240299992067,True,5.443105000040305,True,raw_gray,True
502,0,logo,True,True,True,66.41216999992139,True,7.180414000004021,True,raw_gray,True
502,0,styled,True,True,True,53.917858999966484,True,9.011272999941866,True,raw_gray,True
502,0,ascii,False,True,True,42.72932999992918,True,4.916052999988096,True,raw_gray,True
503,0,plain,True,True,True,41.53169299979709,True,5.50733099998979,True,raw_gray,True
503,0,inverted_color,False,False,True,31.722810000019308,True,5.715847000146823,True,raw_gray,True
503,0,logo,True,True,True,66.2284479999471,True,18.984164999892528,True,raw_gray,True
503,0,styled,True,True,True,69.0445190000446,True,8.965057000068555,True,raw_gray,True
503,0,ascii,False,True,True,67.04703200011863,True,4.942921000065326,True,raw_gray,True
504,0,plain,True,False,True,47.822881999991296,True,6.113370999855761,True,raw_gray,True
504,0,inverted_color,False,False,True,59.48670099996889,True,6.110851999892475,True,raw_gray,True
504,0,logo,True,True,True,58.53200799992919,True,11.772072999974625,True,raw_gray,True
504,0,styled,True,True,True,64.64293199996973,True,9.841346000030171,True,raw_gray,True
504,0,ascii,False,False,True,26.332580999905986,True,4.805432000011933,True,raw_gray,True
505,0,plain,True,True,True,103.75163999992765,True,12.244473000009748,True,raw_gray,True
505,0,inverted_color,False,False,True,81.6163909998977,True,12.217486000054123,True,raw_gray,True
505,0,logo,True,True,True,109.81919100004234,True,23.959374000014577,True,raw_gray,True
505,0,styled,True,True,True,139.556051999989,True,13.339132000055542,True,raw_gray,True
505,0,ascii,False,True,True,83.59012899995832,True,12.505469000188896,True,raw_gray,True
506,0,plain,True,True,True,132.90454000002683,True,12.08010599998488,True,raw_gray,True
506,0,inverted_color,False,False,True,87.27860800013332,True,18.10911400002624,True,raw_gray,True
506,0,logo,True,True,True,167.8490019999117,True,23.544738000055077,True,raw_gray,True
506,0,styled,True,True,True,192.5237880000168,True,45.25093999995988,True,raw_gray,True
506,0,ascii,False,True,True,115.53111000011995,True,17.529552000041804,True,raw_gray,True
507,0,plain,True,True,True,164.9956660000953,True,20.2927620000537,True,raw_gray,True
507,0,inverted_color,False,False,True,67.95657900011065,True,14.439248000144289,True,raw_gray,True
507,0,logo,True,True,True,109.79172700012896,True,21.646959999998217,True,raw_gray,True
507,0,styled,True,True,True,133.886572999927,True,24.328668000180187,True,raw_gray,True
507,0,ascii,False,False,True,39.94975900013742,True,5.706127000166816,True,raw_gray,True
508,0,plain,True,True,True,45.750638000072286,True,5.83349199996519,True,raw_gray,True
508,0,inverted_color,False,False,True,56.22222700003476,True,5.925559000161229,True,raw_gray,True
508,0,logo,True,True,True,64.54135800004224,True,8.467089000077976,True,raw_gray,True
508,0,styled,True,True,True,76.43330800010517,True,10.473050999962652,True,raw_gray,True
508,0,ascii,False,True,True,64.13378199999897,True,6.052791999991314,True,raw_gray,True
509,0,plain,True,True,True,43.99440999986837,True,8.672603999912099,True,raw_gray,True
509,0,inverted_color,False,False,True,31.980834000023606,True,4.674723000107406,True,raw_gray,True
509,0,logo,True,True,True,47.99196899989511,True,5.82012399991072,True,raw_gray,True
509,0,styled,True,True,True,44.263778999948045,True,7.111612000016976,True,raw_gray,True
509,0,ascii,False,True,True,84.64530600008402,True,10.172959999863451,True,raw_gray,True
510,0,plain,True,True,True,98.07737500000258,True,13.292569999975967,True,raw_gray,True
510,0,inverted_color,False,False,True,72.20733899998777,True,12.324548999913532,True,raw_gray,True
510,0,logo,True,True,True,115.06118600004811,True,12.993725999876915,True,raw_gray,True
510,0,styled,True,True,True,70.4414970000471,True,18.699497000170595,True,raw_gray,True
510,0,ascii,False,False,True,23.524984999994558,True,4.072629000120287,True,raw_gray,True
511,0,plain,True,True,True,104.44617400003153,True,7.751861000087956,True,raw_gray,True
511,0,inverted_color,False,False,True,39.30540199985444,True,8.821373000046151,True,raw_gray,True
511,0,logo,True,True,True,114.47633200009477,True,15.149645000064993,True,raw_gray,True
511,0,styled,True,True,True,100.96382200003973,True,10.165467999968314,True,raw_gray,True
511,0,ascii,False,True,True,54.651809000006324,True,4.05254700012847,True,raw_gray,True
512,0,plain,True,True,True,36.0110420001547,True,6.376650999982303,True,raw_gray,True
512,0,inverted_color,False,False,True,65.58494600017184,True,4.781084000114788,True,raw_gray,True
512,0,logo,True,True,True,77.21667500004514,True,13.22340699994129,True,raw_gray,True
512,0,styled,True,True,True,102.30932799981929,True,16.9265050001286,True,raw_gray,True
512,0,ascii,False,True,True,47.346012999923914,True,4.1493549999813695,True,raw_gray,True
513,0,plain,True,True,True,56.644921000042814,True,4.712158000074851,True,raw_gray,True
513,0,inverted_color,False,False,True,32.40245399979358,True,4.300093999972887,True,raw_gray,True
513,0,logo,True,True,True,62.20423800004937,True,7.018651999942449,True,raw_gray,True
513,0,styled,True,True,True,107.0108659998823,True,25.71588499995414,True,raw_gray,True
513,0,ascii,False,True,True,73.91864400005943,True,12.32177299993964,True,raw_gray,True
514,0,plain,True,True,True,87.19452500008629,True,5.956364999974539,True,raw_gray,True
514,0,inverted_color,False,False,True,34.44416399997863,True,14.256447999969168,True,raw_gray,True
514,0,logo,True,True,True,69.01856899980885,True,7.198273999847515,True,raw_gray,True
514,0,styled,True,True,True,89.10602699984338,True,19.107253999891327,True,raw_gray,True
514,0,ascii,False,True,True,82.53791099991759,True,4.859781000050134,True,raw_gray,True
515,0,plain,True,True,True,46.751035999932355,True,4.726064999886148,True,raw_gray,True
515,0,inverted_color,False,False,True,131.53312500003267,True,8.173749999969004,True,raw_gray,True
515,0,logo,True,True,True,79.50817500000085,True,6.316710999954012,True,raw_gray,True
515,0,styled,True,True,True,46.15932499996234,True,6.995710000182953,True,raw_gray,True
515,0,ascii,False,True,True,35.437207000086346,True,4.355879000058849,True,raw_gray,True
516,0,plain,True,True,True,50.5839059999289,True,12.084406999974817,True,raw_gray,True
516,0,inverted_color,False,False,True,42.23410800000238,True,8.969468000032066,True,raw_gray,True
516,0,logo,True,True,True,51.93017999999938,True,8.682857999929183,True,raw_gray,True
516,0,styled,True,True,True,74.26097600000503,True,9.41813600002206,True,raw_gray,True
516,0,ascii,False,False,True,38.26234799998929,True,5.295933000070363,True,raw_gray,True
517,0,plain,True,True,True,44.9149540002054,True,7.586728999967818,True,raw_gray,True
517,0,inverted_color,False,False,True,100.12895099998786,True,12.057409000135522,True,raw_gray,True
517,0,logo,True,True,True,101.36738300002435,True,11.511675000065225,True,raw_gray,True
517,0,styled,True,True,True,53.907551999827774,True,9.433283999896958,True,raw_gray,True
517,0,ascii,False,True,True,38.51200200006133,True,5.314905000204817,True,raw_gray,True
518,0,plain,True,True,True,43.988964999925884,True,6.147403999875678,True,raw_gray,True
518,0,inverted_color,False,False,True,30.545296999889615,True,6.0884289998739405,True,raw_gray,True
518,0,logo,True,True,True,54.41259200006243,True,22.579936000056477,True,raw_gray,True
518,0,styled,True,True,True,67.10359799990329,True,9.167789999992237,True,raw_gray,True
518,0,ascii,False,True,True,37.62902500011478,True,5.246396000075038,True,raw_gray,True
519,0,plain,True,True,True,36.12267900007282,True,4.999968999982229,True,raw_gray,True
519,0,inverted_color,False,False,True,25.55848999986665,True,4.9738790000901645,True,raw_gray,True
519,0,logo,True,True,True,43.240427000000636,True,6.346702999962872,True,raw_gray,True
519,0,styled,True,True,True,44.57536500012793,True,7.623589999866454,True,raw_gray,True
519,0,ascii,False,True,True,33.80511000000297,True,4.310072999942349,True,raw_gray,True
520,0,plain,True,True,True,39.50491399996281,True,4.9321750000217435,True,raw_gray,True
520,0,inverted_color,False,False,True,26.915061999943646,True,4.92250199999944,True,raw_gray,True
520,0,logo,True,True,True,51.66057499991439,True,7.596699000032459,True,raw_gray,True
520,0,styled,True,True,True,53.71755700002723,True,9.65170700010276,True,raw_gray,True
520,0,ascii,False,False,True,30.99596499987456,True,4.273949000207722,True,raw_gray,True
521,0,plain,True,True,True,43.658171999823026,True,6.205523000062385,True,raw_gray,True
521,0,inverted_color,False,False,True,31.363279999823135,True,7.474519999959739,True,raw_gray,True
521,0,logo,True,True,True,51.54895500004386,True,7.3699800000213145,True,raw_gray,True
521,0,styled,True,True,True,55.10604300002342,True,14.340742999820577,True,raw_gray,True
521,0,ascii,False,False,True,26.911103999964325,True,5.428736000112622,True,raw_gray,True
522,0,plain,True,True,True,39.89296400004605,True,5.074279000155002,True,raw_gray,True
522,0,inverted_color,False,False,True,27.70421900004294,True,5.036400999870239,True,raw_gray,True
522,0,logo,True,True,True,51.931926999941425,True,7.58768500008955,True,raw_gray,True
522,0,styled,True,True,True,57.38454200013621,True,10.434695000185457,True,raw_gray,True
522,0,ascii,False,False,True,23.952501999929154,True,4.369513000028746,True,raw_gray,True
523,0,plain,True,True,True,44.55516000007265,True,6.175889999894935,True,raw_gray,True
523,0,inverted_color,False,False,True,30.48266600012539,True,6.224316000043473,True,raw_gray,True
523,0,logo,True,True,True,52.11851099988962,True,7.561822000070606,True,raw_gray,True
523,0,styled,True,True,True,54.485487999954785,True,9.321109999973487,True,raw_gray,True
523,0,ascii,False,True,True,41.45667200009484,True,5.192254000121466,True,raw_gray,True
524,0,plain,True,True,True,42.47998000005282,True,5.992636999962997,True,raw_gray,True
524,0,inverted_color,False,False,True,30.288026999869544,True,6.171891999883883,True,raw_gray,True
524,0,logo,True,True,True,51.39410299989322,True,7.28928199987422,True,raw_gray,True
524,0,styled,True,True,True,59.263549000206694,True,8.860030000050756,True,raw_gray,True
524,0,ascii,False,False,True,26.83069800013982,True,5.182356999966942,True,raw_gray,True
525,0,plain,True,True,True,46.949059000098714,True,6.793068999968455,True,raw_gray,True
525,0,inverted_color,False,False,True,29.63954899996679,True,6.230234999975437,True,raw_gray,True
525,0,logo,True,True,True,51.00949799998489,True,7.36598500020591,True,raw_gray,True
525,0,styled,True,True,True,53.558434000024135,True,9.10858699990058,True,raw_gray,True
525,0,ascii,False,False,True,25.77453499998228,True,4.453535000038755,True,raw_gray,True
526,0,plain,True,True,True,37.574427999970794,True,4.338804999861168,True,raw_gray,True
526,0,inverted_color,False,False,True,31.919944000037503,True,5.641067999931693,True,raw_gray,True
526,0,logo,True,True,True,57.10514299994429,True,7.538312999940899,True,raw_gray,True
526,0,styled,True,True,True,60.322967000047356,True,9.10916900011216,True,raw_gray,True
526,0,ascii,False,False,True,31.252636000090206,True,4.387736999888148,True,raw_gray,True
527,0,plain,True,True,True,44.69979100008459,True,6.244544000082897,True,raw_gray,True
527,0,inverted_color,False,False,True,30.002605999925436,True,6.234529000039402,True,raw_gray,True
527,0,logo,True,True,True,52.13122600002862,True,7.491254000115077,True,raw_gray,True
527,0,styled,True,True,True,53.37013600001228,True,10.583623999991687,True,raw_gray,True
527,0,ascii,False,True,True,39.855982999824846,True,5.2417259998946975,True,raw_gray,True
528,0,plain,True,True,True,42.380180000009204,True,6.200134999971851,True,raw_gray,True
528,0,inverted_color,False,False,True,29.904942000030132,True,5.616465999992215,True,raw_gray,True
528,0,logo,True,True,True,51.82701599983375,True,7.370977999926254,True,raw_gray,True
528,0,styled,True,True,True,54.537103000029674,True,9.310310000046229,True,raw_gray,True
528,0,ascii,False,True,True,36.66508900005283,True,5.034346999991612,True,raw_gray,True
529,0,plain,True,True,True,35.6174529999862,True,4.982242999858499,True,raw_gray,True
529,0,inverted_color,False,False,True,26.59691999997449,True,4.8321849999410915,True,raw_gray,True
529,0,logo,True,True,True,51.89364900002147,True,7.545543000105681,True,raw_gray,True
529,0,styled,True,True,True,52.28281499989862,True,9.210381000002599,True,raw_gray,True
529,0,ascii,False,False,True,33.8675030000104,True,4.284300000108487,True,raw_gray,True
530,0,plain,True,True,True,49.23050100001092,True,5.977247000146235,True,raw_gray,True
530,0,inverted_color,False,False,True,32.593876999953864,True,11.972528000114835,True,raw_gray,True
530,0,logo,True,True,True,125.87559899998269,True,15.392845999940619,True,raw_gray,True
530,0,styled,True,True,True,66.43078699994476,True,9.443254000188972,True,raw_gray,True
530,0,ascii,False,False,True,36.89114700000573,True,6.476958000121158,True,raw_gray,True
531,0,plain,True,True,True,37.951473000021,True,4.611506000173904,True,raw_gray,True
531,0,inverted_color,False,False,True,26.58458999985669,True,4.888877999974284,True,raw_gray,True
531,0,logo,True,True,True,42.0382370000425,True,6.085869999878923,True,raw_gray,True
531,0,styled,True,True,True,47.590690000106406,True,7.498700000041936,True,raw_gray,True
531,0,ascii,False,True,True,32.66652100001011,True,4.303236999930959,True,raw_gray,True
532,0,plain,True,True,True,37.965729999996256,True,5.003567999892766,True,raw_gray,True
532,0,inverted_color,False,False,True,25.860424000029525,True,4.60966700006793,True,raw_gray,True
532,0,logo,True,True,True,41.122328000028574,True,5.752183000140576,True,raw_gray,True
532,0,styled,True,True,True,58.69963299983283,True,7.032867000134502,True,raw_gray,True
532,0,ascii,False,False,True,21.971212999915224,True,3.935439999850132,True,raw_gray,True
533,0,plain,True,True,True,56.38440699999592,True,12.861793999945803,True,raw_gray,True
533,0,inverted_color,False,False,True,35.882813000171154,True,5.659917000002679,True,raw_gray,True
533,0,logo,True,True,True,52.20534399995813,True,6.907477999902767,True,raw_gray,True
533,0,styled,True,True,True,94.2946039999697,True,8.395647000043027,True,raw_gray,True
533,0,ascii,False,False,True,53.0730869998024,True,8.90387100002954,True,raw_gray,True
534,0,plain,True,True,True,42.61172699989402,True,4.870299000003797,True,raw_gray,True
534,0,inverted_color,False,False,True,35.42674100003751,True,22.873859000128505,True,raw_gray,True
534,0,logo,True,True,True,64.72507800003768,True,8.425330999898506,True,raw_gray,True
534,0,styled,True,True,True,67.33577800014245,True,8.653486999946836,True,raw_gray,True
534,0,ascii,False,True,True,49.77164299998549,True,8.316818999901443,True,raw_gray,True
535,0,plain,True,True,True,59.56478899997819,True,9.854678000010608,True,raw_gray,True
535,0,inverted_color,False,False,True,29.118691999883595,True,5.906917999936923,True,raw_gray,True
535,0,logo,True,True,True,64.79093200005082,True,7.014908999963154,True,raw_gray,True
535,0,styled,True,True,True,53.40390700007447,True,8.380901999998969,True,raw_gray,True
535,0,ascii,False,False,True,30.4770819998339,True,5.078724999975748,True,raw_gray,True
536,0,plain,True,True,True,42.456735000087065,True,5.647333000069921,True,raw_gray,True
536,0,inverted_color,False,False,True,41.75911000015731,True,12.040184999932535,True,raw_gray,True
536,0,logo,True,True,True,80.80443400012882,True,8.491967000054501,True,raw_gray,True
536,0,styled,True,True,True,78.38482000011027,True,13.135766000004878,True,raw_gray,True
536,0,ascii,False,True,True,36.451318999979776,True,4.991296999833139,True,raw_gray,True
537,0,plain,True,True,True,41.64828599982684,True,5.943962999936048,True,raw_gray,True
537,0,inverted_color,False,False,True,30.083567000019684,True,6.477588999814543,True,raw_gray,True
537,0,logo,True,True,True,60.40218900011496,True,15.486399999872447,True,raw_gray,True
537,0,styled,True,True,True,108.27848000008089,True,22.42023799999515,True,raw_gray,True
537,0,ascii,False,False,True,34.88131699987207,True,4.915168000025005,True,raw_gray,True
538,0,plain,True,True,True,36.51932200000374,True,6.435304999968139,True,raw_gray,True
538,0,inverted_color,False,False,True,26.435354000113875,True,4.567971000142279,True,raw_gray,True
538,0,logo,True,True,True,41.66114999998172,True,7.49343500001487,True,raw_gray,True
538,0,styled,True,True,True,48.93381200008662,True,7.055219999983819,True,raw_gray,True
538,0,ascii,False,True,True,45.05299400011609,True,3.949335000015708,True,raw_gray,True
539,0,plain,True,True,True,35.46665099997881,True,4.611325000041688,True,raw_gray,True
539,0,inverted_color,False,False,True,28.933885000014925,True,7.72778800001106,True,raw_gray,True
539,0,logo,True,True,True,41.444726000008814,True,5.751443000008294,True,raw_gray,True
539,0,styled,True,True,True,44.28184200014584,True,7.032233999780146,True,raw_gray,True
539,0,ascii,False,True,True,31.9274679998216,True,4.026559000067209,True,raw_gray,True
540,0,plain,True,True,True,38.5653949999778,True,4.903241999954844,True,raw_gray,True
540,0,inverted_color,False,False,True,42.9519879999134,True,7.229887999983475,True,raw_gray,True
540,0,logo,True,True,True,42.27543999991212,True,9.730906999948274,True,raw_gray,True
540,0,styled,True,True,True,42.93084899995847,True,6.761102999917057,True,raw_gray,True
540,0,ascii,False,True,True,31.18311699995502,True,4.356265999831521,True,raw_gray,True
541,0,plain,True,True,True,50.579252999796154,True,11.839990999988004,True,raw_gray,True
541,0,inverted_color,False,False,True,29.442195999990872,True,6.260939999947368,True,raw_gray,True
541,0,logo,True,True,True,55.845614000190835,True,7.5010989999100275,True,raw_gray,True
541,0,styled,True,True,True,78.65522499992039,True,18.982813999855352,True,raw_gray,True
541,0,ascii,False,True,True,109.79798399989704,True,17.174957000179347,True,raw_gray,True
542,0,plain,True,True,True,175.87508000019625,True,24.101233000010325,True,raw_gray,True
542,0,inverted_color,False,False,True,110.38835499994093,True,24.03088000005482,True,raw_gray,True
542,0,logo,True,True,True,243.01205300002948,True,32.807673999968756,True,raw_gray,True
542,0,styled,True,True,True,382.92461400010325,True,88.57875400008197,True,raw_gray,True
542,0,ascii,False,False,True,201.031409000052,True,33.125746999985495,True,raw_gray,True
543,0,plain,True,True,True,239.2575559999841,True,40.47138499981884,True,raw_gray,True
543,0,inverted_color,False,False,True,216.1378060000061,True,54.24478699978863,True,raw_gray,True
543,0,logo,True,True,True,395.2677719998974,True,68.99519399985365,True,raw_gray,True
543,0,styled,True,True,True,442.3634029999448,True,77.20590600001742,True,raw_gray,True
543,0,ascii,False,False,True,211.09251799998674,True,29.250424000110797,True,raw_gray,True
544,0,plain,True,True,True,181.9297249999181,True,33.151152999835176,True,raw_gray,True
544,0,inverted_color,False,False,True,177.91314599980979,True,20.877259000144477,True,raw_gray,True
544,0,logo,True,True,True,229.76480200009064,True,24.71784299996216,True,raw_gray,True
544,0,styled,True,True,True,158.34975300003862,True,16.997841000147673,True,raw_gray,True
544,0,ascii,False,True,True,76.52906900011658,True,6.947593000177221,True,raw_gray,True
545,0,plain,True,True,True,129.25244400003066,True,29.247422000025836,True,raw_gray,True
545,0,inverted_color,False,False,True,82.74766099998487,True,13.266299999941111,True,raw_gray,True
545,0,logo,True,True,True,194.28765700013173,True,34.92309400007798,True,raw_gray,True
545,0,styled,True,True,True,206.82848499995998,True,30.640058000017234,True,raw_gray,True
545,0,ascii,False,False,True,85.7609390000107,True,10.373813999876802,True,raw_gray,True
546,0,plain,True,True,True,39.64369999994233,True,4.809814999816808,True,raw_gray,True
546,0,inverted_color,False,False,True,29.18700500003979,True,4.711514000064199,True,raw_gray,True
546,0,logo,True,True,True,58.27451300001485,True,12.260999000091033,True,raw_gray,True
546,0,styled,True,True,True,87.97729399998389,True,9.839575999876615,True,raw_gray,True
546,0,ascii,False,True,True,31.8919910000659,True,3.946749000078853,True,raw_gray,True
547,0,plain,True,True,True,40.910774000167294,True,5.612275999965277,True,raw_gray,True
547,0,inverted_color,False,False,True,60.92569799989178,True,11.983568999994532,True,raw_gray,True
547,0,logo,True,True,True,107.63664499995684,True,21.415231999981188,True,raw_gray,True
547,0,styled,True,True,True,82.71059200001218,True,18.828198000164775,True,raw_gray,True
547,0,ascii,False,True,True,65.02482700011569,True,4.932370999995328,True,raw_gray,True
548,0,plain,True,True,True,36.28111000011813,True,4.724471999907109,True,raw_gray,True
548,0,inverted_color,False,False,True,26.43337899985454,True,4.8450500000853935,True,raw_gray,True
548,0,logo,True,True,True,48.63448800006154,True,6.927334000010887,True,raw_gray,True
548,0,styled,True,True,True,55.564384000035716,True,10.188694999897052,True,raw_gray,True
548,0,ascii,False,True,True,39.98050800009878,True,10.244251000131044,True,raw_gray,True
549,0,plain,True,True,True,64.05627399999503,True,5.654989999811733,True,raw_gray,True
549,0,inverted_color,False,False,True,27.558943000030922,True,5.577417000040441,True,raw_gray,True
549,0,logo,True,True,True,52.877807999948345,True,7.798315999934857,True,raw_gray,True
549,0,styled,True,True,True,58.34661800008689,True,11.09048300008908,True,raw_gray,True
549,0,ascii,False,False,True,25.725061000002825,True,5.058259999941583,True,raw_gray,True
550,0,plain,True,True,True,34.359945999995034,True,4.503871999986586,True,raw_gray,True
550,0,inverted_color,False,False,True,23.982219999879817,True,4.547622000018237,True,raw_gray,True
550,0,logo,True,True,True,47.70970799995666,True,6.9529929999134765,True,raw_gray,True
550,0,styled,True,True,True,52.44300300000759,True,8.455202999812172,True,raw_gray,True
550,0,ascii,False,True,True,32.427031999986866,True,4.129087999899639,True,raw_gray,True
551,0,plain,True,True,True,34.8960060000536,True,4.530121000016152,True,raw_gray,True
551,0,inverted_color,False,False,True,46.95375000005697,True,4.867384999897695,True,raw_gray,True
551,0,logo,True,True,True,41.90141999993102,True,5.8708730000489595,True,raw_gray,True
551,0,styled,True,True,True,43.268269999998665,True,6.574021999995239,True,raw_gray,True
551,0,ascii,False,False,True,23.275188000070557,True,4.075946000057229,True,raw_gray,True
552,0,plain,True,True,True,39.79538999988108,True,5.814979999968273,True,raw_gray,True
552,0,inverted_color,False,False,True,28.232998000021325,True,5.9334069999295025,True,raw_gray,True
552,0,logo,True,True,True,49.02914999979657,True,6.907465000040247,True,raw_gray,True
552,0,styled,True,True,True,53.900918999943315,True,9.998880000011923,True,raw_gray,True
552,0,ascii,False,False,True,36.447341999974014,True,4.849409999906129,True,raw_gray,True
553,0,plain,True,True,True,59.79702200011161,True,22.565606999933152,True,raw_gray,True
553,0,inverted_color,False,False,True,28.139458000168815,True,5.810426999914853,True,raw_gray,True
553,0,logo,True,True,True,50.70771199984847,True,7.129370000029667,True,raw_gray,True
553,0,styled,True,True,True,52.765546999808066,True,8.809995999854436,True,raw_gray,True
553,0,ascii,False,True,True,35.90431499992519,True,5.027735000112443,True,raw_gray,True
554,0,plain,True,True,True,34.63683400013906,True,4.549417000134781,True,raw_gray,True
554,0,inverted_color,False,False,True,41.38382799987994,True,4.545525999901656,True,raw_gray,True
554,0,logo,True,True,True,83.73980200008191,True,15.653248000035092,True,raw_gray,True
554,0,styled,True,True,True,81.11002000009648,True,6.95203100008257,True,raw_gray,True
554,0,ascii,False,True,True,31.467466000094646,True,4.167606999999407,True,raw_gray,True
555,0,plain,True,True,True,87.9882340000222,True,17.676588000085758,True,raw_gray,True
555,0,inverted_color,False,False,True,89.83873500005757,True,18.9372220002042,True,raw_gray,True
555,0,logo,True,True,True,136.28562899998542,True,15.005118000090079,True,raw_gray,True
555,0,styled,True,True,True,156.5096489998723,True,19.007396000006338,True,raw_gray,True
555,0,ascii,False,True,True,84.12413199994262,True,4.724496999870098,True,raw_gray,True
556,0,plain,True,True,True,139.2444319999413,True,18.90274400011549,True,raw_gray,True
556,0,inverted_color,False,False,True,303.62754400016456,True,16.930322000007436,True,raw_gray,True
556,0,logo,True,True,True,66.1097909999171,True,10.917656999936298,True,raw_gray,True
556,0,styled,True,True,True,160.70870999988074,True,32.899051999947915,True,raw_gray,True
556,0,ascii,False,False,True,90.57035099999666,True,21.189234000075885,True,raw_gray,True
557,0,plain,True,True,True,86.88777500015021,True,18.043170000055397,True,raw_gray,True
557,0,inverted_color,False,False,True,89.17886000017461,True,18.144882000115103,True,raw_gray,True
557,0,logo,True,True,True,116.3341589999618,True,15.188551999926858,True,raw_gray,True
557,0,styled,True,True,True,106.02531599988652,True,18.662153999912334,True,raw_gray,True
557,0,ascii,False,False,True,27.025098999956754,True,4.590840999981083,True,raw_gray,True
558,0,plain,True,True,True,141.08275299986417,True,23.950380000087534,True,raw_gray,True
558,0,inverted_color,False,False,True,87.67389599984199,True,27.80906199996025,True,raw_gray,True
558,0,logo,True,True,True,142.59423499993318,True,33.32950499998333,True,raw_gray,True
558,0,styled,True,True,True,214.59874200013473,True,30.842465000205266,True,raw_gray,True
558,0,ascii,False,False,True,59.94220699994912,True,16.330736000099932,True,raw_gray,True
559,0,plain,True,True,True,68.5413559999688,True,24.55466400010664,True,raw_gray,True
559,0,inverted_color,False,False,True,96.09242999999879,True,22.064235000016197,True,raw_gray,True
559,0,logo,True,True,True,217.39279099983833,True,43.69585399990683,True,raw_gray,True
559,0,styled,True,True,True,147.0129349997933,True,11.091494000083912,True,raw_gray,True
559,0,ascii,False,True,True,43.96232800013422,True,8.610093000015695,True,raw_gray,True
560,0,plain,True,True,True,43.85363300002609,True,5.7601899998189765,True,raw_gray,True
560,0,inverted_color,False,False,True,43.410599000026195,True,18.097435000072437,True,raw_gray,True
560,0,logo,True,True,True,149.09564399999908,True,17.4667750000026,True,raw_gray,True
560,0,styled,True,True,True,71.06813499990494,True,8.632390000002488,True,raw_gray,True
560,0,ascii,False,False,True,43.35184699993988,True,11.370160000069518,True,raw_gray,True
561,0,plain,True,True,True,52.82074699994155,True,5.746415000203342,True,raw_gray,True
561,0,inverted_color,False,False,True,27.147615000103542,True,4.943828000023132,True,raw_gray,True
561,0,logo,True,True,True,65.56850099991607,True,5.61120700012907,True,raw_gray,True
561,0,styled,True,True,True,43.754110999998375,True,7.281687999920905,True,raw_gray,True
561,0,ascii,False,True,True,39.53895800009377,True,4.199010999855091,True,raw_gray,True
562,0,plain,True,True,True,36.042425000005096,True,4.611931999988883,True,raw_gray,True
562,0,inverted_color,False,False,True,25.989848999870446,True,4.532564999863098,True,raw_gray,True
562,0,logo,True,True,True,46.90285800006677,True,7.2007430001121975,True,raw_gray,True
562,0,styled,True,True,True,50.55465100008405,True,8.109338000167554,True,raw_gray,True
562,0,ascii,False,False,True,30.711372000041592,True,4.102964999901815,True,raw_gray,True
563,0,plain,True,True,True,35.78695700002754,True,4.794289000074059,True,raw_gray,True
563,0,inverted_color,False,False,True,26.71291299998302,True,4.572091999989425,True,raw_gray,True
563,0,logo,True,True,True,44.96276300005775,True,5.7066970000505535,True,raw_gray,True
563,0,styled,True,True,True,53.91422100001364,True,6.636717999981556,True,raw_gray,True
563,0,ascii,False,True,True,32.56036800007678,True,4.081614999904559,True,raw_gray,True
564,0,plain,True,True,True,40.90430400015066,True,5.783668000049147,True,raw_gray,True
564,0,inverted_color,False,False,True,27.65391200000522,True,5.609039999853849,True,raw_gray,True
564,0,logo,True,True,True,48.630999000124575,True,6.926145000079487,True,raw_gray,True
564,0,styled,True,True,True,51.45689599999059,True,8.61250499997368,True,raw_gray,True
564,0,ascii,False,False,True,26.977167000040936,True,4.844262000005983,True,raw_gray,True
565,0,plain,True,True,True,41.54681800014259,True,5.431334999911996,True,raw_gray,True
565,0,inverted_color,False,False,True,28.654018999986874,True,5.836589999944408,True,raw_gray,True
565,0,logo,True,True,True,50.23360299992419,True,6.998450999844863,True,raw_gray,True
565,0,styled,True,True,True,52.24465399987821,True,8.679690000008122,True,raw_gray,True
565,0,ascii,False,False,True,25.273672999901464,True,5.074552999985826,True,raw_gray,True
566,0,plain,True,True,True,35.80763900004058,True,4.70413599987296,True,raw_gray,True
566,0,inverted_color,False,False,True,25.717952000150035,True,4.527256999836027,True,raw_gray,True
566,0,logo,True,True,True,39.761415000157285,True,5.981949999977587,True,raw_gray,True
566,0,styled,True,True,True,48.457724999934726,True,6.88959000012801,True,raw_gray,True
566,0,ascii,False,False,True,22.171280000065963,True,3.9375139999719977,True,raw_gray,True
567,0,plain,True,True,True,33.86395600000469,True,4.572284000005311,True,raw_gray,True
567,0,inverted_color,False,False,True,34.25820699999349,True,4.659064000179569,True,raw_gray,True
567,0,logo,True,True,True,48.07060900020588,True,6.64993800000957,True,raw_gray,True
567,0,styled,True,True,True,50.18247699990752,True,8.76534099984383,True,raw_gray,True
567,0,ascii,False,True,True,34.83530499988774,True,3.928207999933875,True,raw_gray,True
568,0,plain,True,True,True,66.01578400000108,True,5.609099999901446,True,raw_gray,True
568,0,inverted_color,False,False,True,27.24348700007795,True,5.667147999929512,True,raw_gray,True
568,0,logo,True,True,True,49.40715399993678,True,6.734440999935032,True,raw_gray,True
568,0,styled,True,True,True,52.816815999904065,True,11.408072999984142,True,raw_gray,True
568,0,ascii,False,True,True,47.52798200001962,True,4.687396000008448,True,raw_gray,True
569,0,plain,True,True,True,41.14108299995678,True,8.860721000019112,True,raw_gray,True
569,0,inverted_color,False,False,True,30.598054999927626,True,5.541214000004402,True,raw_gray,True
569,0,logo,True,True,True,53.58849799995369,True,6.897218999938559,True,raw_gray,True
569,0,styled,True,True,True,52.674574000093344,True,8.667356999922049,True,raw_gray,True
569,0,ascii,False,True,True,38.613186000020505,True,5.207593000022825,True,raw_gray,True
570,0,plain,True,True,True,42.505214999891905,True,5.797129000029599,True,raw_gray,True
570,0,inverted_color,False,False,True,33.18156699992869,True,5.648600000085935,True,raw_gray,True
570,0,logo,True,True,True,74.61657999988347,True,6.661635999989812,True,raw_gray,True
570,0,styled,True,True,True,60.141327999872374,True,8.658757000148398,True,raw_gray,True
570,0,ascii,False,False,True,35.36384599988196,True,4.878135000126349,True,raw_gray,True
571,0,plain,True,True,True,40.965446000200245,True,5.636700999957611,True,raw_gray,True
571,0,inverted_color,False,False,True,64.87231899996004,True,10.510487999908946,True,raw_gray,True
571,0,logo,True,True,True,67.18096999998124,True,9.292626000160453,True,raw_gray,True
571,0,styled,True,True,True,78.97275699997408,True,11.45117299984122,True,raw_gray,True
571,0,ascii,False,False,True,30.265463999967324,True,6.804988000112644,True,raw_gray,True
572,0,plain,True,True,True,53.548223000007056,True,5.813106000005064,True,raw_gray,True
572,0,inverted_color,False,False,True,28.187114000047586,True,5.991644000005181,True,raw_gray,True
572,0,logo,True,True,True,104.05061699998441,True,18.997737000063353,True,raw_gray,True
572,0,styled,True,True,True,226.52257599997938,True,39.034850999996706,True,raw_gray,True
572,0,ascii,False,False,True,65.09942399998181,True,11.551524999958929,True,raw_gray,True
573,0,plain,True,True,True,87.67283099996348,True,16.55042900006265,True,raw_gray,True
573,0,inverted_color,False,False,True,59.97014000013223,True,13.251962000140338,True,raw_gray,True
573,0,logo,True,True,True,125.26724600002126,True,18.028406999974322,True,raw_gray,True
573,0,styled,True,True,True,119.15749100012363,True,20.45319599983486,True,raw_gray,True
573,0,ascii,False,False,True,66.90823899998577,True,12.705442000196854,True,raw_gray,True
574,0,plain,True,True,True,109.8195920001217,True,10.3914479998366,True,raw_gray,True
574,0,inverted_color,False,False,True,70.19479499990666,True,12.722984999982145,True,raw_gray,True
574,0,logo,True,True,True,89.26377800003138,True,19.930908999867825,True,raw_gray,True
574,0,styled,True,True,True,138.2404470000438,True,31.41152299986061,True,raw_gray,True
574,0,ascii,False,True,True,110.22437299993726,True,16.734232000089833,True,raw_gray,True
575,0,plain,True,False,True,181.14820199980386,True,15.609353999934683,True,raw_gray,True
575,0,inverted_color,False,False,True,73.24007500005791,True,24.184888000036153,True,raw_gray,True
575,0,logo,True,True,True,158.4513519999291,True,11.639429000069867,True,raw_gray,True
575,0,styled,True,True,True,119.43478300008792,True,17.12751299987758,True,raw_gray,True
575,0,ascii,False,True,True,95.71754600005988,True,9.434163000150875,True,raw_gray,True
576,0,plain,True,True,True,91.9132090000403,True,13.281163000101515,True,raw_gray,True
576,0,inverted_color,False,False,True,53.6309799999799,True,10.51196200000959,True,raw_gray,True
576,0,logo,True,True,True,82.8418779999538,True,8.446471000070233,True,raw_gray,True
576,0,styled,True,True,True,83.10035199997401,True,23.41623300003448,True,raw_gray,True
576,0,ascii,False,False,True,54.291487000000416,True,6.445830000075148,True,raw_gray,True
577,0,plain,True,True,True,65.85559900008775,True,11.49823299988384,True,raw_gray,True
577,0,inverted_color,False,False,True,34.56914399998823,True,6.0069829999065405,True,raw_gray,True
577,0,logo,True,True,True,115.9660339999391,True,24.50203800003692,True,raw_gray,True
577,0,styled,True,True,True,118.51896199982548,True,15.29952299983961,True,raw_gray,True
577,0,ascii,False,True,True,55.72651199986467,True,4.969314000163649,True,raw_gray,True
578,0,plain,True,True,True,41.053709000152594,True,6.016210000097999,True,raw_gray,True
578,0,inverted_color,False,False,True,32.11374900001829,True,5.818907000048057,True,raw_gray,True
578,0,logo,True,True,True,50.12004599984721,True,6.53023699987898,True,raw_gray,True
578,0,styled,True,True,True,53.5423979999905,True,8.697133999930884,True,raw_gray,True
578,0,ascii,False,False,True,29.154932999972516,True,4.9779920000219136,True,raw_gray,True
579,0,plain,True,True,True,41.699237999864636,True,5.933575000199198,True,raw_gray,True
579,0,inverted_color,False,False,True,27.554879000035726,True,5.586410999967484,True,raw_gray,True
579,0,logo,True,True,True,46.3835680000102,True,6.723943999986659,True,raw_gray,True
579,0,styled,True,True,True,48.45618900003501,True,8.641894999982469,True,raw_gray,True
579,0,ascii,False,True,True,36.90458899995974,True,4.959636999956274,True,raw_gray,True
580,0,plain,True,True,True,41.750552999928914,True,5.966601999944032,True,raw_gray,True
580,0,inverted_color,False,False,True,58.53153300017766,True,6.315544000017326,True,raw_gray,True
580,0,logo,True,True,True,50.13129700000718,True,7.124385999986771,True,raw_gray,True
580,0,styled,True,True,True,123.13361200017425,True,19.437509999988833,True,raw_gray,True
580,0,ascii,False,True,True,88.96454700015965,True,9.040535999929489,True,raw_gray,True
581,0,plain,True,True,True,65.06102299999839,True,4.506066999965697,True,raw_gray,True
581,0,inverted_color,False,False,True,18.997640999941723,True,3.964902000006987,True,raw_gray,True
581,0,logo,True,True,True,35.066046999872924,True,4.828133000046364,True,raw_gray,True
581,0,styled,True,True,True,36.87468899988744,True,5.910090000043056,True,raw_gray,True
581,0,ascii,False,False,True,23.57986000015444,True,3.452084999935323,True,raw_gray,True
582,0,plain,True,True,True,29.758148000155416,True,4.021212999987256,True,raw_gray,True
582,0,inverted_color,False,False,True,18.866259000105856,True,3.9747769999394222,True,raw_gray,True
582,0,logo,True,True,True,34.99489900013941,True,4.864118999876155,True,raw_gray,True
582,0,styled,True,True,True,37.91175099991051,True,6.2207979999584495,True,raw_gray,True
582,0,ascii,False,True,True,25.773143999913373,True,3.4436679998179898,True,raw_gray,True
583,0,plain,True,True,True,25.425458999961847,True,3.2719280000037543,True,raw_gray,True
583,0,inverted_color,False,False,True,17.199197000081767,True,3.2188390000555955,True,raw_gray,True
583,0,logo,True,True,True,34.00816900011705,True,4.811327999959758,True,raw_gray,True
583,0,styled,True,True,True,37.55362099991544,True,6.071768000083466,True,raw_gray,True
583,0,ascii,False,True,True,23.23731100000259,True,2.6531850000992563,True,raw_gray,True
584,0,plain,True,True,True,29.337085999941337,True,4.127432999894154,True,raw_gray,True
584,0,inverted_color,False,False,True,20.598158999973748,True,4.0290379999987636,True,raw_gray,True
584,0,logo,True,True,True,33.75492899999699,True,4.825915999845165,True,raw_gray,True
584,0,styled,True,True,True,35.9040250000362,True,6.122913000126573,True,raw_gray,True
584,0,ascii,False,True,True,25.483888000053412,True,3.5368680000829045,True,raw_gray,True
585,0,plain,True,True,True,29.34804200003782,True,3.975475000061124,True,raw_gray,True
585,0,inverted_color,False,False,True,18.891888000098334,True,3.9844169998559664,True,raw_gray,True
585,0,logo,True,True,True,35.707000000002154,True,5.707561999997779,True,raw_gray,True
585,0,styled,True,True,True,36.50559900006556,True,6.093402000033166,True,raw_gray,True
585,0,ascii,False,True,True,28.087606000099186,True,4.116629999998622,True,raw_gray,True
586,0,plain,True,True,True,34.592560999954,True,5.864092999900095,True,raw_gray,True
586,0,inverted_color,False,False,True,34.38677600001938,True,4.400286999953096,True,raw_gray,True
586,0,logo,True,True,True,34.97249199995167,True,4.939201999832221,True,raw_gray,True
586,0,styled,True,True,True,37.36861300012606,True,6.205439000041224,True,raw_gray,True
586,0,ascii,False,True,True,26.88080099983381,True,3.7029210000127932,True,raw_gray,True
587,0,plain,True,True,True,29.49486700003945,True,3.9926250001371955,True,raw_gray,True
587,0,inverted_color,False,False,True,18.686785999989297,True,3.88024999983827,True,raw_gray,True
587,0,logo,True,True,True,34.3401760001143,True,4.819736999934321,True,raw_gray,True
587,0,styled,True,True,True,36.37629299987566,True,6.0743340000044554,True,raw_gray,True
587,0,ascii,False,True,True,25.826757999993788,True,3.5087149999526446,True,raw_gray,True
588,0,plain,True,True,True,28.877345999944737,True,3.930480000008174,True,raw_gray,True
588,0,inverted_color,False,False,True,34.38000300002386,True,3.9334909999979573,True,raw_gray,True
588,0,logo,True,True,True,34.20691399992393,True,4.9203149999357265,True,raw_gray,True
588,0,styled,True,True,True,36.468866999939564,True,5.916101999901002,True,raw_gray,True
588,0,ascii,False,True,True,25.08725300003789,True,3.377888999921197,True,raw_gray,True
589,0,plain,True,True,True,24.534010000024864,True,3.162743000075352,True,raw_gray,True
589,0,inverted_color,False,False,True,16.601244000185034,True,3.261703999896781,True,raw_gray,True
589,0,logo,True,True,True,33.982375000050524,True,5.149623000079373,True,raw_gray,True
589,0,styled,True,True,True,38.7889629998881,True,6.011488000012832,True,raw_gray,True
589,0,ascii,False,False,True,21.039272000052733,True,2.63052900004368,True,raw_gray,True
590,0,plain,True,True,True,25.41238499998144,True,3.1544510000003356,True,raw_gray,True
590,0,inverted_color,False,False,True,16.605847999926482,True,3.1518229998255265,True,raw_gray,True
590,0,logo,True,True,True,32.30802100006258,True,4.869551999945543,True,raw_gray,True
590,0,styled,True,True,True,36.73753500015664,True,6.042987000000721,True,raw_gray,True
590,0,ascii,False,False,True,14.671072000055574,True,2.5762700001905614,True,raw_gray,True
591,0,plain,True,True,True,31.508134999967297,True,3.9677459999438724,True,raw_gray,True
591,0,inverted_color,False,False,True,18.77162000005228,True,3.9096259999951144,True,raw_gray,True
591,0,logo,True,True,True,36.88498399992568,True,5.584766000083619,True,raw_gray,True
591,0,styled,True,True,True,35.70010299995374,True,6.011593000039284,True,raw_gray,True
591,0,ascii,False,False,True,25.619283999958498,True,4.928186999904938,True,raw_gray,True
592,0,plain,True,True,True,28.42426400002296,True,3.6366970000472065,True,raw_gray,True
592,0,inverted_color,False,False,True,16.90111099992464,True,3.2253280000986706,True,raw_gray,True
592,0,logo,True,True,True,34.41255999996429,True,4.894628000101875,True,raw_gray,True
592,0,styled,True,True,True,37.32372400008899,True,6.183062999980393,True,raw_gray,True
592,0,ascii,False,True,True,22.66295499998705,True,2.5727489999098907,True,raw_gray,True
593,0,plain,True,True,True,31.357640000123865,True,4.413077999970483,True,raw_gray,True
593,0,inverted_color,False,False,True,19.979532999968797,True,4.46321699996588,True,raw_gray,True
593,0,logo,True,True,True,43.06100200005858,True,6.2928009999723145,True,raw_gray,True
593,0,styled,True,True,True,46.08339400010664,True,8.188080000081754,True,raw_gray,True
593,0,ascii,False,False,True,27.013819000103467,True,3.3598539998820343,True,raw_gray,True
594,0,plain,True,True,True,29.025418999935937,True,3.9571750000959582,True,raw_gray,True
594,0,inverted_color,False,False,True,18.466026999931273,True,4.046439999910945,True,raw_gray,True
594,0,logo,True,True,True,34.153893000166136,True,4.778831999828981,True,raw_gray,True
594,0,styled,True,True,True,36.54185899995355,True,5.859372000031726,True,raw_gray,True
594,0,ascii,False,True,True,25.595611999960965,True,3.4269510001649905,True,raw_gray,True
595,0,plain,True,True,True,25.257308999925954,True,3.301519999922675,True,raw_gray,True
595,0,inverted_color,False,False,True,17.29691399987132,True,3.2437620000109746,True,raw_gray,True
595,0,logo,True,True,True,30.941442000084862,True,4.097616000080961,True,raw_gray,True
595,0,styled,True,True,True,32.23711999999068,True,4.821064999987357,True,raw_gray,True
595,0,ascii,False,True,True,22.324102999846218,True,2.6595750000524276,True,raw_gray,True
596,0,plain,True,True,True,29.430927000021256,True,3.9152089998424344,True,raw_gray,True
596,0,inverted_color,False,False,True,29.643480000004274,True,4.149166999923182,True,raw_gray,True
596,0,logo,True,True,True,34.25189900008263,True,4.8553710000760475,True,raw_gray,True
596,0,styled,True,True,True,37.69638200014924,True,5.950706000021455,True,raw_gray,True
596,0,ascii,False,True,True,25.963723000131722,True,3.8581349999731174,True,raw_gray,True
597,0,plain,True,True,True,31.678556999850116,True,4.009788999837838,True,raw_gray,True
597,0,inverted_color,False,False,True,18.895703999987745,True,3.9163659998848743,True,raw_gray,True
597,0,logo,True,True,True,33.77649700018992,True,4.834022000068217,True,raw_gray,True
597,0,styled,True,True,True,47.62726099988868,True,5.895616000088921,True,raw_gray,True
597,0,ascii,False,False,True,23.711459999958606,True,3.450993999877028,True,raw_gray,True
598,0,plain,True,True,True,29.074415999957637,True,4.036153000015474,True,raw_gray,True
598,0,inverted_color,False,False,True,27.28992999982438,True,4.602287999887267,True,raw_gray,True
598,0,logo,True,True,True,36.63432600001215,True,4.92695899993123,True,raw_gray,True
598,0,styled,True,True,True,36.18177599992123,True,6.1906600001293555,True,raw_gray,True
598,0,ascii,False,False,True,17.801114999883794,True,3.4860459998071747,True,raw_gray,True
599,0,plain,True,True,True,29.955855000025622,True,3.94543899983546,True,raw_gray,True
599,0,inverted_color,False,False,True,18.388557999969635,True,4.004938000207403,True,raw_gray,True
599,0,logo,True,True,True,35.067975000174556,True,4.877660999909494,True,raw_gray,True
599,0,styled,True,True,True,37.49013199990259,True,6.074020999903951,True,raw_gray,True
599,0,ascii,False,True,True,26.444030999982715,True,3.4891049999714596,True,raw_gray,True
600,0,plain,True,True,True,29.11932799997885,True,4.039157000079285,True,raw_gray,True
600,0,inverted_color,False,False,True,38.70353500019519,True,4.059789999928398,True,raw_gray,True
600,0,logo,True,True,True,35.21030500019151,True,4.840404999868042,True,raw_gray,True
600,0,styled,True,True,True,39.20383199988464,True,6.190462999938973,True,raw_gray,True
600,0,ascii,False,True,True,25.54325999994944,True,3.480974000012793,True,raw_gray,True
601,0,plain,True,True,True,28.817570999990494,True,3.878241000165872,True,raw_gray,True
601,0,inverted_color,False,False,True,20.562615000017104,True,3.8795870000285504,True,raw_gray,True
601,0,logo,True,True,True,34.88690500012126,True,4.948239999976067,True,raw_gray,True
601,0,styled,True,True,True,36.13259500002641,True,5.90213100008441,True,raw_gray,True
601,0,ascii,False,False,True,27.53700200014464,True,3.972298000007868,True,raw_gray,True
602,0,plain,True,True,True,32.44262899988826,True,3.9413550000517716,True,raw_gray,True
602,0,inverted_color,False,False,True,18.633390999866606,True,3.951995999841529,True,raw_gray,True
602,0,logo,True,True,True,34.50221100001727,True,4.944193000028463,True,raw_gray,True
602,0,styled,True,True,True,36.524613999972644,True,6.040146000032109,True,raw_gray,True
602,0,ascii,False,False,True,27.120957000079216,True,3.7937580000289017,True,raw_gray,True
603,0,plain,True,True,True,32.522174999940034,True,5.8555519999572425,True,raw_gray,True
603,0,inverted_color,False,False,True,26.301070000045,True,3.8989059999039455,True,raw_gray,True
603,0,logo,True,True,True,34.95488899989141,True,4.921407999972871,True,raw_gray,True
603,0,styled,True,True,True,36.82787000002463,True,5.973992000008366,True,raw_gray,True
603,0,ascii,False,True,True,26.36823800003185,True,3.443587999981901,True,raw_gray,True
604,0,plain,True,True,True,25.5885080000553,True,3.271247999919069,True,raw_gray,True
604,0,inverted_color,False,False,True,17.40731999984746,True,3.1932159999996657,True,raw_gray,True
604,0,logo,True,True,True,29.683285000146498,True,3.9513249998890387,True,raw_gray,True
604,0,styled,True,True,True,31.784365000021353,True,4.873298999882536,True,raw_gray,True
604,0,ascii,False,True,True,22.608854000054635,True,2.6387759999124683,True,raw_gray,True
605,0,plain,True,True,True,25.38515100013683,True,3.314754000030007,True,raw_gray,True
605,0,inverted_color,False,False,True,18.040622999933476,True,3.2117410000864766,True,raw_gray,True
605,0,logo,True,True,True,34.90265499999623,True,5.025576999969417,True,raw_gray,True
605,0,styled,True,True,True,36.99450999988585,True,6.080236999878252,True,raw_gray,True
605,0,ascii,False,True,True,22.566552999933265,True,2.63847800010808,True,raw_gray,True
606,0,plain,True,False,True,32.322528000122475,True,3.1893999998828804,True,raw_gray,True
606,0,inverted_color,False,False,True,17.064598999922964,True,3.191596000078789,True,raw_gray,True
606,0,logo,True,True,True,35.22349099989697,True,4.7705580000183545,True,raw_gray,True
606,0,styled,True,True,True,36.829376000014236,True,6.000862000064444,True,raw_gray,True
606,0,ascii,False,True,True,20.724137999877712,True,2.623924999852534,True,raw_gray,True
607,0,plain,True,True,True,29.02061700001468,True,3.9200880000862526,True,raw_gray,True
607,0,inverted_color,False,False,True,18.884318999880634,True,3.9993210000375257,True,raw_gray,True
607,0,logo,True,True,True,34.018014999901425,True,4.829761000110011,True,raw_gray,True
607,0,styled,True,True,True,36.49413499988441,True,7.45910399996319,True,raw_gray,True
607,0,ascii,False,True,True,25.648623000051884,True,3.531770000108736,True,raw_gray,True
608,0,plain,True,True,True,28.11029100007545,True,3.888810000034937,True,raw_gray,True
608,0,inverted_color,False,False,True,17.466468000066016,True,3.2873370000743307,True,raw_gray,True
608,0,logo,True,True,True,34.348391999856176,True,4.797972000005757,True,raw_gray,True
608,0,styled,True,True,True,36.313444000143136,True,5.951368999831175,True,raw_gray,True
608,0,ascii,False,True,True,22.266788000024462,True,2.627291999942827,True,raw_gray,True
609,0,plain,True,True,True,32.130434999999125,True,5.97668899990822,True,raw_gray,True
609,0,inverted_color,False,False,True,24.634289999994508,True,4.036695999957374,True,raw_gray,True
609,0,logo,True,True,True,34.10195200012822,True,4.795906000026662,True,raw_gray,True
609,0,styled,True,True,True,36.12712299991472,True,5.937306000078024,True,raw_gray,True
609,0,ascii,False,False,True,26.275370999883307,True,3.452179000078104,True,raw_gray,True
610,0,plain,True,True,True,28.9674670000295,True,3.9738880000186327,True,raw_gray,True
610,0,inverted_color,False,False,True,21.481039000036617,True,3.8800869999704446,True,raw_gray,True
610,0,logo,True,True,True,34.88745300001028,True,4.841927999905238,True,raw_gray,True
610,0,styled,True,True,True,38.477334999925006,True,6.635973000129525,True,raw_gray,True
610,0,ascii,False,True,True,26.003018999972483,True,3.4175999999206397,True,raw_gray,True
611,0,plain,True,True,True,25.968805000047723,True,3.2779240000309073,True,raw_gray,True
611,0,inverted_color,False,False,True,17.56537500000377,True,3.4309180000491324,True,raw_gray,True
611,0,logo,True,True,True,29.670211999928142,True,4.0950640000119165,True,raw_gray,True
611,0,styled,True,True,True,31.14350700002433,True,4.823847999887221,True,raw_gray,True
611,0,ascii,False,True,True,22.506816000031904,True,2.7368870000827883,True,raw_gray,True
612,0,plain,True,True,True,29.871011000068393,True,4.018584000050396,True,raw_gray,True
612,0,inverted_color,False,False,True,20.126144999949247,True,4.051838000123098,True,raw_gray,True
612,0,logo,True,True,True,40.13849200009645,True,5.650963000107367,True,raw_gray,True
612,0,styled,True,True,True,43.57552700002998,True,7.51915699993333,True,raw_gray,True
612,0,ascii,False,False,True,19.278259999964575,True,3.4568559999570425,True,raw_gray,True
613,0,plain,True,True,True,30.228685000111,True,3.941366999924867,True,raw_gray,True
613,0,inverted_color,False,False,True,20.196491999968202,True,3.922865000049569,True,raw_gray,True
613,0,logo,True,True,True,35.72475300006772,True,4.772085000013249,True,raw_gray,True
613,0,styled,True,True,True,39.5678790000602,True,6.7330970000512025,True,raw_gray,True
613,0,ascii,False,False,True,17.686852999986513,True,3.3542149999448156,True,raw_gray,True
614,0,plain,True,True,True,29.10906000010982,True,4.051198000070144,True,raw_gray,True
614,0,inverted_color,False,False,True,19.25133999998252,True,3.961286000048858,True,raw_gray,True
614,0,logo,True,True,True,34.904999999980646,True,4.733691999945222,True,raw_gray,True
614,0,styled,True,True,True,35.9161359999689,True,5.951605000063864,True,raw_gray,True
614,0,ascii,False,False,True,22.504558000036923,True,5.05077900015749,True,raw_gray,True
615,0,plain,True,True,True,32.94955899991692,True,3.195648999962941,True,raw_gray,True
615,0,inverted_color,False,False,True,16.434064999884868,True,3.1122979999054223,True,raw_gray,True
615,0,logo,True,True,True,29.170320000048378,True,4.03428000004169,True,raw_gray,True
615,0,styled,True,True,True,30.92479299994011,True,4.794465000031778,True,raw_gray,True
615,0,ascii,False,False,True,15.269989999978861,True,2.5692309998248675,True,raw_gray,True
616,0,plain,True,True,True,27.975754999943092,True,3.91567099995882,True,raw_gray,True
616,0,inverted_color,False,False,True,19.33236400009264,True,3.998313000010967,True,raw_gray,True
616,0,logo,True,True,True,43.87511499999164,True,6.283501999860164,True,raw_gray,True
616,0,styled,True,True,True,44.50654199990822,True,7.489992000046186,True,raw_gray,True
616,0,ascii,False,False,True,26.15307600012784,True,3.456796000136819,True,raw_gray,True
617,0,plain,True,True,True,30.464384999959293,True,4.059325999833163,True,raw_gray,True
617,0,inverted_color,False,False,True,19.37591099999736,True,3.9459719998831133,True,raw_gray,True
617,0,logo,True,True,True,39.87879800001792,True,6.163856000057422,True,raw_gray,True
617,0,styled,True,True,True,45.041135000019494,True,7.3961489999874175,True,raw_gray,True
617,0,ascii,False,False,True,24.540781000041534,True,3.381167999805257,True,raw_gray,True
618,0,plain,True,True,True,24.965766000150325,True,3.225229000008767,True,raw_gray,True
618,0,inverted_color,False,False,True,18.07674700012285,True,3.2928289999745175,True,raw_gray,True
618,0,logo,True,True,True,29.19399299980796,True,4.12642599985702,True,raw_gray,True
618,0,styled,True,True,True,31.55889799995748,True,4.967743999941376,True,raw_gray,True
618,0,ascii,False,True,True,21.672390000048836,True,2.64106300005551,True,raw_gray,True
619,0,plain,True,True,True,29.440603000011834,True,5.453742999861788,True,raw_gray,True
619,0,inverted_color,False,False,True,18.702736000022924,True,3.911738000169862,True,raw_gray,True
619,0,logo,True,True,True,38.0922830001964,True,4.9632650000148715,True,raw_gray,True
619,0,styled,True,True,True,37.430776999826776,True,6.011008000086804,True,raw_gray,True
619,0,ascii,False,False,True,24.6199760001673,True,3.4250520000114193,True,raw_gray,True
620,0,plain,True,True,True,25.305671000069196,True,3.315391999876738,True,raw_gray,True
620,0,inverted_color,False,False,True,16.646762999926068,True,3.3007510000970797,True,raw_gray,True
620,0,logo,True,True,True,33.81987299985667,True,4.891648000011628,True,raw_gray,True
620,0,styled,True,True,True,36.64182100010294,True,6.140080000022863,True,raw_gray,True
620,0,ascii,False,False,True,20.40176800005611,True,4.169851000142444,True,raw_gray,True
621,0,plain,True,True,True,34.48246299990387,True,4.02867899992998,True,raw_gray,True
621,0,inverted_color,False,False,True,19.610187000125734,True,4.11242899986064,True,raw_gray,True
621,0,logo,True,True,True,33.8377139999011,True,4.878385999973034,True,raw_gray,True
621,0,styled,True,True,True,35.99150400009421,True,5.894130999877234,True,raw_gray,True
621,0,ascii,False,True,True,26.576297000019622,True,3.4123569998882886,True,raw_gray,True
622,0,plain,True,True,True,25.23586500001329,True,3.270026999871334,True,raw_gray,True
622,0,inverted_color,False,False,True,16.23399100003553,True,3.151426999920659,True,raw_gray,True
622,0,logo,True,True,True,29.113639999877705,True,4.099305999943681,True,raw_gray,True
622,0,styled,True,True,True,31.788036000079956,True,4.858795999780341,True,raw_gray,True
622,0,ascii,False,True,True,22.33407000016996,True,2.5909379999120574,True,raw_gray,True
623,0,plain,True,True,True,30.05439799994747,True,4.0576190001502255,True,raw_gray,True
623,0,inverted_color,False,False,True,18.948146999946403,True,4.004347999853053,True,raw_gray,True
623,0,logo,True,True,True,35.581452000087666,True,4.7968560002118465,True,raw_gray,True
623,0,styled,True,True,True,39.019644000063636,True,6.1263830000370945,True,raw_gray,True
623,0,ascii,False,True,True,25.855713000055403,True,3.3872659998905874,True,raw_gray,True
624,0,plain,True,True,True,28.650541999923007,True,4.0669519999028125,True,raw_gray,True
624,0,inverted_color,False,False,True,19.60719700014124,True,4.101236999986213,True,raw_gray,True
624,0,logo,True,True,True,34.283460000096966,True,4.908856999918498,True,raw_gray,True
624,0,styled,True,True,True,36.4526119999482,True,6.036085000005187,True,raw_gray,True
624,0,ascii,False,False,True,25.738108000041393,True,3.6778559999675053,True,raw_gray,True
625,0,plain,True,True,True,25.454502999991746,True,3.6329250001472246,True,raw_gray,True
625,0,inverted_color,False,False,True,24.789112999997087,True,3.2198040000821493,True,raw_gray,True
625,0,logo,True,True,True,28.976236000062272,True,4.083173000026363,True,raw_gray,True
625,0,styled,True,True,True,30.342296999833707,True,4.914003000067169,True,raw_gray,True
625,0,ascii,False,True,True,21.65439499981403,True,2.6064510000196606,True,raw_gray,True
626,0,plain,True,True,True,28.649501000018063,True,3.96040600003289,True,raw_gray,True
626,0,inverted_color,False,False,True,19.51065999992352,True,3.951835999941977,True,raw_gray,True
626,0,logo,True,True,True,33.493094000050405,True,4.998062000140635,True,raw_gray,True
626,0,styled,True,True,True,35.944627000162654,True,5.939185999977781,True,raw_gray,True
626,0,ascii,False,True,True,31.15834699997322,True,5.028205999906277,True,raw_gray,True
627,0,plain,True,True,True,29.29723500005821,True,3.179455000008602,True,raw_gray,True
627,0,inverted_color,False,False,True,21.95066199988105,True,3.2196600000133913,True,raw_gray,True
627,0,logo,True,True,True,33.788816999958726,True,4.8258639999403385,True,raw_gray,True
627,0,styled,True,True,True,36.39684600011606,True,6.1476049997963855,True,raw_gray,True
627,0,ascii,False,True,True,22.885796000082337,True,2.628614000059315,True,raw_gray,True
628,0,plain,True,True,True,30.23597699984748,True,3.971183999965433,True,raw_gray,True
628,0,inverted_color,False,False,True,35.25361399988469,True,3.9403499999934866,True,raw_gray,True
628,0,logo,True,True,True,35.41332500003591,True,4.894089999879725,True,raw_gray,True
628,0,styled,True,True,True,37.4573330000203,True,6.136296000022412,True,raw_gray,True
628,0,ascii,False,True,True,25.971726000079798,True,3.552633000026617,True,raw_gray,True
629,0,plain,True,True,True,28.896201999941695,True,4.027773999951023,True,raw_gray,True
629,0,inverted_color,False,False,True,20.955609000111508,True,4.520849999835264,True,raw_gray,True
629,0,logo,True,False,True,37.45643799993559,True,5.849269000009372,True,raw_gray,True
629,0,styled,True,False,True,34.172259000115446,True,7.377923000149167,True,raw_gray,True
629,0,ascii,False,True,True,26.860945000180436,True,3.4376620001239644,True,raw_gray,True
630,0,plain,True,True,True,25.32111799996528,True,3.3275579999099136,True,raw_gray,True
630,0,inverted_color,False,False,True,18.223034999891752,True,3.3714059998146695,True,raw_gray,True
630,0,logo,True,True,True,29.268973000171172,True,4.050225000128194,True,raw_gray,True
630,0,styled,True,True,True,31.922833999942668,True,5.6838640000478335,True,raw_gray,True
630,0,ascii,False,True,True,24.530029000061404,True,2.619263000042338,True,raw_gray,True
631,0,plain,True,True,True,28.889910000089003,True,3.9866189999884227,True,raw_gray,True
631,0,inverted_color,False,False,True,19.449096000016652,True,3.99626100011119,True,raw_gray,True
631,0,logo,True,True,True,34.32655500000692,True,7.688587000075131,True,raw_gray,True
631,0,styled,True,True,True,55.07903800003078,True,9.047058000078323,True,raw_gray,True
631,0,ascii,False,False,True,27.232464000007894,True,5.312115999913658,True,raw_gray,True
632,0,plain,True,True,True,43.50388800003202,True,6.009244000097169,True,raw_gray,True
632,0,inverted_color,False,False,True,29.04583500003355,True,5.808486000205448,True,raw_gray,True
632,0,logo,True,True,True,48.62480500014499,True,7.139479999977993,True,raw_gray,True
632,0,styled,True,True,True,52.38269200003742,True,8.531618999995771,True,raw_gray,True
632,0,ascii,False,False,True,26.259879999997793,True,5.19404100009524,True,raw_gray,True
633,0,plain,True,True,True,42.524962000015876,True,5.959671000027811,True,raw_gray,True
633,0,inverted_color,False,False,True,28.876718999981676,True,4.998063999892111,True,raw_gray,True
633,0,logo,True,True,True,49.55269199990653,True,7.433279999986553,True,raw_gray,True
633,0,styled,True,True,True,53.495527999984915,True,8.916376000115633,True,raw_gray,True
633,0,ascii,False,False,True,34.175267000136955,True,5.365157999904113,True,raw_gray,True
634,0,plain,True,True,True,43.148157000132414,True,5.929439000055936,True,raw_gray,True
634,0,inverted_color,False,False,True,28.18509400003677,True,5.988118000004761,True,raw_gray,True
634,0,logo,True,True,True,47.11680900004467,True,7.172652999997808,True,raw_gray,True
634,0,styled,True,True,True,53.04010999998354,True,8.996281999998246,True,raw_gray,True
634,0,ascii,False,False,True,28.344433000029312,True,5.163984000091659,True,raw_gray,True
635,0,plain,True,True,True,41.553937000117,True,5.3302690000691655,True,raw_gray,True
635,0,inverted_color,False,False,True,25.263271999847348,True,4.824273000167523,True,raw_gray,True
635,0,logo,True,True,True,40.80658299994866,True,6.035553000174332,True,raw_gray,True
635,0,styled,True,True,True,42.78437500011023,True,7.062209999958213,True,raw_gray,True
635,0,ascii,False,False,True,23.681234000150653,True,4.246992000162209,True,raw_gray,True
636,0,plain,True,True,True,34.59834800014505,True,4.90696800011392,True,raw_gray,True
636,0,inverted_color,False,False,True,25.565250999989075,True,4.967622999856758,True,raw_gray,True
636,0,logo,True,True,True,41.37468199996874,True,5.712993999850369,True,raw_gray,True
636,0,styled,True,True,True,44.0141340000082,True,8.467359999940527,True,raw_gray,True
636,0,ascii,False,True,True,35.9471230001418,True,6.669195000085892,True,raw_gray,True
637,0,plain,True,True,True,46.80429999984881,True,6.489898999916477,True,raw_gray,True
637,0,inverted_color,False,False,True,30.01772500010702,True,6.4093510000020615,True,raw_gray,True
637,0,logo,True,True,True,51.02327899999182,True,7.434362000140027,True,raw_gray,True
637,0,styled,True,True,True,54.78036699992117,True,9.422054999959073,True,raw_gray,True
637,0,ascii,False,False,True,27.315406000070652,True,5.529728000055911,True,raw_gray,True
638,0,plain,True,True,True,41.9525679999424,True,7.12926599999264,True,raw_gray,True
638,0,inverted_color,False,False,True,30.362879999984216,True,6.167789000073753,True,raw_gray,True
638,0,logo,True,True,True,59.672898999906465,True,8.726937999881557,True,raw_gray,True
638,0,styled,True,True,True,65.92176899994229,True,11.300649999839152,True,raw_gray,True
638,0,ascii,False,False,True,26.68640799993227,True,5.527188000087335,True,raw_gray,True
639,0,plain,True,True,True,46.078237000074296,True,6.933582000101524,True,raw_gray,True
639,0,inverted_color,False,False,True,126.94658999998865,True,5.793102000097861,True,raw_gray,True
639,0,logo,True,True,True,57.526155999994444,True,8.33409799997753,True,raw_gray,True
639,0,styled,True,True,True,61.652026000047044,True,10.933236000028046,True,raw_gray,True
639,0,ascii,False,False,True,36.26062499984073,True,4.99279500013472,True,raw_gray,True
640,0,plain,True,True,True,37.03693500006011,True,6.491828999969584,True,raw_gray,True
640,0,inverted_color,False,False,True,25.156293999998525,True,4.626765000011801,True,raw_gray,True
640,0,logo,True,True,True,43.5046389998206,True,5.977299000051062,True,raw_gray,True
640,0,styled,True,True,True,46.669049000001905,True,8.443217999911212,True,raw_gray,True
640,0,ascii,False,False,True,22.592903000031583,True,4.145007000033729,True,raw_gray,True
641,0,plain,True,True,True,36.66997400000582,True,4.721356000118249,True,raw_gray,True
641,0,inverted_color,False,False,True,26.485724000167465,True,4.7854009999355185,True,raw_gray,True
641,0,logo,True,True,True,40.51969900001495,True,6.08936199978416,True,raw_gray,True
641,0,styled,True,True,True,43.75734099994588,True,7.548730000053183,True,raw_gray,True
641,0,ascii,False,True,True,32.30417400004626,True,4.3178389998956845,True,raw_gray,True
642,0,plain,True,True,True,41.14878299992597,True,6.022432000008848,True,raw_gray,True
642,0,inverted_color,False,False,True,28.82192800007033,True,6.07458499985114,True,raw_gray,True
642,0,logo,True,True,True,48.72414499982369,True,7.247469999811074,True,raw_gray,True
642,0,styled,True,True,True,51.59734399990157,True,9.828217999938715,True,raw_gray,True
642,0,ascii,False,True,True,41.33572499995353,True,5.011863999925481,True,raw_gray,True
643,0,plain,True,True,True,37.55845699993188,True,4.975782999963485,True,raw_gray,True
643,0,inverted_color,False,False,True,26.34308599999713,True,4.835424000020794,True,raw_gray,True
643,0,logo,True,True,True,50.88541500003885,True,8.236821000082273,True,raw_gray,True
643,0,styled,True,True,True,56.34234200010724,True,8.989616000008027,True,raw_gray,True
643,0,ascii,False,True,True,33.316251000087505,True,3.999854000085179,True,raw_gray,True
644,0,plain,True,True,True,42.098008000039044,True,5.719027999930404,True,raw_gray,True
644,0,inverted_color,False,False,True,23.165376999941145,True,3.9776869998604525,True,raw_gray,True
644,0,logo,True,True,True,34.787685000083,True,4.816344000118988,True,raw_gray,True
644,0,styled,True,True,True,37.18596199996682,True,6.049406000101953,True,raw_gray,True
644,0,ascii,False,True,True,26.203198999837696,True,3.5795759999928123,True,raw_gray,True
645,0,plain,True,True,True,29.56476500003191,True,4.295318000004045,True,raw_gray,True
645,0,inverted_color,False,False,True,21.427079999966736,True,4.042518999995082,True,raw_gray,True
645,0,logo,True,True,True,34.94614999999612,True,4.833997000105228,True,raw_gray,True
645,0,styled,True,True,True,47.05505499987339,True,7.529263999913383,True,raw_gray,True
645,0,ascii,False,False,True,24.225505999993402,True,3.51268200006416,True,raw_gray,True
646,0,plain,True,True,True,29.88800900016031,True,3.8914589999876625,True,raw_gray,True
646,0,inverted_color,False,False,True,19.28200200018182,True,4.1576769999664975,True,raw_gray,True
646,0,logo,True,True,True,37.67680500004644,True,4.804981000006592,True,raw_gray,True
646,0,styled,True,True,True,37.208829000064725,True,6.157750000056694,True,raw_gray,True
646,0,ascii,False,False,True,22.20001799992133,True,3.4788619998380454,True,raw_gray,True
647,0,plain,True,True,True,25.53520399987974,True,3.243900999905236,True,raw_gray,True
647,0,inverted_color,False,False,True,17.110432999970726,True,3.2550910000281874,True,raw_gray,True
647,0,logo,True,True,True,34.366300000101546,True,4.924645000073724,True,raw_gray,True
647,0,styled,True,True,True,38.01188100010222,True,8.163148999983605,True,raw_gray,True
647,0,ascii,False,True,True,24.431408999816995,True,2.6452259999132366,True,raw_gray,True
648,0,plain,True,True,True,29.9710489998688,True,4.016076999960205,True,raw_gray,True
648,0,inverted_color,False,False,True,18.778639000174735,True,3.948947000026237,True,raw_gray,True
648,0,logo,True,True,True,39.684237999836114,True,5.606929999885324,True,raw_gray,True
648,0,styled,True,True,True,42.453458999943905,True,7.440991000066788,True,raw_gray,True
648,0,ascii,False,True,True,25.90195700008735,True,3.404000000045926,True,raw_gray,True
649,0,plain,True,True,True,25.15500500021517,True,3.2080440000754606,True,raw_gray,True
649,0,inverted_color,False,False,True,16.244401999983893,True,3.2471539998368826,True,raw_gray,True
649,0,logo,True,True,True,29.590452999855188,True,4.263293000121848,True,raw_gray,True
649,0,styled,True,True,True,32.66111200014166,True,5.510375999847383,True,raw_gray,True
649,0,ascii,False,True,True,23.47788599990963,True,2.680547999943883,True,raw_gray,True
650,0,plain,True,True,True,29.212288000053377,True,4.074145000004137,True,raw_gray,True
650,0,inverted_color,False,False,True,30.95400300003348,True,4.017506000081994,True,raw_gray,True
650,0,logo,True,True,True,35.014760000194656,True,4.947208999965369,True,raw_gray,True
650,0,styled,True,True,True,37.86228199987818,True,5.953018000127486,True,raw_gray,True
650,0,ascii,False,False,True,27.573227999937444,True,3.5234899999068148,True,raw_gray,True
651,0,plain,True,True,True,30.46358999995391,True,4.685377999976481,True,raw_gray,True
651,0,inverted_color,False,False,True,18.86556199997358,True,3.981735999786906,True,raw_gray,True
651,0,logo,True,True,True,46.57210100003795,True,5.762506000110079,True,raw_gray,True
651,0,styled,True,True,True,37.16137400010666,True,5.9145919999537,True,raw_gray,True
651,0,ascii,False,False,True,19.980386000042927,True,3.513170000132959,True,raw_gray,True
652,0,plain,True,True,True,29.059446000019307,True,4.018182999971032,True,raw_gray,True
652,0,inverted_color,False,False,True,18.28613799989398,True,3.9516360000106943,True,raw_gray,True
652,0,logo,True,True,True,35.07206399990537,True,4.795785000169417,True,raw_gray,True
652,0,styled,True,True,True,40.31639200002246,True,5.956364999974539,True,raw_gray,True
652,0,ascii,False,False,True,26.05445100016368,True,3.406885999993392,True,raw_gray,True
653,0,plain,True,True,True,24.908502000016597,True,3.362269000035667,True,raw_gray,True
653,0,inverted_color,False,False,True,18.971024000165926,True,3.6993430001075467,True,raw_gray,True
653,0,logo,True,True,True,31.330103000072995,True,3.973119999955088,True,raw_gray,True
653,0,styled,True,True,True,30.36739599997418,True,4.883186000142814,True,raw_gray,True
653,0,ascii,False,True,True,21.647454000003563,True,2.6049599998714257,True,raw_gray,True
654,0,plain,True,True,True,29.034841000111555,True,4.163345999813828,True,raw_gray,True
654,0,inverted_color,False,False,True,18.653229999927134,True,4.07788900020023,True,raw_gray,True
654,0,logo,True,True,True,34.88565899988316,True,4.738444999929925,True,raw_gray,True
654,0,styled,True,True,True,36.6417980001188,True,5.9555469999850175,True,raw_gray,True
654,0,ascii,False,False,True,22.77435099995273,True,3.4258359999057575,True,raw_gray,True
655,0,plain,True,True,True,29.031884000005448,True,3.995642000063526,True,raw_gray,True
655,0,inverted_color,False,False,True,19.155250999801865,True,3.906341999936558,True,raw_gray,True
655,0,logo,True,True,True,34.88750300016363,True,4.804123999974763,True,raw_gray,True
655,0,styled,True,True,True,37.18269499995586,True,6.096345000059955,True,raw_gray,True
655,0,ascii,False,True,True,26.1911830000372,True,3.4602189998622634,True,raw_gray,True
656,0,plain,True,True,True,25.480087999994794,True,3.294701999948302,True,raw_gray,True
656,0,inverted_color,False,False,True,17.46481700001823,True,3.4781809999913094,True,raw_gray,True
656,0,logo,True,True,True,30.008600999963164,True,3.990765000025931,True,raw_gray,True
656,0,styled,True,True,True,31.364264000103503,True,4.81612400017184,True,raw_gray,True
656,0,ascii,False,True,True,22.62928799996189,True,2.7597650000643625,True,raw_gray,True
657,0,plain,True,True,True,28.603070000144726,True,4.0029389999745035,True,raw_gray,True
657,0,inverted_color,False,False,True,36.73704600009842,True,4.010323000102289,True,raw_gray,True
657,0,logo,True,True,True,46.50208600014594,True,4.807253000080891,True,raw_gray,True
657,0,styled,True,True,True,37.594533999936175,True,6.034018000036667,True,raw_gray,True
657,0,ascii,False,False,True,25.829028000089238,True,3.9296760000979702,True,raw_gray,True
658,0,plain,True,True,True,34.13524999996298,True,4.130906000000323,True,raw_gray,True
658,0,inverted_color,False,False,True,20.73802099994282,True,4.028591999940545,True,raw_gray,True
658,0,logo,True,True,True,34.803915000111374,True,4.824708999876748,True,raw_gray,True
658,0,styled,True,True,True,37.18041499996616,True,6.169969999973546,True,raw_gray,True
658,0,ascii,False,False,True,20.137857000008808,True,3.833487999827412,True,raw_gray,True
659,0,plain,True,False,True,35.28198200001498,True,3.2163109999601147,True,raw_gray,True
659,0,inverted_color,False,False,True,16.782345999899917,True,3.1834440001148323,True,raw_gray,True
659,0,logo,True,True,True,33.99724199994125,True,4.7000059998936194,True,raw_gray,True
659,0,styled,True,True,True,37.770145999957094,True,6.109808000019257,True,raw_gray,True
659,0,ascii,False,False,True,14.921674000106577,True,2.756596999915928,True,raw_gray,True
660,0,plain,True,True,True,29.43150600003719,True,3.9567110000007233,True,raw_gray,True
660,0,inverted_color,False,False,True,18.74760700002298,True,3.880596999806585,True,raw_gray,True
660,0,logo,True,True,True,34.85595300003297,True,4.854864999970232,True,raw_gray,True
660,0,styled,True,True,True,37.38521200011746,True,6.069825000167839,True,raw_gray,True
660,0,ascii,False,True,True,25.445815000011862,True,3.396346000045014,True,raw_gray,True
661,0,plain,True,True,True,25.177443000075073,True,3.1916119999095827,True,raw_gray,True
661,0,inverted_color,False,False,True,16.382604000000356,True,3.2097329999487556,True,raw_gray,True
661,0,logo,True,True,True,34.20023099988612,True,4.726128000129393,True,raw_gray,True
661,0,styled,True,True,True,36.577730999852065,True,6.068263999850387,True,raw_gray,True
661,0,ascii,False,False,True,14.30787699996472,True,2.59271599998101,True,raw_gray,True
662,0,plain,True,True,True,24.6286849999251,True,3.2171620000553958,True,raw_gray,True
662,0,inverted_color,False,False,True,17.658362000020134,True,3.192116000036549,True,raw_gray,True
662,0,logo,True,True,True,28.80450599991491,True,4.148432999954821,True,raw_gray,True
662,0,styled,True,True,True,30.5849159999525,True,4.851175999874613,True,raw_gray,True
662,0,ascii,False,True,True,21.587994000128674,True,2.7139609999267122,True,raw_gray,True
663,0,plain,True,True,True,28.991785000016534,True,4.037236999920424,True,raw_gray,True
663,0,inverted_color,False,False,True,18.92533000000185,True,4.044594000106372,True,raw_gray,True
663,0,logo,True,True,True,52.2580240001389,True,5.836705000092479,True,raw_gray,True
663,0,styled,True,True,True,42.96471600014229,True,7.296394999912081,True,raw_gray,True
663,0,ascii,False,False,True,29.037826999910976,True,3.391206000060265,True,raw_gray,True
664,0,plain,True,True,True,26.128472999971564,True,3.219656000055693,True,raw_gray,True
664,0,inverted_color,False,False,True,17.382823999923858,True,3.2116049999331153,True,raw_gray,True
664,0,logo,True,True,True,35.18553699996119,True,4.85430699995959,True,raw_gray,True
664,0,styled,True,True,True,38.55829000008271,True,6.786716999840792,True,raw_gray,True
664,0,ascii,False,False,True,22.53768599985051,True,2.694115999929636,True,raw_gray,True
665,0,plain,True,True,True,28.99804799994854,True,3.9382190000196715,True,raw_gray,True
665,0,inverted_color,False,False,True,18.939744999897812,True,3.8509420000991668,True,raw_gray,True
665,0,logo,True,True,True,34.4459039999947,True,4.808129999901212,True,raw_gray,True
665,0,styled,True,True,True,36.99990900008743,True,5.852615000094374,True,raw_gray,True
665,0,ascii,False,True,True,26.375575999963985,True,3.3395220000329573,True,raw_gray,True
666,0,plain,True,True,True,25.06352900013553,True,3.214145000129065,True,raw_gray,True
666,0,inverted_color,False,False,True,17.417436999949132,True,3.2492660000116302,True,raw_gray,True
666,0,logo,True,True,True,29.14340400002402,True,3.9770280000084313,True,raw_gray,True
666,0,styled,True,True,True,30.673268999862557,True,4.726853999954983,True,raw_gray,True
666,0,ascii,False,False,True,21.06416099991293,True,2.5758560000213038,True,raw_gray,True
667,0,plain,True,True,True,25.70056900003692,True,3.46913799990034,True,raw_gray,True
667,0,inverted_color,False,False,True,16.62914600001386,True,3.2019689999742695,True,raw_gray,True
667,0,logo,True,True,True,28.782430999854114,True,4.0190780000557425,True,raw_gray,True
667,0,styled,True,True,True,31.05583700016723,True,4.825348999929702,True,raw_gray,True
667,0,ascii,False,True,True,23.25042300003588,True,2.6602420000472193,True,raw_gray,True
668,0,plain,True,True,True,25.00033700016502,True,3.2293910001044424,True,raw_gray,True
668,0,inverted_color,False,False,True,16.52260900004876,True,3.2941160000063974,True,raw_gray,True
668,0,logo,True,True,True,28.83692900013557,True,4.075820000025487,True,raw_gray,True
668,0,styled,True,True,True,30.391597000061665,True,4.873216000078173,True,raw_gray,True
668,0,ascii,False,True,True,21.95956099990326,True,2.6121729999886156,True,raw_gray,True
669,0,plain,True,True,True,29.24734599992007,True,4.0023859999109845,True,raw_gray,True
669,0,inverted_color,False,False,True,19.18436699997983,True,4.089497999984815,True,raw_gray,True
669,0,logo,True,True,True,35.861062000094535,True,5.075732000022981,True,raw_gray,True
669,0,styled,True,True,True,49.15933300003417,True,6.034386000010272,True,raw_gray,True
669,0,ascii,False,False,True,17.506717000060235,True,3.447315000130402,True,raw_gray,True
670,0,plain,True,True,True,28.852913000037006,True,3.9425820000360545,True,raw_gray,True
670,0,inverted_color,False,False,True,19.20923300008326,True,3.942508000136513,True,raw_gray,True
670,0,logo,True,True,True,39.26209399992331,True,5.550660999915635,True,raw_gray,True
670,0,styled,True,True,True,45.03373600005034,True,8.284541000193713,True,raw_gray,True
670,0,ascii,False,False,True,17.697492000024795,True,3.42883600001187,True,raw_gray,True
671,0,plain,True,True,True,29.257680999990043,True,3.954928999974072,True,raw_gray,True
671,0,inverted_color,False,False,True,18.630433999987872,True,3.9051129999734258,True,raw_gray,True
671,0,logo,True,True,True,34.81053999985306,True,5.004078000183654,True,raw_gray,True
671,0,styled,True,True,True,38.05597500013391,True,6.212210000057894,True,raw_gray,True
671,0,ascii,False,True,True,25.242828000045847,True,3.4451450001142803,True,raw_gray,True
672,0,plain,True,True,True,25.59145800000806,True,3.283493000026283,True,raw_gray,True
672,0,inverted_color,False,False,True,18.750125999986267,True,3.2339589999992313,True,raw_gray,True
672,0,logo,True,True,True,33.949696000036056,True,4.8392279998097365,True,raw_gray,True
672,0,styled,True,True,True,37.21332700001767,True,6.002940999906059,True,raw_gray,True
672,0,ascii,False,False,True,21.511109999892142,True,2.6568260000203736,True,raw_gray,True
673,0,plain,True,True,True,28.0211109998163,True,4.33870000006209,True,raw_gray,True
673,0,inverted_color,False,False,True,28.238131000080102,True,4.084619999957795,True,raw_gray,True
673,0,logo,True,True,True,34.326426000006904,True,4.81679500012433,True,raw_gray,True
673,0,styled,True,True,True,36.637584999880346,True,6.161689000009574,True,raw_gray,True
673,0,ascii,False,False,True,20.045138999876144,True,3.3745270000054006,True,raw_gray,True
674,0,plain,True,True,True,27.08428300002197,True,3.6022900001171365,True,raw_gray,True
674,0,inverted_color,False,False,True,19.675901000027807,True,3.6193749999711144,True,raw_gray,True
674,0,logo,True,True,True,30.966837999812924,True,4.593467999939094,True,raw_gray,True
674,0,styled,True,True,True,32.78020800007653,True,5.515860999821598,True,raw_gray,True
674,0,ascii,False,False,True,15.652503999945111,True,2.95520800000304,True,raw_gray,True
675,0,plain,True,True,True,31.937619000018458,True,5.0225159998262825,True,raw_gray,True
675,0,inverted_color,False,False,True,19.673058000080346,True,4.406749000054333,True,raw_gray,True
675,0,logo,True,True,True,48.12504999995326,True,7.9900620000898925,True,raw_gray,True
675,0,styled,True,True,True,42.39753899992138,True,7.163482000123622,True,raw_gray,True
675,0,ascii,False,True,True,25.360625999837794,True,3.4210030000849656,True,raw_gray,True
676,0,plain,True,True,True,24.929507000024387,True,3.22202000006655,True,raw_gray,True
676,0,inverted_color,False,False,True,17.423493000023882,True,3.654689000086364,True,raw_gray,True
676,0,logo,True,True,True,31.808995999881517,True,5.680297000026258,True,raw_gray,True
676,0,styled,True,True,True,30.731960999901275,True,4.984622000165473,True,raw_gray,True
676,0,ascii,False,True,True,22.266782999849966,True,2.6209840000319673,True,raw_gray,True
677,0,plain,True,False,True,31.09817699987616,True,3.316829999903348,True,raw_gray,True
677,0,inverted_color,False,False,True,17.22671800007447,True,3.2744179998189793,True,raw_gray,True
677,0,logo,True,True,True,34.837630000083664,True,4.846140000154264,True,raw_gray,True
677,0,styled,True,True,True,37.137757999971654,True,6.0083319999648666,True,raw_gray,True
677,0,ascii,False,True,True,21.850962999906187,True,2.652125999929922,True,raw_gray,True
678,0,plain,True,True,True,29.57175799997458,True,4.016227000192885,True,raw_gray,True
678,0,inverted_color,False,False,True,19.10528999997041,True,3.9621850000912673,True,raw_gray,True
678,0,logo,True,True,True,39.41487299994151,True,5.679052000004958,True,raw_gray,True
678,0,styled,True,True,True,42.305404999979146,True,7.171888000129911,True,raw_gray,True
678,0,ascii,False,False,True,18.506569999999556,True,3.439943999865136,True,raw_gray,True
679,0,plain,True,True,True,25.331129000051078,True,3.5064609999153618,True,raw_gray,True
679,0,inverted_color,False,False,True,16.454570999940188,True,3.2236839999768563,True,raw_gray,True
679,0,logo,True,True,True,29.655007999963345,True,4.179045999990194,True,raw_gray,True
679,0,styled,True,True,True,31.57490700004928,True,4.908648000082394,True,raw_gray,True
679,0,ascii,False,True,True,22.120760000007067,True,2.702649999946516,True,raw_gray,True
680,0,plain,True,True,True,29.68797700009418,True,4.127009000058024,True,raw_gray,True
680,0,inverted_color,False,False,True,18.49322599991865,True,3.970733999949516,True,raw_gray,True
680,0,logo,True,True,True,34.55545099996016,True,4.9121970000669535,True,raw_gray,True
680,0,styled,True,True,True,35.537213999987216,True,6.072100999972463,True,raw_gray,True
680,0,ascii,False,True,True,26.592875000005733,True,3.517141999964224,True,raw_gray,True
681,0,plain,True,True,True,30.369549999932133,True,4.484691000016028,True,raw_gray,True
681,0,inverted_color,False,False,True,28.416167999921527,True,4.72413400007099,True,raw_gray,True
681,0,logo,True,True,True,45.126094000124795,True,4.882364999957645,True,raw_gray,True
681,0,styled,True,True,True,36.46939000009297,True,5.879768999875523,True,raw_gray,True
681,0,ascii,False,False,True,17.46452799989129,True,3.5026919999836537,True,raw_gray,True
682,0,plain,True,True,True,27.688045000104466,True,3.7393529999008024,True,raw_gray,True
682,0,inverted_color,False,False,True,18.824851000090348,True,4.496855000070354,True,raw_gray,True
682,0,logo,True,True,True,34.00470299993685,True,4.869025000061811,True,raw_gray,True
682,0,styled,True,True,True,36.60757000011472,True,6.044569000096089,True,raw_gray,True
682,0,ascii,False,True,True,22.572091000029104,True,2.653508000094007,True,raw_gray,True
683,0,plain,True,True,True,25.34543699994174,True,3.297609999890483,True,raw_gray,True
683,0,inverted_color,False,False,True,16.79938300003414,True,3.417449999915334,True,raw_gray,True
683,0,logo,True,True,True,28.724679000106335,True,4.060428000002503,True,raw_gray,True
683,0,styled,True,True,True,30.34029599984933,True,4.742718999978024,True,raw_gray,True
683,0,ascii,False,False,True,21.276407000186737,True,2.691758999844751,True,raw_gray,True
684,0,plain,True,True,True,29.245610000089073,True,3.8762249998853804,True,raw_gray,True
684,0,inverted_color,False,False,True,19.823950999807494,True,4.013226999859398,True,raw_gray,True
684,0,logo,True,True,True,34.44957300007445,True,4.834483999957229,True,raw_gray,True
684,0,styled,True,True,True,37.06701900000553,True,6.054393999875174,True,raw_gray,True
684,0,ascii,False,True,True,26.749830999960977,True,4.220101999862891,True,raw_gray,True
685,0,plain,True,True,True,27.02100400006202,True,3.6030480000590615,True,raw_gray,True
685,0,inverted_color,False,False,True,16.73602599998958,True,3.1830689999878814,True,raw_gray,True
685,0,logo,True,True,True,33.943962000194006,True,4.975391000016316,True,raw_gray,True
685,0,styled,True,True,True,36.52624199980892,True,6.151419000161695,True,raw_gray,True
685,0,ascii,False,True,True,22.876599000028364,True,2.6539180000781926,True,raw_gray,True
686,0,plain,True,True,True,30.908643000202574,True,4.824368000072354,True,raw_gray,True
686,0,inverted_color,False,False,True,28.20592300008684,True,4.083043000036923,True,raw_gray,True
686,0,logo,True,True,True,33.29065399998399,True,5.573838999907821,True,raw_gray,True
686,0,styled,True,True,True,35.942753999961496,True,5.8721040002183145,True,raw_gray,True
686,0,ascii,False,False,True,17.893906999916,True,3.5473730001740478,True,raw_gray,True
687,0,plain,True,True,True,26.836158000151045,True,3.299952000133999,True,raw_gray,True
687,0,inverted_color,False,False,True,18.986560000030295,True,3.418565999936618,True,raw_gray,True
687,0,logo,True,True,True,46.57139500000085,True,4.909868999902756,True,raw_gray,True
687,0,styled,True,True,True,37.227630999950634,True,6.0043779999432445,True,raw_gray,True
687,0,ascii,False,False,True,24.277952000147707,True,3.046419000156675,True,raw_gray,True
688,0,plain,True,True,True,30.789312000024438,True,3.88957199993456,True,raw_gray,True
688,0,inverted_color,False,False,True,18.80790799987153,True,3.9359519998924952,True,raw_gray,True
688,0,logo,True,False,True,30.4412789998878,True,5.092260000083115,True,raw_gray,True
688,0,styled,True,False,True,32.0374630000515,True,5.899150999994163,True,raw_gray,True
688,0,ascii,False,False,True,32.70608599996194,True,3.4949210000831954,True,raw_gray,True
689,0,plain,True,True,True,25.080921999915518,True,3.1531160000213276,True,raw_gray,True
689,0,inverted_color,False,False,True,16.581152999833648,True,3.1645389999539475,True,raw_gray,True
689,0,logo,True,True,True,28.78637100002379,True,4.0332970002054935,True,raw_gray,True
689,0,styled,True,True,True,30.70974100000967,True,4.775946000108888,True,raw_gray,True
689,0,ascii,False,True,True,22.482567999986713,True,2.5794810001116275,True,raw_gray,True
690,0,plain,True,True,True,28.747277000093163,True,3.9904010000100243,True,raw_gray,True
690,0,inverted_color,False,False,True,18.969753999954264,True,3.9531170000373095,True,raw_gray,True
690,0,logo,True,True,True,34.781013000156236,True,4.847191999942879,True,raw_gray,True
690,0,styled,True,True,True,36.19578900020315,True,6.049996999990981,True,raw_gray,True
690,0,ascii,False,True,True,25.583792999896104,True,3.434947999949145,True,raw_gray,True
691,0,plain,True,True,True,28.642824999906225,True,4.236881999986508,True,raw_gray,True
691,0,inverted_color,False,False,True,23.00610699990102,True,4.205304999914006,True,raw_gray,True
691,0,logo,True,True,True,35.25952699988011,True,4.807393999954002,True,raw_gray,True
691,0,styled,True,True,True,35.1691270000174,True,5.965562000028513,True,raw_gray,True
691,0,ascii,False,False,True,24.916012999938175,True,3.439895000155957,True,raw_gray,True
692,0,plain,True,True,True,24.998819000074946,True,3.2182959998863225,True,raw_gray,True
692,0,inverted_color,False,False,True,26.4490360000309,True,3.1587230000695854,True,raw_gray,True
692,0,logo,True,True,True,30.431539999881352,True,4.154169000003094,True,raw_gray,True
692,0,styled,True,True,True,30.89367100005802,True,5.008055999951466,True,raw_gray,True
692,0,ascii,False,False,True,15.375529000039023,True,2.8422769998996955,True,raw_gray,True
693,0,plain,True,True,True,26.334638999969684,True,3.155099999958111,True,raw_gray,True
693,0,inverted_color,False,False,True,19.589968999980556,True,3.209722000065085,True,raw_gray,True
693,0,logo,True,True,True,37.07921499994882,True,5.907821000164404,True,raw_gray,True
693,0,styled,True,True,True,34.23679299999094,True,5.417553999905067,True,raw_gray,True
693,0,ascii,False,True,True,24.626392000072883,True,2.6047989999824495,True,raw_gray,True
694,0,plain,True,True,True,30.490073000009943,True,4.052187000070262,True,raw_gray,True
694,0,inverted_color,False,False,True,35.03919699983271,True,3.972112999917954,True,raw_gray,True
694,0,logo,True,True,True,36.13512600009017,True,4.898060999948939,True,raw_gray,True
694,0,styled,True,True,True,37.89214899984472,True,6.320014000039009,True,raw_gray,True
694,0,ascii,False,False,True,17.18654499995864,True,3.4182179999788787,True,raw_gray,True
695,0,plain,True,True,True,25.131261999831622,True,3.3218930000202818,True,raw_gray,True
695,0,inverted_color,False,False,True,17.797737000137204,True,3.2957319999695756,True,raw_gray,True
695,0,logo,True,True,True,28.94652000009046,True,4.123948999904314,True,raw_gray,True
695,0,styled,True,True,True,30.746445999966454,True,4.739635000078124,True,raw_gray,True
695,0,ascii,False,True,True,21.20790300000408,True,2.584696999974767,True,raw_gray,True
696,0,plain,True,True,True,28.757744999893475,True,3.891436000003523,True,raw_gray,True
696,0,inverted_color,False,False,True,36.760453999932,True,3.956434999963676,True,raw_gray,True
696,0,logo,True,True,True,34.285093000107736,True,5.107391999899846,True,raw_gray,True
696,0,styled,True,True,True,34.949789000165765,True,5.885996999950294,True,raw_gray,True
696,0,ascii,False,False,True,20.50088800001504,True,3.412369999978182,True,raw_gray,True
697,0,plain,True,True,True,23.939911000070424,True,3.1858569998348685,True,raw_gray,True
697,0,inverted_color,False,False,True,17.285435000076177,True,3.19713299995783,True,raw_gray,True
697,0,logo,True,True,True,29.86421600007816,True,4.061441999965609,True,raw_gray,True
697,0,styled,True,True,True,31.098395000071832,True,4.791167999883328,True,raw_gray,True
697,0,ascii,False,True,True,21.103560000028665,True,2.5960809998650802,True,raw_gray,True
698,0,plain,True,True,True,25.15479800013054,True,3.23638400004711,True,raw_gray,True
698,0,inverted_color,False,False,True,16.724961000136318,True,3.2457320000958134,True,raw_gray,True
698,0,logo,True,True,True,34.529520999967644,True,4.795482999952583,True,raw_gray,True
698,0,styled,True,True,True,35.428947000127664,True,5.9299409999766794,True,raw_gray,True
698,0,ascii,False,True,True,22.13702399990325,True,2.6152409998303483,True,raw_gray,True
699,0,plain,True,True,True,25.75997799999641,True,3.2393559999945865,True,raw_gray,True
699,0,inverted_color,False,False,True,16.642859000057797,True,3.173393999986729,True,raw_gray,True
699,0,logo,True,True,True,34.484502999930555,True,6.584665999980643,True,raw_gray,True
699,0,styled,True,True,True,47.32740000008562,True,6.781108000041058,True,raw_gray,True
699,0,ascii,False,True,True,23.966979000078936,True,2.806894000059401,True,raw_gray,True
700,0,plain,True,True,True,29.115623000052437,True,4.111749999992753,True,raw_gray,True
700,0,inverted_color,False,False,True,26.657578999902398,True,4.105843999923309,True,raw_gray,True
700,0,logo,True,True,True,34.05616800000644,True,4.8930349998954625,True,raw_gray,True
700,0,styled,True,True,True,36.44224300001042,True,6.051540000044042,True,raw_gray,True
700,0,ascii,False,True,True,25.945053999976153,True,3.4660220001114794,True,raw_gray,True
701,0,plain,True,True,True,29.80605000016112,True,4.128610999941884,True,raw_gray,True
701,0,inverted_color,False,False,True,19.69817500003046,True,4.096111000080782,True,raw_gray,True
701,0,logo,True,True,True,34.85938099993291,True,4.861948000097982,True,raw_gray,True
701,0,styled,True,True,True,53.85021699999015,True,8.635894000008193,True,raw_gray,True
701,0,ascii,False,True,True,39.38524399995913,True,5.087818999982119,True,raw_gray,True
702,0,plain,True,True,True,36.391196000067794,True,4.748993000021073,True,raw_gray,True
702,0,inverted_color,False,False,True,26.607874000092124,True,4.841913000063869,True,raw_gray,True
702,0,logo,True,True,True,41.083213000092655,True,6.055112000012741,True,raw_gray,True
702,0,styled,True,True,True,43.58128199987732,True,7.457971999883739,True,raw_gray,True
702,0,ascii,False,False,True,21.577514999989944,True,4.2624489999525395,True,raw_gray,True
703,0,plain,True,True,True,42.63624199984406,True,6.026324000004024,True,raw_gray,True
703,0,inverted_color,False,False,True,30.47279299994443,True,5.758285999945656,True,raw_gray,True
703,0,logo,True,True,True,50.831818000006024,True,7.338381999943522,True,raw_gray,True
703,0,styled,True,True,True,52.69546999988961,True,9.063591999847631,True,raw_gray,True
703,0,ascii,False,False,True,28.43357200003993,True,4.947701999981291,True,raw_gray,True
704,0,plain,True,True,True,34.21994699988318,True,4.7440210000786465,True,raw_gray,True
704,0,inverted_color,False,False,True,27.10700500006169,True,5.016304999799104,True,raw_gray,True
704,0,logo,True,True,True,55.824255000061385,True,8.591092999949979,True,raw_gray,True
704,0,styled,True,True,True,53.274158000022,True,9.114972000134003,True,raw_gray,True
704,0,ascii,False,True,True,30.84932599995227,True,4.147873999954754,True,raw_gray,True
705,0,plain,True,True,True,35.19816899984107,True,4.8652420000507846,True,raw_gray,True
705,0,inverted_color,False,False,True,26.127938999934486,True,4.7683760001291375,True,raw_gray,True
705,0,logo,True,True,True,49.13988199996311,True,7.396841999934622,True,raw_gray,True
705,0,styled,True,True,True,52.60200299994722,True,8.90588399988701,True,raw_gray,True
705,0,ascii,False,False,True,32.97365399998853,True,4.194577000134814,True,raw_gray,True
706,0,plain,True,True,True,35.73730399989472,True,4.931661000000531,True,raw_gray,True
706,0,inverted_color,False,False,True,24.868045000175698,True,4.862834000050498,True,raw_gray,True
706,0,logo,True,True,True,49.29585399986536,True,7.222939000030237,True,raw_gray,True
706,0,styled,True,True,True,56.31392800000867,True,9.075188999986494,True,raw_gray,True
706,0,ascii,False,True,True,32.320616000106384,True,4.351602000042476,True,raw_gray,True
707,0,plain,True,True,True,42.971000000079584,True,6.355794000000969,True,raw_gray,True
707,0,inverted_color,False,False,True,30.55096799994317,True,6.078889000036725,True,raw_gray,True
707,0,logo,True,True,True,63.20473100004165,True,9.274181000137105,True,raw_gray,True
707,0,styled,True,True,True,70.30863899990436,True,11.990638000042964,True,raw_gray,True
707,0,ascii,False,True,True,42.637864999960584,True,6.04948900013369,True,raw_gray,True
708,0,plain,True,False,True,48.67390100002922,True,6.355775000201902,True,raw_gray,True
708,0,inverted_color,False,False,True,29.077280999899813,True,6.10778999998729,True,raw_gray,True
708,0,logo,True,True,True,55.07961700004671,True,9.588597000174559,True,raw_gray,True
708,0,styled,True,True,True,70.88944600013747,True,9.097680999957447,True,raw_gray,True
708,0,ascii,False,False,True,30.660302000114825,True,5.240386999957991,True,raw_gray,True
709,0,plain,True,True,True,36.23152399995888,True,4.985012000133793,True,raw_gray,True
709,0,inverted_color,False,False,True,25.926104000063788,True,4.930642999852353,True,raw_gray,True
709,0,logo,True,True,True,51.25591799992435,True,8.601192000014635,True,raw_gray,True
709,0,styled,True,True,True,57.155935000082536,True,9.312783000041236,True,raw_gray,True
709,0,ascii,False,True,True,32.22335999998904,True,4.238412999939101,True,raw_gray,True
710,0,plain,True,True,True,43.048769000051834,True,5.9214430000338325,True,raw_gray,True
710,0,inverted_color,False,False,True,91.46719399996073,True,5.787280000049577,True,raw_gray,True
710,0,logo,True,True,True,52.55595600010565,True,7.3704970000108005,True,raw_gray,True
710,0,styled,True,True,True,50.97331800016036,True,9.129238000014084,True,raw_gray,True
710,0,ascii,False,True,True,36.57465100013724,True,5.113993999884769,True,raw_gray,True
711,0,plain,True,True,True,37.941026999988026,True,4.998905000093146,True,raw_gray,True
711,0,inverted_color,False,False,True,44.26504599996406,True,4.89007600003788,True,raw_gray,True
711,0,logo,True,True,True,49.08541999998306,True,7.484996999892246,True,raw_gray,True
711,0,styled,True,True,True,58.104545000105645,True,9.690740999985792,True,raw_gray,True
711,0,ascii,False,True,True,33.652103000122224,True,4.781993000051443,True,raw_gray,True
712,0,plain,True,True,True,37.44404400003987,True,5.030966999811426,True,raw_gray,True
712,0,inverted_color,False,False,True,27.54363999997622,True,4.797998999947595,True,raw_gray,True
712,0,logo,True,True,True,46.81857199989281,True,9.176801000194246,True,raw_gray,True
712,0,styled,True,True,True,79.23922499981018,True,9.137812000062695,True,raw_gray,True
712,0,ascii,False,False,True,43.31608600000436,True,4.190670000070895,True,raw_gray,True
713,0,plain,True,True,True,37.03698300000724,True,4.776692999939769,True,raw_gray,True
713,0,inverted_color,False,False,True,23.57692999999017,True,4.762254000070243,True,raw_gray,True
713,0,logo,True,True,True,43.540752000126304,True,5.940798999972685,True,raw_gray,True
713,0,styled,True,True,True,44.36401900011333,True,7.24749799996971,True,raw_gray,True
713,0,ascii,False,True,True,32.95666300004996,True,4.225552999969295,True,raw_gray,True
714,0,plain,True,True,True,36.554149000039615,True,5.060998000089967,True,raw_gray,True
714,0,inverted_color,False,False,True,18.93221199998152,True,3.3400510001229122,True,raw_gray,True
714,0,logo,True,True,True,34.960239999918485,True,4.986672000086401,True,raw_gray,True
714,0,styled,True,True,True,37.12880500006577,True,6.032961000073556,True,raw_gray,True
714,0,ascii,False,False,True,15.236735000144108,True,2.575331999878472,True,raw_gray,True
715,0,plain,True,False,True,34.78437900002973,True,4.588362999811579,True,raw_gray,True
715,0,inverted_color,False,False,True,18.824110999958066,True,4.023935999839523,True,raw_gray,True
715,0,logo,True,True,True,34.3972279999889,True,4.849649999869143,True,raw_gray,True
715,0,styled,True,True,True,36.59794000009242,True,6.0077549999277835,True,raw_gray,True
715,0,ascii,False,False,True,25.682510000024195,True,3.470054999979766,True,raw_gray,True
716,0,plain,True,True,True,30.023605999986103,True,4.079509999883157,True,raw_gray,True
716,0,inverted_color,False,False,True,73.56942100000197,True,4.001621999805138,True,raw_gray,True
716,0,logo,True,True,True,36.4587300000494,True,4.93099200002689,True,raw_gray,True
716,0,styled,True,True,True,37.452519999988,True,5.9108890000061365,True,raw_gray,True
716,0,ascii,False,False,True,20.989974000030998,True,3.4360629999810044,True,raw_gray,True
717,0,plain,True,True,True,25.22365599998011,True,3.24889900002745,True,raw_gray,True
717,0,inverted_color,False,False,True,20.92348599990146,True,3.227485000024899,True,raw_gray,True
717,0,logo,True,True,True,29.512435000015103,True,3.962219999948502,True,raw_gray,True
717,0,styled,True,True,True,31.76132199996573,True,4.778708999992887,True,raw_gray,True
717,0,ascii,False,True,True,30.591029000106573,True,4.1808080000009795,True,raw_gray,True
718,0,plain,True,True,True,26.86828399987462,True,3.3154239999930724,True,raw_gray,True
718,0,inverted_color,False,False,True,30.470665000166264,True,3.283055999872886,True,raw_gray,True
718,0,logo,True,True,True,29.20950099996844,True,4.183096999895497,True,raw_gray,True
718,0,styled,True,True,True,31.34385199996359,True,4.824337999934869,True,raw_gray,True
718,0,ascii,False,True,True,22.817971000222315,True,2.723027000001821,True,raw_gray,True
719,0,plain,True,True,True,25.32948599991869,True,3.2487430000855966,True,raw_gray,True
719,0,inverted_color,False,False,True,18.413514000030773,True,3.252063999980237,True,raw_gray,True
719,0,logo,True,True,True,29.636149999987538,True,4.038488999867695,True,raw_gray,True
719,0,styled,True,True,True,31.75194899995404,True,4.984938999996302,True,raw_gray,True
719,0,ascii,False,False,True,20.67000400006691,True,2.633782999964751,True,raw_gray,True
720,0,plain,True,True,True,25.95082299990281,True,3.280832999962513,True,raw_gray,True
720,0,inverted_color,False,False,True,16.913694000095347,True,3.3081090000450786,True,raw_gray,True
720,0,logo,True,True,True,35.3335889999471,True,5.086804000029588,True,raw_gray,True
720,0,styled,True,True,True,38.43996299997343,True,6.265588999895044,True,raw_gray,True
720,0,ascii,False,True,True,22.485851000055845,True,2.7662069999223604,True,raw_gray,True
721,0,plain,True,True,True,28.814408000016556,True,4.146650000166119,True,raw_gray,True
721,0,inverted_color,False,False,True,19.50043600004392,True,4.113620999987688,True,raw_gray,True
721,0,logo,True,True,True,34.68837199989139,True,4.851341000176035,True,raw_gray,True
721,0,styled,True,True,True,37.615484000070865,True,6.09831499991742,True,raw_gray,True
721,0,ascii,False,False,True,20.167307000065193,True,4.0203119999659975,True,raw_gray,True
722,0,plain,True,True,True,30.854750000116837,True,4.109588999881453,True,raw_gray,True
722,0,inverted_color,False,False,True,19.809729999906267,True,4.045352999810348,True,raw_gray,True
722,0,logo,True,True,True,41.59778399980496,True,5.663819999881525,True,raw_gray,True
722,0,styled,True,True,True,42.977964999863616,True,7.2263730000940996,True,raw_gray,True
722,0,ascii,False,True,True,25.83139300008952,True,3.4811779999017745,True,raw_gray,True
723,0,plain,True,True,True,28.70411999992939,True,3.9318599999660364,True,raw_gray,True
723,0,inverted_color,False,False,True,20.902320999994117,True,4.041069999857427,True,raw_gray,True
723,0,logo,True,True,True,35.268812999902366,True,5.218066999987059,True,raw_gray,True
723,0,styled,True,True,True,43.60017600015453,True,8.921775999851889,True,raw_gray,True
723,0,ascii,False,False,True,23.864028000161852,True,3.547517000015432,True,raw_gray,True
724,0,plain,True,True,True,29.277618999913102,True,3.8945210001202213,True,raw_gray,True
724,0,inverted_color,False,False,True,18.73958600003789,True,4.0068450000489975,True,raw_gray,True
724,0,logo,True,True,True,33.650568999973984,True,4.895974999953978,True,raw_gray,True
724,0,styled,True,True,True,37.224125999955504,True,6.937395000022661,True,raw_gray,True
724,0,ascii,False,True,True,28.308605000120224,True,3.8873460000559135,True,raw_gray,True
725,0,plain,True,True,True,27.71275199984302,True,3.689495999879,True,raw_gray,True
725,0,inverted_color,False,False,True,18.12871700008145,True,3.3099199999924167,True,raw_gray,True
725,0,logo,True,True,True,35.37289399992005,True,4.902217000108067,True,raw_gray,True
725,0,styled,True,True,True,37.149480999914886,True,6.164653000041653,True,raw_gray,True
725,0,ascii,False,True,True,21.88501599994197,True,2.7052969999203924,True,raw_gray,True
726,0,plain,True,True,True,27.796705000127986,True,3.590965999819673,True,raw_gray,True
726,0,inverted_color,False,False,True,20.22367800009306,True,3.289556000027005,True,raw_gray,True
726,0,logo,True,True,True,34.29043900018769,True,5.309317999945051,True,raw_gray,True
726,0,styled,True,True,True,36.0942720001276,True,6.031464999978198,True,raw_gray,True
726,0,ascii,False,True,True,22.875857999906657,True,2.686149000055593,True,raw_gray,True
727,0,plain,True,True,True,30.069008000054964,True,4.042769000079716,True,raw_gray,True
727,0,inverted_color,False,False,True,19.36871499992776,True,4.198642000119435,True,raw_gray,True
727,0,logo,True,True,True,42.94602200002373,True,5.718190999914441,True,raw_gray,True
727,0,styled,True,True,True,42.84531700000116,True,7.2660350001569896,True,raw_gray,True
727,0,ascii,False,True,True,27.99065299996073,True,3.357249999908163,True,raw_gray,True
728,0,plain,True,True,True,24.620462000029875,True,3.261309999970763,True,raw_gray,True
728,0,inverted_color,False,False,True,17.85352199999579,True,3.2541919999857782,True,raw_gray,True
728,0,logo,True,True,True,34.35752799987313,True,4.953330000034839,True,raw_gray,True
728,0,styled,True,True,True,36.93696100003763,True,5.901290999872799,True,raw_gray,True
728,0,ascii,False,False,True,21.112027000071976,True,2.728549000039493,True,raw_gray,True
729,0,plain,True,True,True,25.533478000170362,True,3.172876999997243,True,raw_gray,True
729,0,inverted_color,False,False,True,16.40217599992866,True,3.2032369999797083,True,raw_gray,True
729,0,logo,True,True,True,34.26896900009524,True,4.834759999994276,True,raw_gray,True
729,0,styled,True,True,True,47.29747100009263,True,5.879778000007718,True,raw_gray,True
729,0,ascii,False,True,True,22.774541999979192,True,2.6702790000854293,True,raw_gray,True
730,0,plain,True,True,True,29.368274000034944,True,3.9949849999629805,True,raw_gray,True
730,0,inverted_color,False,False,True,19.43361299981916,True,3.982010000072478,True,raw_gray,True
730,0,logo,True,True,True,40.103933000182224,True,5.572516000029282,True,raw_gray,True
730,0,styled,True,True,True,45.77356800018606,True,7.292775999985679,True,raw_gray,True
730,0,ascii,False,False,True,24.099740000110614,True,3.448171999934857,True,raw_gray,True
731,0,plain,True,True,True,29.12889100002758,True,3.9986890001273423,True,raw_gray,True
731,0,inverted_color,False,False,True,19.034953999835125,True,4.070580999950835,True,raw_gray,True
731,0,logo,True,True,True,40.17156899999463,True,5.530061999934333,True,raw_gray,True
731,0,styled,True,True,True,43.959126000117976,True,7.164375999991535,True,raw_gray,True
731,0,ascii,False,False,True,17.969037000057142,True,3.542358000004242,True,raw_gray,True
732,0,plain,True,True,True,29.56547199983106,True,3.897923000067749,True,raw_gray,True
732,0,inverted_color,False,False,True,19.132594999973662,True,3.927987999986726,True,raw_gray,True
732,0,logo,True,True,True,39.09717100009402,True,5.6561559999863675,True,raw_gray,True
732,0,styled,True,True,True,44.18827700010297,True,8.753000000069733,True,raw_gray,True
732,0,ascii,False,False,True,25.270186999932776,True,3.529350999997405,True,raw_gray,True
733,0,plain,True,True,True,28.8559579998946,True,4.0180270000291785,True,raw_gray,True
733,0,inverted_color,False,False,True,19.268644000021595,True,3.9839159999246476,True,raw_gray,True
733,0,logo,True,True,True,36.35824799994225,True,5.469799999900715,True,raw_gray,True
733,0,styled,True,True,True,38.214182999809054,True,6.363814999986062,True,raw_gray,True
733,0,ascii,False,False,True,20.537231999924188,True,3.424880000011399,True,raw_gray,True
734,0,plain,True,True,True,25.396178999926633,True,3.2485340000221186,True,raw_gray,True
734,0,inverted_color,False,False,True,18.685152999978527,True,3.2276570000249194,True,raw_gray,True
734,0,logo,True,True,True,29.5489989998714,True,3.982375000077809,True,raw_gray,True
734,0,styled,True,True,True,31.22819400005028,True,4.9921590000394644,True,raw_gray,True
734,0,ascii,False,True,True,22.219797999923685,True,2.589519000139262,True,raw_gray,True
735,0,plain,True,True,True,29.232502000013483,True,3.971075000208657,True,raw_gray,True
735,0,inverted_color,False,False,True,35.45334599994021,True,5.981659000099171,True,raw_gray,True
735,0,logo,True,True,True,43.63166200005253,True,5.6154640001295775,True,raw_gray,True
735,0,styled,True,True,True,41.016871000010724,True,7.250422999959483,True,raw_gray,True
735,0,ascii,False,False,True,20.842078999976366,True,3.4588239998356585,True,raw_gray,True
736,0,plain,True,True,True,25.18166899994867,True,3.409642999940843,True,raw_gray,True
736,0,inverted_color,False,False,True,30.12998700000935,True,3.3136919998923986,True,raw_gray,True
736,0,logo,True,True,True,28.887927000141644,True,4.0434690001802664,True,raw_gray,True
736,0,styled,True,True,True,29.960396999967998,True,4.81677400011904,True,raw_gray,True
736,0,ascii,False,False,True,14.731690999951752,True,2.612533999808875,True,raw_gray,True
737,0,plain,True,True,True,29.15174300005674,True,4.045177999842053,True,raw_gray,True
737,0,inverted_color,False,False,True,18.40949899997213,True,3.9804379998713557,True,raw_gray,True
737,0,logo,True,True,True,34.931937000010294,True,4.813345999991725,True,raw_gray,True
737,0,styled,True,True,True,36.22985100014375,True,5.988835999914954,True,raw_gray,True
737,0,ascii,False,False,True,18.004344000019046,True,3.4089900000253692,True,raw_gray,True
738,0,plain,True,True,True,25.948418000098172,True,3.183361999845147,True,raw_gray,True
738,0,inverted_color,False,False,True,17.029248999961055,True,3.1686180000178865,True,raw_gray,True
738,0,logo,True,True,True,30.427821000102995,True,4.630860000133907,True,raw_gray,True
738,0,styled,True,True,True,31.600923000041803,True,4.797422999899936,True,raw_gray,True
738,0,ascii,False,True,True,22.618157000124484,True,2.6816609999968932,True,raw_gray,True
739,0,plain,True,True,True,24.36577799994666,True,3.3588010001039947,True,raw_gray,True
739,0,inverted_color,False,False,True,19.203969000045618,True,3.344258999959493,True,raw_gray,True
739,0,logo,True,True,True,29.031623000037143,True,3.9394790001097135,True,raw_gray,True
739,0,styled,True,True,True,30.753068999956668,True,4.861558999891713,True,raw_gray,True
739,0,ascii,False,False,True,20.908135000127004,True,2.695402999961516,True,raw_gray,True
740,0,plain,True,True,True,25.079903999994713,True,3.1331310001405654,True,raw_gray,True
740,0,inverted_color,False,False,True,17.417502999933276,True,3.0984310001258564,True,raw_gray,True
740,0,logo,True,True,True,29.535941999938586,True,3.8966829999935726,True,raw_gray,True
740,0,styled,True,True,True,31.73608400015837,True,4.835774999946807,True,raw_gray,True
740,0,ascii,False,True,True,22.19735399989986,True,2.5458610000441695,True,raw_gray,True
741,0,plain,True,True,True,29.172633999905884,True,3.9954849999048747,True,raw_gray,True
741,0,inverted_color,False,False,True,18.641726999931052,True,3.976689999944938,True,raw_gray,True
741,0,logo,True,True,True,39.371816000084436,True,6.873387000041475,True,raw_gray,True
741,0,styled,True,True,True,49.96271599998181,True,6.050175000154923,True,raw_gray,True
741,0,ascii,False,False,True,17.119532999913645,True,3.397096000071542,True,raw_gray,True
742,0,plain,True,True,True,28.68396999997458,True,4.043701999989935,True,raw_gray,True
742,0,inverted_color,False,False,True,34.67639699988467,True,4.008135999811202,True,raw_gray,True
742,0,logo,True,True,True,34.16037900001356,True,4.863705999923695,True,raw_gray,True
742,0,styled,True,True,True,36.41633699999147,True,5.841890999818133,True,raw_gray,True
742,0,ascii,False,False,True,21.192997000071045,True,3.441196999801832,True,raw_gray,True
743,0,plain,True,True,True,25.74450900010561,True,3.6541189999752532,True,raw_gray,True
743,0,inverted_color,False,False,True,18.57898799994473,True,3.1895150000309513,True,raw_gray,True
743,0,logo,True,True,True,30.081613999982437,True,3.9562530000694096,True,raw_gray,True
743,0,styled,True,True,True,30.57770400005211,True,4.850460999932693,True,raw_gray,True
743,0,ascii,False,True,True,21.86420799989719,True,2.6424860000133776,True,raw_gray,True
744,0,plain,True,True,True,33.14565200003017,True,4.075416999967274,True,raw_gray,True
744,0,inverted_color,False,False,True,18.98088899997674,True,3.8917449999189557,True,raw_gray,True
744,0,logo,True,True,True,34.27657799988992,True,4.773509999949965,True,raw_gray,True
744,0,styled,True,True,True,36.46986300009303,True,5.947065000100338,True,raw_gray,True
744,0,ascii,False,True,True,25.520324999888544,True,3.386486999943372,True,raw_gray,True
745,0,plain,True,True,True,29.059179000114455,True,4.917902999977741,True,raw_gray,True
745,0,inverted_color,False,False,True,18.81261500011533,True,3.921304999948916,True,raw_gray,True
745,0,logo,True,True,True,33.56719300018085,True,4.771169999912672,True,raw_gray,True
745,0,styled,True,True,True,35.18390899989754,True,6.205189999946015,True,raw_gray,True
745,0,ascii,False,False,True,24.552196000058757,True,3.4268040001279587,True,raw_gray,True
746,0,plain,True,True,True,28.37960200008638,True,3.8678640000853193,True,raw_gray,True
746,0,inverted_color,False,False,True,18.3240639998985,True,3.919805999885284,True,raw_gray,True
746,0,logo,True,True,True,33.57640900003389,True,4.896039999948698,True,raw_gray,True
746,0,styled,True,True,True,36.00260000007438,True,5.944236999994246,True,raw_gray,True
746,0,ascii,False,False,True,22.114951000048677,True,3.4136910001052456,True,raw_gray,True
747,0,plain,True,True,True,28.638967999995657,True,3.980016000014075,True,raw_gray,True
747,0,inverted_color,False,False,True,31.84439899996505,True,6.794248000005609,True,raw_gray,True
747,0,logo,True,True,True,48.382823999872926,True,5.666804000156844,True,raw_gray,True
747,0,styled,True,True,True,41.943680000031236,True,7.291376000011951,True,raw_gray,True
747,0,ascii,False,True,True,25.48107899997376,True,3.3271129998411197,True,raw_gray,True
748,0,plain,True,True,True,29.619223000054262,True,3.8576770000418037,True,raw_gray,True
748,0,inverted_color,False,False,True,19.072478999987652,True,3.898815999946237,True,raw_gray,True
748,0,logo,True,True,True,34.70124299997224,True,4.837308000105622,True,raw_gray,True
748,0,styled,True,True,True,37.267408999923646,True,6.102085000065927,True,raw_gray,True
748,0,ascii,False,False,True,26.262936999955855,True,3.4113130000150704,True,raw_gray,True
749,0,plain,True,True,True,24.909799999932147,True,3.1813969999348046,True,raw_gray,True
749,0,inverted_color,False,False,True,16.642501999967863,True,3.189787999872351,True,raw_gray,True
749,0,logo,True,True,True,29.533815999911894,True,4.336778999913804,True,raw_gray,True
749,0,styled,True,True,True,31.496910999976535,True,4.813551000097505,True,raw_gray,True
749,0,ascii,False,True,True,21.02648400000362,True,2.6609179999468324,True,raw_gray,True
750,0,plain,True,True,True,33.55847500006348,True,4.034793000073478,True,raw_gray,True
750,0,inverted_color,False,False,True,34.582819999968706,True,3.9795840000351745,True,raw_gray,True
750,0,logo,True,True,True,34.21273399999336,True,4.934394999963843,True,raw_gray,True
750,0,styled,True,True,True,38.48764100007429,True,5.943291999983558,True,raw_gray,True
750,0,ascii,False,False,True,18.464404000042123,True,3.4267159999217256,True,raw_gray,True
751,0,plain,True,True,True,27.76767800014568,True,3.93392999990283,True,raw_gray,True
751,0,inverted_color,False,False,True,20.665576000055808,True,3.947039999957269,True,raw_gray,True
751,0,logo,True,True,True,34.44628300007935,True,4.8370319998412015,True,raw_gray,True
751,0,styled,True,True,True,35.61422399980074,True,6.046509000043443,True,raw_gray,True
751,0,ascii,False,False,True,20.147441000062827,True,3.3286430000316614,True,raw_gray,True
752,0,plain,True,True,True,28.616834000104063,True,4.011332000118273,True,raw_gray,True
752,0,inverted_color,False,False,True,19.311044000005495,True,3.9226909998433257,True,raw_gray,True
752,0,logo,True,True,True,32.646913999997196,True,4.844409000043015,True,raw_gray,True
752,0,styled,True,True,True,33.894783000050666,True,5.877687999827685,True,raw_gray,True
752,0,ascii,False,True,True,25.324722999812366,True,3.514094000138357,True,raw_gray,True
753,0,plain,True,True,True,29.073763000042163,True,5.004649000056816,True,raw_gray,True
753,0,inverted_color,False,False,True,23.910340999918844,True,3.205895000064629,True,raw_gray,True
753,0,logo,True,True,True,28.679723999857742,True,4.059895999944274,True,raw_gray,True
753,0,styled,True,True,True,30.18852699983654,True,4.619951999984551,True,raw_gray,True
753,0,ascii,False,True,True,22.508832999847073,True,2.6209069999367784,True,raw_gray,True
754,0,plain,True,True,True,29.67401199998676,True,4.0288550001150725,True,raw_gray,True
754,0,inverted_color,False,False,True,18.67470599995613,True,3.9293919999181526,True,raw_gray,True
754,0,logo,True,True,True,33.28696300013689,True,4.844363999836787,True,raw_gray,True
754,0,styled,True,True,True,36.37262699999155,True,6.256710999878123,True,raw_gray,True
754,0,ascii,False,False,True,17.256356999951095,True,3.534522000109064,True,raw_gray,True
755,0,plain,True,True,True,28.698153000050297,True,3.878286999906777,True,raw_gray,True
755,0,inverted_color,False,False,True,18.45936199993048,True,3.9673080000284244,True,raw_gray,True
755,0,logo,True,True,True,32.99641200010228,True,4.747439999846392,True,raw_gray,True
755,0,styled,True,True,True,35.61266299993804,True,7.018935000132842,True,raw_gray,True
755,0,ascii,False,True,True,28.308631000072637,True,3.595443999984127,True,raw_gray,True
756,0,plain,True,True,True,25.56905500000539,True,3.3524020000186283,True,raw_gray,True
756,0,inverted_color,False,False,True,16.781330999947386,True,3.2854010000846756,True,raw_gray,True
756,0,logo,True,True,True,29.91707099999985,True,4.14376200001243,True,raw_gray,True
756,0,styled,True,True,True,32.68626999988555,True,4.783692000046358,True,raw_gray,True
756,0,ascii,False,True,True,23.234860999991724,True,2.65922599987789,True,raw_gray,True
757,0,plain,True,True,True,28.737745999933395,True,4.003374000149051,True,raw_gray,True
757,0,inverted_color,False,False,True,19.40663499999573,True,3.9792300001408876,True,raw_gray,True
757,0,logo,True,True,True,38.22433200002706,True,5.6770210001104715,True,raw_gray,True
757,0,styled,True,True,True,41.69830700016064,True,7.519021999996767,True,raw_gray,True
757,0,ascii,False,False,True,20.148642000094696,True,3.4201359999315173,True,raw_gray,True
758,0,plain,True,True,True,25.260275999926307,True,3.260640999997122,True,raw_gray,True
758,0,inverted_color,False,False,True,17.62144300005275,True,3.1606739999006095,True,raw_gray,True
758,0,logo,True,True,True,29.089695000038773,True,4.305913000052897,True,raw_gray,True
758,0,styled,True,True,True,31.003563000012946,True,4.921576000015193,True,raw_gray,True
758,0,ascii,False,True,True,23.408928999970158,True,2.9759470000954025,True,raw_gray,True
759,0,plain,True,True,True,27.435314000058497,True,3.6905269998896983,True,raw_gray,True
759,0,inverted_color,False,False,True,18.315633999918646,True,4.993839999997363,True,raw_gray,True
759,0,logo,True,True,True,43.33851799992772,True,4.840835999857518,True,raw_gray,True
759,0,styled,True,True,True,36.38219399999798,True,6.0386909999579075,True,raw_gray,True
759,0,ascii,False,True,True,23.10325999997076,True,2.5994110001192894,True,raw_gray,True
760,0,plain,True,True,True,25.70956600015961,True,3.3248739998725796,True,raw_gray,True
760,0,inverted_color,False,False,True,16.779320000068765,True,3.216127000086999,True,raw_gray,True
760,0,logo,True,True,True,28.960340000139695,True,4.566571999930602,True,raw_gray,True
760,0,styled,True,True,True,32.105482999895685,True,5.067554999868662,True,raw_gray,True
760,0,ascii,False,False,True,15.428271000018867,True,2.789500000062617,True,raw_gray,True
761,0,plain,True,True,True,28.41766300002746,True,3.899775000036243,True,raw_gray,True
761,0,inverted_color,False,False,True,19.433532999983072,True,3.9627810001547914,True,raw_gray,True
761,0,logo,True,True,True,36.61715899988849,True,5.033296000192422,True,raw_gray,True
761,0,styled,True,True,True,42.09293999997499,True,7.1200790000602865,True,raw_gray,True
761,0,ascii,False,True,True,27.711472999953912,True,3.468197000074724,True,raw_gray,True
762,0,plain,True,True,True,28.275785999994696,True,4.0394980001110525,True,raw_gray,True
762,0,inverted_color,False,False,True,19.403711999984807,True,3.930037000145603,True,raw_gray,True
762,0,logo,True,True,True,35.86515400002099,True,5.031057999985933,True,raw_gray,True
762,0,styled,True,True,True,36.73576999995021,True,6.185606000144617,True,raw_gray,True
762,0,ascii,False,False,True,26.268139000194424,True,3.422673999921244,True,raw_gray,True
763,0,plain,True,True,True,25.478834000068673,True,3.206775999842648,True,raw_gray,True
763,0,inverted_color,False,False,True,23.061057999939294,True,3.2480489999215933,True,raw_gray,True
763,0,logo,True,True,True,29.722680000077162,True,4.0938490001281025,True,raw_gray,True
763,0,styled,True,True,True,31.136866999986523,True,5.171420000124272,True,raw_gray,True
763,0,ascii,False,False,True,14.92264100011198,True,2.689442000018971,True,raw_gray,True
764,0,plain,True,True,True,25.469147999956476,True,3.224344000045676,True,raw_gray,True
764,0,inverted_color,False,False,True,16.25886199985871,True,3.188888000067891,True,raw_gray,True
764,0,logo,True,True,True,29.085022000117533,True,4.033292000030997,True,raw_gray,True
764,0,styled,True,True,True,30.17307699997218,True,4.7778650000509515,True,raw_gray,True
764,0,ascii,False,True,True,22.201784000117186,True,2.595131000134643,True,raw_gray,True
765,0,plain,True,True,True,35.75218500009214,True,5.50293099990995,True,raw_gray,True
765,0,inverted_color,False,False,True,82.8226060000361,True,5.734472000085589,True,raw_gray,True
765,0,logo,True,True,True,44.4038969999383,True,6.6741640000600455,True,raw_gray,True
765,0,styled,True,True,True,48.111652999978105,True,8.446946000049138,True,raw_gray,True
765,0,ascii,True,True,True,28.915743000197835,True,4.0327950000573765,True,raw_gray,True
766,0,plain,True,True,True,26.20993699997598,True,3.2474659999479627,True,raw_gray,True
766,0,inverted_color,False,False,True,16.944972999908714,True,3.262345999928584,True,raw_gray,True
766,0,logo,True,True,True,28.591238999979396,True,4.0189620001456206,True,raw_gray,True
766,0,styled,True,True,True,30.10912400009147,True,4.781180000009044,True,raw_gray,True
766,0,ascii,False,True,True,22.33535400000619,True,2.5778609999633773,True,raw_gray,True
767,0,plain,True,True,True,29.822115000115446,True,4.418366999971113,True,raw_gray,True
767,0,inverted_color,False,False,True,22.474653000017497,True,3.9530740000373044,True,raw_gray,True
767,0,logo,True,False,True,38.49772200010193,True,5.047039000146469,True,raw_gray,True
767,0,styled,True,False,True,34.41047900014382,True,6.1562969999613415,True,raw_gray,True
767,0,ascii,False,False,True,26.013949000116554,True,3.442423000024064,True,raw_gray,True
768,0,plain,True,True,True,25.10193800003435,True,3.2692170000245824,True,raw_gray,True
768,0,inverted_color,False,False,True,17.250902000114365,True,3.2912540000324952,True,raw_gray,True
768,0,logo,True,True,True,28.928602999940267,True,4.0259160000459815,True,raw_gray,True
768,0,styled,True,True,True,30.657183999892368,True,4.817883999976402,True,raw_gray,True
768,0,ascii,False,True,True,22.34482900007606,True,2.6162379999732366,True,raw_gray,True
769,0,plain,True,True,True,29.950193000104264,True,4.001531000085379,True,raw_gray,True
769,0,inverted_color,False,False,True,18.970231000139393,True,3.99752500015893,True,raw_gray,True
769,0,logo,True,True,True,34.805242999937036,True,4.894100999990769,True,raw_gray,True
769,0,styled,True,True,True,37.30425899993861,True,6.104352999955154,True,raw_gray,True
769,0,ascii,False,True,True,25.665285000059157,True,3.461388999994597,True,raw_gray,True
770,0,plain,True,True,True,25.507422999908158,True,3.612047000160601,True,raw_gray,True
770,0,inverted_color,False,False,True,18.064059000153065,True,3.2975020001231314,True,raw_gray,True
770,0,logo,True,False,True,39.34099499997501,True,4.950090999955137,True,raw_gray,True
770,0,styled,True,True,True,37.33493999993698,True,6.107423999992534,True,raw_gray,True
770,0,ascii,False,True,True,30.486028000041188,True,5.683746999920913,True,raw_gray,True
771,0,plain,True,True,True,38.24111499989158,True,4.775499000061245,True,raw_gray,True
771,0,inverted_color,False,False,True,25.366575999896668,True,6.342307000068104,True,raw_gray,True
771,0,logo,True,True,True,43.91562399996474,True,6.400805000112086,True,raw_gray,True
771,0,styled,True,True,True,47.346086000061405,True,7.264330999987578,True,raw_gray,True
771,0,ascii,False,False,True,22.555154999963634,True,5.985230999840496,True,raw_gray,True
772,0,plain,True,True,True,33.64106100002573,True,4.788161000078617,True,raw_gray,True
772,0,inverted_color,False,False,True,31.78467699990506,True,4.804356000022381,True,raw_gray,True
772,0,logo,True,True,True,50.77516400001514,True,7.848018000004231,True,raw_gray,True
772,0,styled,True,True,True,55.197223000050144,True,8.970719000217287,True,raw_gray,True
772,0,ascii,False,True,True,29.84139000000141,True,4.18748099991717,True,raw_gray,True
773,0,plain,True,True,True,37.30149899979551,True,4.976210999984687,True,raw_gray,True
773,0,inverted_color,False,False,True,27.641127000151755,True,5.184006000035879,True,raw_gray,True
773,0,logo,True,True,True,42.84401499990054,True,5.909747000032439,True,raw_gray,True
773,0,styled,True,True,True,45.088176999797724,True,7.234835999952338,True,raw_gray,True
773,0,ascii,False,True,True,31.682168000088495,True,4.167165000126261,True,raw_gray,True
774,0,plain,True,True,True,40.607950000094206,True,5.861099999947328,True,raw_gray,True
774,0,inverted_color,False,False,True,29.11112900005719,True,6.0323650000100315,True,raw_gray,True
774,0,logo,True,True,True,49.65573799995582,True,7.189419000042108,True,raw_gray,True
774,0,styled,True,True,True,53.171704000078535,True,9.004344999993918,True,raw_gray,True
774,0,ascii,False,True,True,36.999202999822955,True,5.10822699993696,True,raw_gray,True
775,0,plain,True,True,True,41.67807399994672,True,6.005799999911687,True,raw_gray,True
775,0,inverted_color,False,False,True,29.432568999936848,True,6.188525999959893,True,raw_gray,True
775,0,logo,True,True,True,53.37733900000785,True,7.442128999855413,True,raw_gray,True
775,0,styled,True,True,True,53.221858000142674,True,8.960123999941061,True,raw_gray,True
775,0,ascii,False,False,True,39.207597000086025,True,4.426045000172962,True,raw_gray,True
776,0,plain,True,True,True,41.7172180000307,True,5.961871999943469,True,raw_gray,True
776,0,inverted_color,False,False,True,42.793507999931535,True,6.0347659998569725,True,raw_gray,True
776,0,logo,True,True,True,56.15832600005888,True,7.56266799999139,True,raw_gray,True
776,0,styled,True,True,True,54.500275000009424,True,9.393835000082618,True,raw_gray,True
776,0,ascii,False,False,True,27.709670000149345,True,5.246828000053938,True,raw_gray,True
777,0,plain,True,True,True,38.6094170000888,True,4.977691000021878,True,raw_gray,True
777,0,inverted_color,False,False,True,26.64977699987503,True,4.835912000089593,True,raw_gray,True
777,0,logo,True,True,True,41.18865600003119,True,6.091584999921906,True,raw_gray,True
777,0,styled,True,True,True,44.55224000003,True,7.470314999864058,True,raw_gray,True
777,0,ascii,False,True,True,32.0788999999877,True,4.250354999840056,True,raw_gray,True
778,0,plain,True,True,True,42.12015400003111,True,6.164735999846016,True,raw_gray,True
778,0,inverted_color,False,False,True,33.68041099997754,True,5.937960999972347,True,raw_gray,True
778,0,logo,True,True,True,50.31457199993383,True,7.367737000095076,True,raw_gray,True
778,0,styled,True,True,True,51.734424999949624,True,8.87949900015883,True,raw_gray,True
778,0,ascii,False,False,True,37.38639800008059,True,5.122097999901598,True,raw_gray,True
779,0,plain,True,True,True,35.20899399995869,True,5.135868000024857,True,raw_gray,True
779,0,inverted_color,False,False,True,26.853867999989234,True,4.8336250001739245,True,raw_gray,True
779,0,logo,True,True,True,42.144086999996944,True,6.532569999990301,True,raw_gray,True
779,0,styled,True,True,True,45.173007999892434,True,7.11625400003868,True,raw_gray,True
779,0,ascii,False,True,True,36.81789600000229,True,5.448034999972151,True,raw_gray,True
780,0,plain,True,True,True,48.424183000179255,True,5.091089999950782,True,raw_gray,True
780,0,inverted_color,False,False,True,27.84724000002825,True,5.93331400000352,True,raw_gray,True
780,0,logo,True,True,True,49.759544999915306,True,7.2801710000476305,True,raw_gray,True
780,0,styled,True,True,True,53.4438020001744,True,8.918831000073624,True,raw_gray,True
780,0,ascii,False,False,True,38.07236599982389,True,5.053507999946305,True,raw_gray,True
781,0,plain,True,True,True,42.70660399993176,True,5.4708019999907265,True,raw_gray,True
781,0,inverted_color,False,False,True,28.683648999958677,True,6.095997000102216,True,raw_gray,True
781,0,logo,True,True,True,50.02064900008918,True,7.335950000197045,True,raw_gray,True
781,0,styled,True,True,True,53.212326999982906,True,9.210164000023724,True,raw_gray,True
781,0,ascii,False,False,True,28.03061700001308,True,5.2110730000549665,True,raw_gray,True
782,0,plain,True,True,True,35.82799600008002,True,4.884680000031949,True,raw_gray,True
782,0,inverted_color,False,False,True,28.055763000111256,True,4.373606000172003,True,raw_gray,True
782,0,logo,True,True,True,50.46397399996749,True,7.409980000147698,True,raw_gray,True
782,0,styled,True,True,True,52.11991900000612,True,8.833320000121603,True,raw_gray,True
782,0,ascii,False,True,True,33.19499400004133,True,4.154431999950248,True,raw_gray,True
783,0,plain,True,True,True,36.532462999957716,True,4.813565999938874,True,raw_gray,True
783,0,inverted_color,False,False,True,27.253230000042095,True,4.938241999980164,True,raw_gray,True
783,0,logo,True,True,True,42.707970000037676,True,6.196005999981935,True,raw_gray,True
783,0,styled,True,True,True,44.855396000002656,True,7.336305000080756,True,raw_gray,True
783,0,ascii,False,True,True,34.365631000127905,True,4.8105789999226545,True,raw_gray,True
784,0,plain,True,True,True,38.521246000073006,True,6.841879999910816,True,raw_gray,True
784,0,inverted_color,False,False,True,26.093579999951544,True,3.7218150000626338,True,raw_gray,True
784,0,logo,True,True,True,34.77076800004397,True,4.797102999873459,True,raw_gray,True
784,0,styled,True,True,True,40.327717000081975,True,7.214949999934106,True,raw_gray,True
784,0,ascii,False,True,True,23.304592999920715,True,2.657055999861768,True,raw_gray,True
785,0,plain,True,True,True,28.956737999806137,True,4.06187399994451,True,raw_gray,True
785,0,inverted_color,False,False,True,19.007089000069755,True,3.869894999979806,True,raw_gray,True
785,0,logo,True,False,True,35.57081500002823,True,4.935944999942876,True,raw_gray,True
785,0,styled,True,True,True,38.73650500008807,True,6.2340430001768254,True,raw_gray,True
785,0,ascii,False,False,True,26.473434000081397,True,3.3870219999698747,True,raw_gray,True
786,0,plain,True,True,True,29.356949999964854,True,3.9418530000148166,True,raw_gray,True
786,0,inverted_color,False,False,True,19.24519799990776,True,3.9836470000409463,True,raw_gray,True
786,0,logo,True,True,True,35.12198199996419,True,5.062602999942101,True,raw_gray,True
786,0,styled,True,True,True,37.094003000220255,True,6.00279600007525,True,raw_gray,True
786,0,ascii,False,False,True,26.054496999904586,True,3.553674999920986,True,raw_gray,True
787,0,plain,True,True,True,29.266129000006913,True,4.006477000075392,True,raw_gray,True
787,0,inverted_color,False,False,True,22.993020999820146,True,4.1108830000666785,True,raw_gray,True
787,0,logo,True,True,True,34.56720999997742,True,4.92549999989933,True,raw_gray,True
787,0,styled,True,True,True,37.10584500004188,True,5.981899999824236,True,raw_gray,True
787,0,ascii,False,True,True,25.71321999994325,True,3.3962200000132725,True,raw_gray,True
788,0,plain,True,True,True,29.273919999923237,True,4.0145390000816406,True,raw_gray,True
788,0,inverted_color,False,False,True,18.823134000058417,True,3.889214000082575,True,raw_gray,True
788,0,logo,True,True,True,36.03044500005126,True,4.954410999971515,True,raw_gray,True
788,0,styled,True,True,True,38.92693500006317,True,6.286300000056144,True,raw_gray,True
788,0,ascii,False,True,True,25.6986719998622,True,3.4535780000624072,True,raw_gray,True
789,0,plain,True,True,True,28.713130000141973,True,3.9797980000457756,True,raw_gray,True
789,0,inverted_color,False,False,True,19.864245999997365,True,4.065006000018911,True,raw_gray,True
789,0,logo,True,True,True,36.75890999988951,True,4.916246999982832,True,raw_gray,True
789,0,styled,True,True,True,37.633051999819145,True,7.3702590000266355,True,raw_gray,True
789,0,ascii,False,True,True,36.516694000056305,True,3.7233789998936118,True,raw_gray,True
790,0,plain,True,True,True,30.655756999976802,True,4.597140999976546,True,raw_gray,True
790,0,inverted_color,False,False,True,21.28870299998198,True,4.183140999884927,True,raw_gray,True
790,0,logo,True,True,True,34.466633999954865,True,4.878476000158116,True,raw_gray,True
790,0,styled,True,True,True,36.178494000068895,True,6.0998849999123195,True,raw_gray,True
790,0,ascii,False,False,True,25.658370999963154,True,3.627315999892744,True,raw_gray,True
791,0,plain,True,True,True,30.30213600004572,True,4.5720089999576885,True,raw_gray,True
791,0,inverted_color,False,False,True,19.194292999827667,True,3.974481000113883,True,raw_gray,True
791,0,logo,True,True,True,36.00026200001594,True,4.894391999869185,True,raw_gray,True
791,0,styled,True,True,True,38.1754100001217,True,6.096406000096977,True,raw_gray,True
791,0,ascii,False,True,True,25.56809499992596,True,3.4859930001402972,True,raw_gray,True
792,0,plain,True,True,True,32.829188000050635,True,4.78725600009966,True,raw_gray,True
792,0,inverted_color,False,False,True,21.217622999984087,True,4.0742589999354095,True,raw_gray,True
792,0,logo,True,True,True,38.57790400002159,True,4.880974000116112,True,raw_gray,True
792,0,styled,True,True,True,37.48875900009807,True,6.736499999988155,True,raw_gray,True
792,0,ascii,False,False,True,18.60231599994222,True,4.098684999917168,True,raw_gray,True
793,0,plain,True,True,True,26.555049000080544,True,3.801730999839492,True,raw_gray,True
793,0,inverted_color,False,False,True,18.231221000178266,True,3.2986930000333814,True,raw_gray,True
793,0,logo,True,True,True,35.14058000018849,True,5.041842999844448,True,raw_gray,True
793,0,styled,True,True,True,36.932501999899614,True,5.991808000089804,True,raw_gray,True
793,0,ascii,False,False,True,20.81548000001021,True,2.639466999880824,True,raw_gray,True
794,0,plain,True,True,True,24.699258000055124,True,3.2379149999997026,True,raw_gray,True
794,0,inverted_color,False,False,True,24.11445100005949,True,3.292008000016722,True,raw_gray,True
794,0,logo,True,True,True,34.94362500009629,True,5.704351000076713,True,raw_gray,True
794,0,styled,True,True,True,40.98822200012364,True,6.810836000113341,True,raw_gray,True
794,0,ascii,False,True,True,23.97498599998471,True,2.7711299999282346,True,raw_gray,True
795,0,plain,True,True,True,25.400239999953556,True,3.266981000024316,True,raw_gray,True
795,0,inverted_color,False,False,True,17.844269000079294,True,3.2529319998957362,True,raw_gray,True
795,0,logo,True,True,True,29.001528999970105,True,4.2214370000692725,True,raw_gray,True
795,0,styled,True,True,True,43.09332699995139,True,5.7082050000190065,True,raw_gray,True
795,0,ascii,False,True,True,23.27589599985913,True,2.9101689999606606,True,raw_gray,True
796,0,plain,True,True,True,25.618915999984893,True,3.3841530000700004,True,raw_gray,True
796,0,inverted_color,False,False,True,17.12203200008844,True,3.2382479998886993,True,raw_gray,True
796,0,logo,True,True,True,29.206864000116184,True,4.074399000046469,True,raw_gray,True
796,0,styled,True,True,True,31.190666999918903,True,4.931443000032232,True,raw_gray,True
796,0,ascii,False,False,True,15.845293999973364,True,2.6514360001783643,True,raw_gray,True
797,0,plain,True,True,True,30.119076999881145,True,3.97640300002422,True,raw_gray,True
797,0,inverted_color,False,False,True,21.706229000074018,True,4.9064190000081,True,raw_gray,True
797,0,logo,True,True,True,54.26257599992823,True,5.677597999920181,True,raw_gray,True
797,0,styled,True,True,True,37.29919100010193,True,6.271112000149515,True,raw_gray,True
797,0,ascii,False,True,True,32.243648999838115,True,3.516674999900715,True,raw_gray,True
798,0,plain,True,True,True,25.900309000007837,True,3.255816000091727,True,raw_gray,True
798,0,inverted_color,False,False,True,29.620120000117822,True,3.317852000009225,True,raw_gray,True
798,0,logo,True,True,True,29.41164399999252,True,3.9791510000668495,True,raw_gray,True
798,0,styled,True,True,True,30.973913000025277,True,4.88123800005269,True,raw_gray,True
798,0,ascii,False,True,True,22.14365099985116,True,2.601124999955573,True,raw_gray,True
799,0,plain,True,True,True,28.78605199998674,True,3.9804529999400984,True,raw_gray,True
799,0,inverted_color,False,False,True,18.353276999960144,True,3.9923639999415172,True,raw_gray,True
799,0,logo,True,True,True,34.394048999956794,True,5.0582090000261815,True,raw_gray,True
799,0,styled,True,True,True,37.633370000094146,True,5.932187999860616,True,raw_gray,True
799,0,ascii,False,True,True,25.346412000089913,True,3.382646000090972,True,raw_gray,True
800,0,plain,True,True,True,26.486160000104064,True,3.1941859999733424,True,raw_gray,True
800,0,inverted_color,False,False,True,29.285239000046204,True,3.273701000125584,True,raw_gray,True
800,0,logo,True,True,True,28.937090999988868,True,4.066240999918591,True,raw_gray,True
800,0,styled,True,True,True,32.37340700002278,True,4.659589999846503,True,raw_gray,True
800,0,ascii,False,True,True,24.509514000101262,True,3.550779000079274,True,raw_gray,True
801,0,plain,True,True,True,37.9068519998782,True,5.25916500009771,True,raw_gray,True
801,0,inverted_color,False,False,True,24.882629999865458,True,5.997428000000582,True,raw_gray,True
801,0,logo,True,True,True,54.746663000059925,True,4.842655000175,True,raw_gray,True
801,0,styled,True,True,True,39.593580999962796,True,6.6450460001306055,True,raw_gray,True
801,0,ascii,False,True,True,25.52044799995201,True,3.4681550000641437,True,raw_gray,True
802,0,plain,True,True,True,31.712654000102702,True,4.4700319999719795,True,raw_gray,True
802,0,inverted_color,False,False,True,30.300300000135394,True,4.015451999975994,True,raw_gray,True
802,0,logo,True,True,True,34.87848400004623,True,4.884997999852203,True,raw_gray,True
802,0,styled,True,True,True,37.376774999984264,True,5.965263000007326,True,raw_gray,True
802,0,ascii,False,False,True,17.49022200010586,True,3.3715429999574553,True,raw_gray,True
803,0,plain,True,True,True,25.12309900021137,True,3.5119359999953303,True,raw_gray,True
803,0,inverted_color,False,False,True,16.99206100010997,True,3.224406999834173,True,raw_gray,True
803,0,logo,True,True,True,34.25888199990368,True,4.899404999832768,True,raw_gray,True
803,0,styled,True,True,True,36.40377700003228,True,5.824391000032847,True,raw_gray,True
803,0,ascii,False,False,True,14.973493000070448,True,3.120723999927577,True,raw_gray,True
804,0,plain,True,True,True,27.49886200012952,True,3.693289000011646,True,raw_gray,True
804,0,inverted_color,False,False,True,33.73736799994731,True,3.6318079999091424,True,raw_gray,True
804,0,logo,True,True,True,31.906955000067683,True,4.5867720000387635,True,raw_gray,True
804,0,styled,True,True,True,32.834554999908505,True,5.484107000029326,True,raw_gray,True
804,0,ascii,False,False,True,16.10459600010472,True,2.600942000071882,True,raw_gray,True
805,0,plain,True,True,True,29.707635000022492,True,4.112123999902906,True,raw_gray,True
805,0,inverted_color,False,False,True,19.5788989999528,True,3.8690209999003855,True,raw_gray,True
805,0,logo,True,True,True,34.64450199999192,True,4.778531000056319,True,raw_gray,True
805,0,styled,True,True,True,36.5783019999526,True,6.056231999991724,True,raw_gray,True
805,0,ascii,False,False,True,26.608754000108092,True,3.435077999938585,True,raw_gray,True
806,0,plain,True,True,True,31.305702000054225,True,4.186759000049278,True,raw_gray,True
806,0,inverted_color,False,False,True,27.477713000052972,True,4.031185000030746,True,raw_gray,True
806,0,logo,True,True,True,34.8143019998588,True,4.708824999852368,True,raw_gray,True
806,0,styled,True,True,True,35.71324100016682,True,6.407411000054708,True,raw_gray,True
806,0,ascii,False,True,True,29.40382699989641,True,3.8257189999058028,True,raw_gray,True
807,0,plain,True,True,True,31.58181899993906,True,5.217515999902389,True,raw_gray,True
807,0,inverted_color,False,False,True,36.80963600004361,True,3.2445730000745243,True,raw_gray,True
807,0,logo,True,True,True,34.115641999960644,True,4.773747000172079,True,raw_gray,True
807,0,styled,True,True,True,36.43936399998893,True,6.059067000023788,True,raw_gray,True
807,0,ascii,False,False,True,17.782935000013822,True,2.7217889999064937,True,raw_gray,True
808,0,plain,True,True,True,25.08550200013815,True,3.224348999992799,True,raw_gray,True
808,0,inverted_color,False,False,True,16.771007999977883,True,3.2316689998879156,True,raw_gray,True
808,0,logo,True,True,True,35.14463400006207,True,5.524980000018331,True,raw_gray,True
808,0,styled,True,True,True,41.10958599994774,True,6.796550999979445,True,raw_gray,True
808,0,ascii,False,False,True,22.856835000084175,True,2.9408909999801836,True,raw_gray,True
809,0,plain,True,True,True,26.838207000082548,True,3.147631999809164,True,raw_gray,True
809,0,inverted_color,False,False,True,17.705005999914647,True,3.217188000007809,True,raw_gray,True
809,0,logo,True,True,True,29.395027999953527,True,3.9992370000163646,True,raw_gray,True
809,0,styled,True,True,True,31.48870499990153,True,4.943154000102368,True,raw_gray,True
809,0,ascii,False,False,True,15.685316000144667,True,2.598058000103265,True,raw_gray,True
810,0,plain,True,True,True,25.158820999877207,True,3.216875999896729,True,raw_gray,True
810,0,inverted_color,False,False,True,20.162349999964135,True,3.3902310001394653,True,raw_gray,True
810,0,logo,True,True,True,34.001747999809595,True,4.8883680001381435,True,raw_gray,True
810,0,styled,True,True,True,36.91874200012535,True,6.391736000068704,True,raw_gray,True
810,0,ascii,False,True,True,22.258661999785545,True,2.666889000010997,True,raw_gray,True
811,0,plain,True,True,True,29.042662999927416,True,3.933008000103655,True,raw_gray,True
811,0,inverted_color,False,False,True,29.89433600009761,True,4.123038999978235,True,raw_gray,True
811,0,logo,True,True,True,34.3891679999615,True,4.831692000152543,True,raw_gray,True
811,0,styled,True,True,True,37.3306760000105,True,7.0671280000169645,True,raw_gray,True
811,0,ascii,False,False,True,25.598963999982516,True,3.4316170001602586,True,raw_gray,True
812,0,plain,True,True,True,29.22637799997574,True,4.050703000075373,True,raw_gray,True
812,0,inverted_color,False,False,True,19.553622999865183,True,4.215305999878183,True,raw_gray,True
812,0,logo,True,True,True,36.357663999979195,True,5.898469999920053,True,raw_gray,True
812,0,styled,True,True,True,37.29412800021237,True,6.296200999940993,True,raw_gray,True
812,0,ascii,False,True,True,26.137308999977904,True,3.4777289999965433,True,raw_gray,True
813,0,plain,True,True,True,36.34859800013146,True,4.617596999878515,True,raw_gray,True
813,0,inverted_color,False,False,True,18.826980999847365,True,3.3452889999807667,True,raw_gray,True
813,0,logo,True,True,True,28.961566000134553,True,4.251407999845469,True,raw_gray,True
813,0,styled,True,True,True,31.07578200001626,True,4.693781000014496,True,raw_gray,True
813,0,ascii,False,True,True,22.614273000044705,True,2.621235000106026,True,raw_gray,True
814,0,plain,True,True,True,29.869126999983564,True,3.9036630000737205,True,raw_gray,True
814,0,inverted_color,False,False,True,18.609720000085872,True,3.9193410000279982,True,raw_gray,True
814,0,logo,True,True,True,34.172129000126006,True,4.83486999996785,True,raw_gray,True
814,0,styled,True,True,True,37.20365200001652,True,6.417278000071747,True,raw_gray,True
814,0,ascii,False,False,True,18.713802000092983,True,3.853022999919631,True,raw_gray,True
815,0,plain,True,True,True,31.897458999992523,True,4.415823000044838,True,raw_gray,True
815,0,inverted_color,False,False,True,20.69044099994244,True,4.428771999982928,True,raw_gray,True
815,0,logo,True,True,True,36.811156999874584,True,4.903938000097696,True,raw_gray,True
815,0,styled,True,True,True,36.82119799987049,True,6.024879000051442,True,raw_gray,True
815,0,ascii,False,True,True,26.129280000077415,True,3.5706589999335847,True,raw_gray,True
816,0,plain,True,True,True,24.583239999856232,True,3.3086380001350335,True,raw_gray,True
816,0,inverted_color,False,False,True,33.51699099994221,True,3.3372299999427923,True,raw_gray,True
816,0,logo,True,True,True,34.287894000044616,True,4.818685999907757,True,raw_gray,True
816,0,styled,True,True,True,36.04901600010635,True,6.109818000140876,True,raw_gray,True
816,0,ascii,False,True,True,21.72522199998639,True,2.570203000004767,True,raw_gray,True
817,0,plain,True,True,True,24.230271999840625,True,3.1615739999324433,True,raw_gray,True
817,0,inverted_color,False,False,True,23.986671999864484,True,3.242313999862745,True,raw_gray,True
817,0,logo,True,True,True,30.00416200006839,True,4.156018000003314,True,raw_gray,True
817,0,styled,True,True,True,30.814396000096167,True,4.830406000110088,True,raw_gray,True
817,0,ascii,False,True,True,21.885165999947276,True,2.5740650000898313,True,raw_gray,True
818,0,plain,True,True,True,25.06223700015653,True,3.218068999785828,True,raw_gray,True
818,0,inverted_color,False,False,True,20.070187000101214,True,3.608150999980353,True,raw_gray,True
818,0,logo,True,True,True,35.57553099994948,True,4.823964000024716,True,raw_gray,True
818,0,styled,True,True,True,37.193501000047036,True,6.099692000134382,True,raw_gray,True
818,0,ascii,False,True,True,22.513570000000982,True,2.6334110000334476,True,raw_gray,True
819,0,plain,True,True,True,37.76842000002034,True,5.865862000064226,True,raw_gray,True
819,0,inverted_color,False,False,True,19.09577200012791,True,3.904631000068548,True,raw_gray,True
819,0,logo,True,True,True,36.28866500002914,True,4.766067999980805,True,raw_gray,True
819,0,styled,True,True,True,37.70635499995478,True,6.180689999837341,True,raw_gray,True
819,0,ascii,False,False,True,19.116200000098615,True,3.4103099999356346,True,raw_gray,True
820,0,plain,True,True,True,24.932887999966624,True,3.24145700005829,True,raw_gray,True
820,0,inverted_color,False,False,True,16.488876000039454,True,3.1546980001166958,True,raw_gray,True
820,0,logo,True,True,True,34.49104099991018,True,4.822674000024563,True,raw_gray,True
820,0,styled,True,True,True,36.80968599996959,True,6.016718000182664,True,raw_gray,True
820,0,ascii,False,False,True,17.108128999780092,True,2.914242999850103,True,raw_gray,True
821,0,plain,True,True,True,27.14068000000225,True,3.582256999834499,True,raw_gray,True
821,0,inverted_color,False,False,True,18.834533000017473,True,3.647680000085529,True,raw_gray,True
821,0,logo,True,True,True,31.42599199986762,True,4.590476999965176,True,raw_gray,True
821,0,styled,True,True,True,32.65170199983913,True,5.388853999875209,True,raw_gray,True
821,0,ascii,False,True,True,22.719886999993832,True,2.669830000058937,True,raw_gray,True
822,0,plain,True,False,True,33.861825000030876,True,3.2630200000767218,True,raw_gray,True
822,0,inverted_color,False,False,True,18.076117999953567,True,3.3361229998263298,True,raw_gray,True
822,0,logo,True,True,True,29.731575999903725,True,3.9950420000423037,True,raw_gray,True
822,0,styled,True,True,True,31.743536000021777,True,4.831856000009793,True,raw_gray,True
822,0,ascii,False,False,True,20.92249899988019,True,2.614372999914849,True,raw_gray,True
823,0,plain,True,True,True,29.172403000075064,True,3.9244510001026356,True,raw_gray,True
823,0,inverted_color,False,False,True,19.443109000121694,True,3.99001000005228,True,raw_gray,True
823,0,logo,True,True,True,37.152186999946935,True,4.763600999922346,True,raw_gray,True
823,0,styled,True,True,True,36.22623100000055,True,6.042791000027137,True,raw_gray,True
823,0,ascii,False,False,True,22.735704000069745,True,3.903522999962661,True,raw_gray,True
824,0,plain,True,True,True,31.899138999960996,True,4.790579999962574,True,raw_gray,True
824,0,inverted_color,False,False,True,20.03670899989629,True,3.979111000035118,True,raw_gray,True
824,0,logo,True,True,True,34.57480899987786,True,4.815667999992002,True,raw_gray,True
824,0,styled,True,True,True,37.710113999992245,True,6.111637000003611,True,raw_gray,True
824,0,ascii,False,True,True,25.807020000002012,True,3.4829769999760174,True,raw_gray,True
825,0,plain,True,True,True,36.17052300000978,True,5.759673000056864,True,raw_gray,True
825,0,inverted_color,False,False,True,33.70216600001186,True,3.9810830000988062,True,raw_gray,True
825,0,logo,True,True,True,38.64020099990739,True,5.564413999991302,True,raw_gray,True
825,0,styled,True,True,True,41.708113000140656,True,7.386838999991596,True,raw_gray,True
825,0,ascii,False,False,True,17.699104000030275,True,3.441069000018615,True,raw_gray,True
826,0,plain,True,True,True,29.741510000121707,True,4.093044999990525,True,raw_gray,True
826,0,inverted_color,False,False,True,18.970674000001964,True,4.137214000138556,True,raw_gray,True
826,0,logo,True,True,True,32.99904699997569,True,4.911128000003373,True,raw_gray,True
826,0,styled,True,True,True,35.15969199997926,True,6.013156999870262,True,raw_gray,True
826,0,ascii,False,False,True,20.494681000172932,True,3.4347179998803767,True,raw_gray,True
827,0,plain,True,True,True,28.939969000020938,True,3.950631999941834,True,raw_gray,True
827,0,inverted_color,False,False,True,19.205180999961158,True,3.9212749998114305,True,raw_gray,True
827,0,logo,True,False,True,28.83482299989737,True,4.798166000000492,True,raw_gray,True
827,0,styled,True,True,True,36.817012000028626,True,6.066846000067017,True,raw_gray,True
827,0,ascii,False,True,True,25.669865000054415,True,3.428713999937827,True,raw_gray,True
828,0,plain,True,True,True,29.04985800000759,True,4.037786000026244,True,raw_gray,True
828,0,inverted_color,False,False,True,18.95396300005814,True,3.993742000147904,True,raw_gray,True
828,0,logo,True,True,True,32.76032300004772,True,5.288789000132965,True,raw_gray,True
828,0,styled,True,True,True,35.26466900007108,True,6.0135369999443355,True,raw_gray,True
828,0,ascii,False,False,True,24.2309729999306,True,4.1449369998645125,True,raw_gray,True
829,0,plain,True,True,True,24.901017000047432,True,3.3473799999228504,True,raw_gray,True
829,0,inverted_color,False,False,True,17.173451999951794,True,3.3155539999825123,True,raw_gray,True
829,0,logo,True,True,True,29.811913000003187,True,4.045731000132946,True,raw_gray,True
829,0,styled,True,True,True,32.89531099994747,True,5.576138999913383,True,raw_gray,True
829,0,ascii,False,False,True,21.216892999973425,True,2.7185280000594503,True,raw_gray,True
830,0,plain,True,True,True,29.134741000007125,True,3.9932899999257643,True,raw_gray,True
830,0,inverted_color,False,False,True,19.39588499999445,True,4.10456599979625,True,raw_gray,True
830,0,logo,True,True,True,40.60963699998865,True,5.637174000185041,True,raw_gray,True
830,0,styled,True,True,True,42.52687700000024,True,7.332656000016868,True,raw_gray,True
830,0,ascii,False,True,True,34.149329999991096,True,4.980062999948132,True,raw_gray,True
831,0,plain,True,True,True,35.528186999954414,True,3.9268929999707325,True,raw_gray,True
831,0,inverted_color,False,False,True,18.564771999990626,True,3.938263999998526,True,raw_gray,True
831,0,logo,True,True,True,34.580688000005466,True,5.4291020001073775,True,raw_gray,True
831,0,styled,True,True,True,37.605828999858204,True,6.046738000122787,True,raw_gray,True
831,0,ascii,False,True,True,25.314288000117813,True,3.4635900001376285,True,raw_gray,True
832,0,plain,True,True,True,28.87173299995993,True,4.082688000153212,True,raw_gray,True
832,0,inverted_color,False,False,True,18.80390799988163,True,3.926073999991786,True,raw_gray,True
832,0,logo,True,True,True,34.73535300008734,True,4.7642879999330034,True,raw_gray,True
832,0,styled,True,True,True,37.066898999910336,True,5.929072000071756,True,raw_gray,True
832,0,ascii,False,True,True,25.25354099998367,True,3.379981000080079,True,raw_gray,True
833,0,plain,True,True,True,25.226432999943427,True,3.291668999963804,True,raw_gray,True
833,0,inverted_color,False,False,True,18.618448000097487,True,3.297763000091436,True,raw_gray,True
833,0,logo,True,True,True,29.7329269999409,True,4.082763000042178,True,raw_gray,True
833,0,styled,True,True,True,32.26297799983513,True,4.914654999993218,True,raw_gray,True
833,0,ascii,False,True,True,22.663037000029362,True,2.6055490000089776,True,raw_gray,True
834,0,plain,True,True,True,25.67467300013959,True,3.254716999890661,True,raw_gray,True
834,0,inverted_color,False,False,True,16.808536000098684,True,3.19355499982521,True,raw_gray,True
834,0,logo,True,True,True,29.662252000207445,True,3.984412000136217,True,raw_gray,True
834,0,styled,True,True,True,32.9458070000328,True,5.083785999886459,True,raw_gray,True
834,0,ascii,False,True,True,22.059248000005027,True,2.6290559999324614,True,raw_gray,True
835,0,plain,True,True,True,28.802758999972866,True,4.043112999852383,True,raw_gray,True
835,0,inverted_color,False,False,True,21.793663999915225,True,3.914408999889929,True,raw_gray,True
835,0,logo,True,True,True,38.67481900010716,True,5.044500999929369,True,raw_gray,True
835,0,styled,True,True,True,37.0318220000172,True,6.002635999948325,True,raw_gray,True
835,0,ascii,False,True,True,26.23725600005855,True,3.4243689999584603,True,raw_gray,True
836,0,plain,True,True,True,25.396080000064103,True,3.274757000099271,True,raw_gray,True
836,0,inverted_color,False,False,True,24.088702999961242,True,3.3374409999851196,True,raw_gray,True
836,0,logo,True,True,True,28.951601000017035,True,4.039972999862584,True,raw_gray,True
836,0,styled,True,True,True,31.667535999986285,True,5.088528999976916,True,raw_gray,True
836,0,ascii,False,True,True,23.286574999929144,True,6.087535999995453,True,raw_gray,True
837,0,plain,True,True,True,37.02594599985787,True,4.644416000019191,True,raw_gray,True
837,0,inverted_color,False,False,True,20.91048200009027,True,4.1357079999215784,True,raw_gray,True
837,0,logo,True,True,True,34.46140400001241,True,4.821855999807667,True,raw_gray,True
837,0,styled,True,True,True,36.637507000023106,True,6.046242000138591,True,raw_gray,True
837,0,ascii,False,False,True,20.727752999846416,True,3.504488000089623,True,raw_gray,True
838,0,plain,True,True,True,31.298952999804897,True,4.405611999800385,True,raw_gray,True
838,0,inverted_color,False,False,True,19.770938999954524,True,3.9012699999148026,True,raw_gray,True
838,0,logo,True,True,True,35.04934099987622,True,4.961068000056912,True,raw_gray,True
838,0,styled,True,True,True,36.11897700011468,True,6.1073699998814845,True,raw_gray,True
838,0,ascii,False,True,True,26.306860999966375,True,3.376750000143147,True,raw_gray,True
839,0,plain,True,True,True,25.690664999956425,True,3.159592999963934,True,raw_gray,True
839,0,inverted_color,False,False,True,17.22593899989988,True,3.210133000038695,True,raw_gray,True
839,0,logo,True,True,True,34.38100700009272,True,4.776142000082473,True,raw_gray,True
839,0,styled,True,True,True,37.11941200003821,True,6.033241999830352,True,raw_gray,True
839,0,ascii,False,True,True,22.34300700001768,True,2.574003000063385,True,raw_gray,True
840,0,plain,True,True,True,30.41163499983668,True,3.989232000094489,True,raw_gray,True
840,0,inverted_color,False,False,True,19.30734100005793,True,4.0698909999719035,True,raw_gray,True
840,0,logo,True,True,True,52.69542999985788,True,8.555886999829454,True,raw_gray,True
840,0,styled,True,True,True,66.26825400007874,True,11.496788999920682,True,raw_gray,True
840,0,ascii,False,True,True,42.34195300000465,True,5.006428999877244,True,raw_gray,True
841,0,plain,True,True,True,42.93862200006515,True,6.215062999899601,True,raw_gray,True
841,0,inverted_color,False,False,True,80.78714299995227,True,5.963204999943628,True,raw_gray,True
841,0,logo,True,True,True,50.955530000010185,True,7.419155999969007,True,raw_gray,True
841,0,styled,True,True,True,58.9551630000642,True,10.7423760000529,True,raw_gray,True
841,0,ascii,False,False,True,48.43671200001154,True,5.113078000022142,True,raw_gray,True
842,0,plain,True,True,True,41.2071170001127,True,6.131622999873798,True,raw_gray,True
842,0,inverted_color,False,False,True,29.334087000052023,True,5.992241000058129,True,raw_gray,True
842,0,logo,True,True,True,48.658568000064406,True,7.301088999838612,True,raw_gray,True
842,0,styled,True,True,True,51.32552999998552,True,9.409255000036865,True,raw_gray,True
842,0,ascii,False,True,True,36.77637600003436,True,5.162717000075645,True,raw_gray,True
843,0,plain,True,True,True,37.00744899992969,True,4.943470999933197,True,raw_gray,True
843,0,inverted_color,False,False,True,27.87040699990939,True,4.876049999893439,True,raw_gray,True
843,0,logo,True,True,True,42.04573900005926,True,6.031097999994017,True,raw_gray,True
843,0,styled,True,True,True,43.5502190000534,True,7.139170000073136,True,raw_gray,True
843,0,ascii,False,True,True,33.726248999983,True,4.217234999941866,True,raw_gray,True
844,0,plain,True,True,True,36.46297300019796,True,4.921120000062729,True,raw_gray,True
844,0,inverted_color,False,False,True,25.71571699991182,True,4.936214000053951,True,raw_gray,True
844,0,logo,True,True,True,41.776002000005974,True,6.625512000027811,True,raw_gray,True
844,0,styled,True,True,True,46.83554100006404,True,7.071590000123251,True,raw_gray,True
844,0,ascii,False,True,True,30.430891999913,True,4.299761999845941,True,raw_gray,True
845,0,plain,True,True,True,36.23995900011323,True,4.784504999861383,True,raw_gray,True
845,0,inverted_color,False,False,True,34.6017600002142,True,4.840351999973791,True,raw_gray,True
845,0,logo,True,True,True,41.209891000107746,True,6.108662999849912,True,raw_gray,True
845,0,styled,True,True,True,45.98187599981429,True,7.204651000165541,True,raw_gray,True
845,0,ascii,False,True,True,33.23358800003007,True,4.234274000054938,True,raw_gray,True
846,0,plain,True,True,True,42.38546399983534,True,6.010935999938738,True,raw_gray,True
846,0,inverted_color,False,False,True,53.23816700001771,True,6.602143000009164,True,raw_gray,True
846,0,logo,True,True,True,51.353996999978335,True,7.119861999854038,True,raw_gray,True
846,0,styled,True,True,True,52.779239999836136,True,8.954658999982712,True,raw_gray,True
846,0,ascii,False,False,True,30.598444999895946,True,5.1301060000241705,True,raw_gray,True
847,0,plain,True,True,True,43.12658399999236,True,6.094101999906343,True,raw_gray,True
847,0,inverted_color,False,False,True,28.330983999921955,True,6.059362000087276,True,raw_gray,True
847,0,logo,True,True,True,56.03705699991224,True,8.918098999856738,True,raw_gray,True
847,0,styled,True,True,True,61.044074999927034,True,11.33403900007579,True,raw_gray,True
847,0,ascii,False,False,True,36.65513399982956,True,5.222286999924108,True,raw_gray,True
848,0,plain,True,True,True,37.617494999949486,True,5.054624000194963,True,raw_gray,True
848,0,inverted_color,False,False,True,35.827330999836704,True,5.047137000019575,True,raw_gray,True
848,0,logo,True,True,True,44.88958199999615,True,5.2733180000359425,True,raw_gray,True
848,0,styled,True,True,True,44.41830300015681,True,7.311377999940305,True,raw_gray,True
848,0,ascii,False,True,True,34.011424000027546,True,4.274083999916911,True,raw_gray,True
849,0,plain,True,True,True,35.21890699994401,True,4.936849999921833,True,raw_gray,True
849,0,inverted_color,False,False,True,26.055705999851853,True,4.947669000102906,True,raw_gray,True
849,0,logo,True,True,True,43.469226999832244,True,6.056479000108084,True,raw_gray,True
849,0,styled,True,True,True,45.79509599989251,True,7.230803000084052,True,raw_gray,True
849,0,ascii,False,True,True,31.45395000001372,True,4.251901999850816,True,raw_gray,True
850,0,plain,True,True,True,37.90032000006249,True,5.06767300021238,True,raw_gray,True
850,0,inverted_color,False,False,True,23.841855000000578,True,4.945982999970511,True,raw_gray,True
850,0,logo,True,True,True,41.27908899999966,True,6.180107000091084,True,raw_gray,True
850,0,styled,True,True,True,50.09859699998742,True,9.580666000147176,True,raw_gray,True
850,0,ascii,False,False,True,33.00408099994456,True,4.718494999906397,True,raw_gray,True
851,0,plain,True,True,True,43.288614999937636,True,5.988077999973029,True,raw_gray,True
851,0,inverted_color,False,False,True,31.572653000011996,True,5.786550000038915,True,raw_gray,True
851,0,logo,True,True,True,57.39543100003175,True,10.06600999994589,True,raw_gray,True
851,0,styled,True,True,True,60.245860999884826,True,10.811873999955424,True,raw_gray,True
851,0,ascii,False,False,True,38.66472299978341,True,5.198497000037605,True,raw_gray,True
852,0,plain,True,True,True,37.10497099996246,True,6.251044000009642,True,raw_gray,True
852,0,inverted_color,False,False,True,26.887080000051355,True,4.613082000105351,True,raw_gray,True
852,0,logo,True,True,True,41.834007000034035,True,5.979466999860961,True,raw_gray,True
852,0,styled,True,True,True,45.68082599985246,True,7.953137999948012,True,raw_gray,True
852,0,ascii,False,True,True,34.865385999864884,True,4.264622000164309,True,raw_gray,True
853,0,plain,True,True,True,35.888385999896855,True,4.9210530000891595,True,raw_gray,True
853,0,inverted_color,False,False,True,21.82058199991843,True,3.229887999850689,True,raw_gray,True
853,0,logo,True,True,True,28.944280999894545,True,4.082516000153191,True,raw_gray,True
853,0,styled,True,True,True,31.180858999960037,True,4.9380969999219815,True,raw_gray,True
853,0,ascii,False,True,True,23.334827999860863,True,2.7040790000683046,True,raw_gray,True
854,0,plain,True,True,True,27.406485000028624,True,3.3462700000654877,True,raw_gray,True
854,0,inverted_color,False,False,True,16.901807999829543,True,3.237118000015471,True,raw_gray,True
854,0,logo,True,True,True,29.632241999934195,True,3.9443450000362645,True,raw_gray,True
854,0,styled,True,True,True,31.136609999975917,True,4.704065999931117,True,raw_gray,True
854,0,ascii,False,True,True,22.277939000105107,True,2.62705799991636,True,raw_gray,True
855,0,plain,True,True,True,28.62126700006229,True,4.023505000077421,True,raw_gray,True
855,0,inverted_color,False,False,True,19.126030000052197,True,4.41813599991292,True,raw_gray,True
855,0,logo,True,True,True,34.76425899998503,True,4.982388000144056,True,raw_gray,True
855,0,styled,True,True,True,36.66583900007936,True,5.897680000089167,True,raw_gray,True
855,0,ascii,False,True,True,25.455925999949613,True,3.4912099999928614,True,raw_gray,True
856,0,plain,True,True,True,30.480548000014096,True,4.7335799999927985,True,raw_gray,True
856,0,inverted_color,False,False,True,21.787318999940908,True,3.2475309999426827,True,raw_gray,True
856,0,logo,True,True,True,34.165536000045904,True,4.893437999953676,True,raw_gray,True
856,0,styled,True,True,True,36.544851999906314,True,5.971454000018639,True,raw_gray,True
856,0,ascii,False,True,True,22.593294999978752,True,2.7041539999572706,True,raw_gray,True
857,0,plain,True,True,True,24.710467999966568,True,3.293043999974543,True,raw_gray,True
857,0,inverted_color,False,False,True,29.434716000196204,True,3.2818510001106915,True,raw_gray,True
857,0,logo,True,True,True,34.68840799996542,True,4.950421000103233,True,raw_gray,True
857,0,styled,True,True,True,37.17197200012379,True,6.630923000102484,True,raw_gray,True
857,0,ascii,False,True,True,22.639318999836178,True,2.6854609998281376,True,raw_gray,True
858,0,plain,True,True,True,29.104411999924196,True,3.9754669999183534,True,raw_gray,True
858,0,inverted_color,False,False,True,31.875914000011107,True,4.496327999959249,True,raw_gray,True
858,0,logo,True,True,True,34.66018400013127,True,4.941993000102229,True,raw_gray,True
858,0,styled,True,True,True,37.337777999937316,True,6.2451050000618125,True,raw_gray,True
858,0,ascii,False,False,True,25.830126000073506,True,3.4424310001668346,True,raw_gray,True
859,0,plain,True,True,True,25.65918100003728,True,3.2993849999911617,True,raw_gray,True
859,0,inverted_color,False,False,True,23.87519500007329,True,3.2421650000742375,True,raw_gray,True
859,0,logo,True,True,True,34.93228500019541,True,5.0237970001489884,True,raw_gray,True
859,0,styled,True,True,True,37.963025999943056,True,7.795114000145986,True,raw_gray,True
859,0,ascii,False,True,True,23.270548000027702,True,2.5932749999810767,True,raw_gray,True
860,0,plain,True,True,True,30.44525799987241,True,4.0025759999480215,True,raw_gray,True
860,0,inverted_color,False,False,True,18.149746000062805,True,3.9388160000726202,True,raw_gray,True
860,0,logo,True,True,True,35.03309200004878,True,4.875779000030889,True,raw_gray,True
860,0,styled,True,True,True,38.88805399992634,True,6.140344999948866,True,raw_gray,True
860,0,ascii,False,False,True,19.47282399987671,True,4.185270999869317,True,raw_gray,True
861,0,plain,True,True,True,25.135672999795133,True,3.351626000039687,True,raw_gray,True
861,0,inverted_color,False,False,True,16.827983999974094,True,3.7145710000459076,True,raw_gray,True
861,0,logo,True,True,True,35.62299800000801,True,4.927675000089948,True,raw_gray,True
861,0,styled,True,True,True,38.510387000087576,True,6.113525000046138,True,raw_gray,True
861,0,ascii,False,True,True,31.550090000109776,True,4.344220000120913,True,raw_gray,True
862,0,plain,True,True,True,30.71858900011648,True,4.070460999855641,True,raw_gray,True
862,0,inverted_color,False,False,True,18.918294000059177,True,3.9567249998526677,True,raw_gray,True
862,0,logo,True,True,True,35.58005300010336,True,4.973715999994965,True,raw_gray,True
862,0,styled,True,True,True,37.75096200001826,True,6.0878609999690525,True,raw_gray,True
862,0,ascii,False,True,True,25.88348299991594,True,3.5386459999244835,True,raw_gray,True
863,0,plain,True,True,True,25.734548999935214,True,3.2706459999189974,True,raw_gray,True
863,0,inverted_color,False,False,True,26.383674000044266,True,3.3521640000344632,True,raw_gray,True
863,0,logo,True,True,True,34.15202699989095,True,4.9166900000727765,True,raw_gray,True
863,0,styled,True,True,True,37.76124000000891,True,7.105067000111376,True,raw_gray,True
863,0,ascii,False,False,True,18.222008000066126,True,2.645706000066639,True,raw_gray,True
864,0,plain,True,True,True,24.92987899995569,True,3.3828450000328303,True,raw_gray,True
864,0,inverted_color,False,False,True,17.385661999924196,True,3.2234689999768307,True,raw_gray,True
864,0,logo,True,True,True,34.39087899982951,True,4.87047799992979,True,raw_gray,True
864,0,styled,True,True,True,36.57334499985154,True,6.215704999931404,True,raw_gray,True
864,0,ascii,False,False,True,20.604175000016767,True,2.69472499985568,True,raw_gray,True
865,0,plain,True,True,True,28.89487100014776,True,4.253756000025533,True,raw_gray,True
865,0,inverted_color,False,False,True,19.668206999995164,True,4.055055999970136,True,raw_gray,True
865,0,logo,True,True,True,36.36143600010655,True,5.009669999935795,True,raw_gray,True
865,0,styled,True,True,True,37.44538699993427,True,6.144018999975742,True,raw_gray,True
865,0,ascii,False,True,True,25.25102900017373,True,3.6162549999971816,True,raw_gray,True
866,0,plain,True,True,True,29.710832999853665,True,3.9751560000240715,True,raw_gray,True
866,0,inverted_color,False,False,True,18.88554699985434,True,4.095571000107157,True,raw_gray,True
866,0,logo,True,True,True,40.039194999963,True,5.746319999843763,True,raw_gray,True
866,0,styled,True,True,True,43.13806999994085,True,7.489739999982703,True,raw_gray,True
866,0,ascii,False,True,True,25.697093999951903,True,3.496235000056913,True,raw_gray,True
867,0,plain,True,True,True,25.47319299992523,True,3.184270000019751,True,raw_gray,True
867,0,inverted_color,False,False,True,17.07447800004047,True,3.1955279998783226,True,raw_gray,True
867,0,logo,True,True,True,31.002675999843632,True,4.272018999927241,True,raw_gray,True
867,0,styled,True,True,True,48.289277000094444,True,7.080749999886393,True,raw_gray,True
867,0,ascii,False,True,True,22.954259000016464,True,2.6622430000315944,True,raw_gray,True
868,0,plain,True,True,True,30.348902000014277,True,4.019341999992321,True,raw_gray,True
868,0,inverted_color,False,False,True,18.908153000211314,True,3.9783949998764,True,raw_gray,True
868,0,logo,True,True,True,35.60347000006914,True,4.838949000031789,True,raw_gray,True
868,0,styled,True,True,True,38.14164100003836,True,6.151892999923803,True,raw_gray,True
868,0,ascii,False,False,True,18.599396000126944,True,3.6821950000103243,True,raw_gray,True
869,0,plain,True,True,True,25.182686000107424,True,3.2093980000809097,True,raw_gray,True
869,0,inverted_color,False,False,True,24.399366999887206,True,3.241546999788625,True,raw_gray,True
869,0,logo,True,True,True,32.26272799997787,True,4.5985720000771835,True,raw_gray,True
869,0,styled,True,True,True,31.64826800002629,True,4.908720999992511,True,raw_gray,True
869,0,ascii,False,True,True,22.296753999853536,True,2.581213999974352,True,raw_gray,True
870,0,plain,True,True,True,26.59728100002212,True,3.2970839999961754,True,raw_gray,True
870,0,inverted_color,False,False,True,16.65862400000151,True,3.2438399998682144,True,raw_gray,True
870,0,logo,True,True,True,29.248788999893804,True,4.243655999971452,True,raw_gray,True
870,0,styled,True,True,True,31.494461999955092,True,4.835591000073691,True,raw_gray,True
870,0,ascii,False,True,True,22.450857000194446,True,2.835185000094498,True,raw_gray,True
871,0,plain,True,True,True,29.569266999942556,True,3.944455000009839,True,raw_gray,True
871,0,inverted_color,False,False,True,20.32378399985646,True,4.032885000015085,True,raw_gray,True
871,0,logo,True,True,True,34.974486000010074,True,4.921685999988767,True,raw_gray,True
871,0,styled,True,True,True,38.7020510002003,True,6.351085000005696,True,raw_gray,True
871,0,ascii,False,True,True,25.354266000022108,True,3.608062000012069,True,raw_gray,True
872,0,plain,True,False,True,28.366864999952668,True,3.433309999991252,True,raw_gray,True
872,0,inverted_color,False,False,True,19.55149699983849,True,3.202576999910889,True,raw_gray,True
872,0,logo,True,True,True,30.80445399996279,True,4.004177000069831,True,raw_gray,True
872,0,styled,True,True,True,32.01354100019671,True,4.993450999791094,True,raw_gray,True
872,0,ascii,False,False,True,14.721671000188508,True,2.6468109999768785,True,raw_gray,True
873,0,plain,True,True,True,29.435078000005888,True,3.915283999958774,True,raw_gray,True
873,0,inverted_color,False,False,True,19.340033000162293,True,3.9833799999087205,True,raw_gray,True
873,0,logo,True,True,True,34.09777300021233,True,4.771425000171803,True,raw_gray,True
873,0,styled,True,True,True,37.27326099988204,True,8.815323000135322,True,raw_gray,True
873,0,ascii,False,True,True,33.869809000179885,True,3.4321900000122696,True,raw_gray,True
874,0,plain,True,True,True,25.30205399989427,True,3.348985000002358,True,raw_gray,True
874,0,inverted_color,False,False,True,18.122800000128336,True,3.272672000093735,True,raw_gray,True
874,0,logo,True,True,True,35.35782000017207,True,5.013403000020844,True,raw_gray,True
874,0,styled,True,True,True,37.71164699992369,True,6.25706200003151,True,raw_gray,True
874,0,ascii,False,True,True,23.15936199988755,True,2.7575599999636324,True,raw_gray,True
875,0,plain,True,True,True,29.208373999836112,True,4.405150999900798,True,raw_gray,True
875,0,inverted_color,False,False,True,20.19679099998939,True,4.613731000063126,True,raw_gray,True
875,0,logo,True,True,True,37.83028199995897,True,4.929696000090189,True,raw_gray,True
875,0,styled,True,True,True,38.69492899980287,True,6.765181999980996,True,raw_gray,True
875,0,ascii,False,True,True,27.70060999978341,True,3.8180779999947845,True,raw_gray,True
876,0,plain,True,True,True,27.598626999861153,True,3.646162999984881,True,raw_gray,True
876,0,inverted_color,False,False,True,18.84552599995004,True,3.6956270000700897,True,raw_gray,True
876,0,logo,True,True,True,31.193965000056778,True,4.553319000024203,True,raw_gray,True
876,0,styled,True,True,True,32.84299699998883,True,5.559199999879638,True,raw_gray,True
876,0,ascii,False,True,True,24.514167000006637,True,3.0874000001404056,True,raw_gray,True
877,0,plain,True,True,True,33.25824199987437,True,4.220153999995091,True,raw_gray,True
877,0,inverted_color,False,False,True,19.204549000050974,True,4.3287680000503315,True,raw_gray,True
877,0,logo,True,True,True,34.750403000089136,True,4.847029000075054,True,raw_gray,True
877,0,styled,True,True,True,37.24064400012139,True,5.977654999924198,True,raw_gray,True
877,0,ascii,False,True,True,25.213773000132278,True,3.4465979999822594,True,raw_gray,True
878,0,plain,True,True,True,29.689286999882825,True,4.03846400013208,True,raw_gray,True
878,0,inverted_color,False,False,True,18.492337999987285,True,3.9205609998589352,True,raw_gray,True
878,0,logo,True,True,True,34.20596499995554,True,4.784129999961806,True,raw_gray,True
878,0,styled,True,True,True,36.37424099997588,True,6.043230999921434,True,raw_gray,True
878,0,ascii,False,False,True,17.701376999866625,True,3.4015070000350534,True,raw_gray,True
879,0,plain,True,True,True,29.873959999804356,True,3.955713000095784,True,raw_gray,True
879,0,inverted_color,False,False,True,19.64850099989235,True,3.8945379999404395,True,raw_gray,True
879,0,logo,True,True,True,34.6634110001105,True,4.907446999823151,True,raw_gray,True
879,0,styled,True,True,True,52.809136999940165,True,6.450389000065115,True,raw_gray,True
879,0,ascii,False,False,True,17.442193000078987,True,3.3838790000118024,True,raw_gray,True
880,0,plain,True,True,True,25.039355999979307,True,3.2053699999323726,True,raw_gray,True
880,0,inverted_color,False,False,True,16.974014999959763,True,3.2432929999686166,True,raw_gray,True
880,0,logo,True,True,True,29.047849999869868,True,4.227261999858456,True,raw_gray,True
880,0,styled,True,True,True,32.82063799997559,True,5.358259999866277,True,raw_gray,True
880,0,ascii,False,True,True,23.132431000021825,True,2.573909000147978,True,raw_gray,True
881,0,plain,True,True,True,32.907447999832584,True,4.0301589999671705,True,raw_gray,True
881,0,inverted_color,False,False,True,21.612391000189746,True,3.9875160000519827,True,raw_gray,True
881,0,logo,True,True,True,33.66468099989106,True,4.795051999963107,True,raw_gray,True
881,0,styled,True,True,True,36.12498000006781,True,5.8921160000409145,True,raw_gray,True
881,0,ascii,False,False,True,23.755433000133053,True,3.4165080001002934,True,raw_gray,True
882,0,plain,True,True,True,26.466000000027634,True,3.2165570000870503,True,raw_gray,True
882,0,inverted_color,False,False,True,18.80054299999756,True,3.2218430001194065,True,raw_gray,True
882,0,logo,True,True,True,28.60010099993815,True,4.018820000055712,True,raw_gray,True
882,0,styled,True,True,True,30.665373999909207,True,4.837699000063367,True,raw_gray,True
882,0,ascii,False,True,True,25.098283000033916,True,2.614491000031194,True,raw_gray,True
883,0,plain,True,True,True,25.74627499984672,True,3.261696999970809,True,raw_gray,True
883,0,inverted_color,False,False,True,31.403087999933632,True,3.2996889999594714,True,raw_gray,True
883,0,logo,True,True,True,28.855650999958016,True,4.054699000107576,True,raw_gray,True
883,0,styled,True,True,True,30.335890000060317,True,4.881050999983927,True,raw_gray,True
883,0,ascii,False,False,True,14.735174999941592,True,2.6299119999748655,True,raw_gray,True
884,0,plain,True,True,True,24.680183999862493,True,3.1922209998356266,True,raw_gray,True
884,0,inverted_color,False,False,True,17.959371999950235,True,3.6412060001111968,True,raw_gray,True
884,0,logo,True,True,True,34.828534999860494,True,4.884905000153594,True,raw_gray,True
884,0,styled,True,True,True,35.56541400007518,True,5.95222299989473,True,raw_gray,True
884,0,ascii,False,False,True,14.711891999922955,True,2.5541959998918173,True,raw_gray,True
885,0,plain,True,True,True,31.96214699983102,True,4.70955699984188,True,raw_gray,True
885,0,inverted_color,False,False,True,42.3410349999358,True,4.0270419999615115,True,raw_gray,True
885,0,logo,True,True,True,35.19358300013664,True,4.877836000105162,True,raw_gray,True
885,0,styled,True,True,True,41.17427200003476,True,8.69811600000503,True,raw_gray,True
885,0,ascii,False,False,True,32.68699899990679,True,3.444477000130064,True,raw_gray,True
886,0,plain,True,True,True,29.53887100011343,True,4.019495999955325,True,raw_gray,True
886,0,inverted_color,False,False,True,18.9824960000351,True,5.015678000063417,True,raw_gray,True
886,0,logo,True,True,True,35.300529999858554,True,4.889097000159381,True,raw_gray,True
886,0,styled,True,True,True,38.92642400001023,True,7.023257000128069,True,raw_gray,True
886,0,ascii,False,False,True,21.694398999898112,True,3.4581080001316877,True,raw_gray,True
887,0,plain,True,True,True,29.249422000020786,True,4.019199999902412,True,raw_gray,True
887,0,inverted_color,False,False,True,18.67977899996731,True,3.945099000020491,True,raw_gray,True
887,0,logo,True,True,True,34.98602700005904,True,4.823717999897781,True,raw_gray,True
887,0,styled,True,True,True,37.64232399998946,True,6.097614999816869,True,raw_gray,True
887,0,ascii,False,True,True,25.48628399995323,True,3.336602999979732,True,raw_gray,True
888,0,plain,True,True,True,25.54324900006577,True,3.171385000086957,True,raw_gray,True
888,0,inverted_color,False,False,True,29.11012300000948,True,3.2259949998660886,True,raw_gray,True
888,0,logo,True,False,True,37.784843000054025,True,5.080548000023555,True,raw_gray,True
888,0,styled,True,True,True,36.85526799995387,True,6.009034000044267,True,raw_gray,True
888,0,ascii,False,True,True,22.56053500013877,True,2.624474999947779,True,raw_gray,True
889,0,plain,True,True,True,28.74039899984382,True,4.00286099988989,True,raw_gray,True
889,0,inverted_color,False,False,True,36.47629500005678,True,4.5768410000164295,True,raw_gray,True
889,0,logo,True,True,True,38.627249999990454,True,5.871605000038471,True,raw_gray,True
889,0,styled,True,True,True,40.96580800000993,True,6.998895999913657,True,raw_gray,True
889,0,ascii,False,False,True,19.01040000007015,True,3.9895639999940613,True,raw_gray,True
890,0,plain,True,True,True,25.84737100005441,True,3.2117600001129176,True,raw_gray,True
890,0,inverted_color,False,False,True,17.50249199994869,True,3.168130000176461,True,raw_gray,True
890,0,logo,True,True,True,29.02627800017399,True,4.169157999967865,True,raw_gray,True
890,0,styled,True,True,True,31.49370000005547,True,4.879854000137129,True,raw_gray,True
890,0,ascii,False,False,True,15.26719100002083,True,2.6376630000868317,True,raw_gray,True
891,0,plain,True,True,True,30.409922999979244,True,3.977252999902703,True,raw_gray,True
891,0,inverted_color,False,False,True,19.057468000028166,True,4.008729000133826,True,raw_gray,True
891,0,logo,True,True,True,38.31466800011185,True,7.300445000055333,True,raw_gray,True
891,0,styled,True,True,True,42.9487919998337,True,6.361021999964578,True,raw_gray,True
891,0,ascii,False,False,True,26.09257299991441,True,3.4492319998662424,True,raw_gray,True
892,0,plain,True,True,True,25.051472999848556,True,3.2232070000191015,True,raw_gray,True
892,0,inverted_color,False,False,True,26.710827999977482,True,3.7123439999504626,True,raw_gray,True
892,0,logo,True,True,True,30.010347999905207,True,3.9664610001182155,True,raw_gray,True
892,0,styled,True,True,True,30.375963000096817,True,5.060444999799074,True,raw_gray,True
892,0,ascii,False,True,True,21.311078000053385,True,2.5836190000063652,True,raw_gray,True
893,0,plain,True,True,True,29.211183999905188,True,4.063838999854852,True,raw_gray,True
893,0,inverted_color,False,False,True,36.922246999893105,True,4.000785000016549,True,raw_gray,True
893,0,logo,True,True,True,34.107168999980786,True,4.895637999879909,True,raw_gray,True
893,0,styled,True,True,True,36.962103999940155,True,5.953326000053494,True,raw_gray,True
893,0,ascii,False,True,True,25.54838700007167,True,3.440167000007932,True,raw_gray,True
894,0,plain,True,True,True,27.36028999993323,True,3.4359040000708774,True,raw_gray,True
894,0,inverted_color,False,False,True,17.37356700004966,True,3.337013999953342,True,raw_gray,True
894,0,logo,True,True,True,35.06030100015778,True,4.842704999873604,True,raw_gray,True
894,0,styled,True,True,True,37.3698850000892,True,5.991157999915231,True,raw_gray,True
894,0,ascii,False,True,True,22.98660899987226,True,2.6469429999451677,True,raw_gray,True
895,0,plain,True,True,True,25.434142999984033,True,3.2772690001365845,True,raw_gray,True
895,0,inverted_color,False,False,True,17.198979000113468,True,3.4151290001318557,True,raw_gray,True
895,0,logo,True,True,True,28.878728999870873,True,4.03168499997264,True,raw_gray,True
895,0,styled,True,True,True,30.48192799997196,True,4.752162999920984,True,raw_gray,True
895,0,ascii,False,True,True,22.368281000126444,True,2.6405739999972866,True,raw_gray,True
896,0,plain,True,True,True,28.51547699992807,True,3.9649269999699754,True,raw_gray,True
896,0,inverted_color,False,False,True,18.83772900009717,True,4.056915999854027,True,raw_gray,True
896,0,logo,True,True,True,34.475203000056354,True,4.816733000097884,True,raw_gray,True
896,0,styled,True,True,True,37.589890999925046,True,6.12579700009519,True,raw_gray,True
896,0,ascii,False,False,True,20.87781599993832,True,3.407261999882394,True,raw_gray,True
897,0,plain,True,True,True,25.639221999881556,True,3.202372000032483,True,raw_gray,True
897,0,inverted_color,False,False,True,17.532042000084402,True,3.4074130001044978,True,raw_gray,True
897,0,logo,True,True,True,38.21894599991538,True,7.463205000021844,True,raw_gray,True
897,0,styled,True,True,True,43.058546000111164,True,6.016150000050402,True,raw_gray,True
897,0,ascii,False,False,True,21.097022000049037,True,2.5792120000005525,True,raw_gray,True
898,0,plain,True,True,True,31.787784000016472,True,4.538843000091219,True,raw_gray,True
898,0,inverted_color,False,False,True,21.9524960000399,True,4.05237500012845,True,raw_gray,True
898,0,logo,True,True,True,40.199973999961,True,5.598549999831448,True,raw_gray,True
898,0,styled,True,True,True,42.483534000211876,True,7.109215000127733,True,raw_gray,True
898,0,ascii,False,True,True,25.558528999908958,True,3.4639759999208763,True,raw_gray,True
899,0,plain,True,True,True,29.04961300009745,True,4.009941000049366,True,raw_gray,True
899,0,inverted_color,False,False,True,24.36922499987304,True,3.9774960000613646,True,raw_gray,True
899,0,logo,True,True,True,35.30924000006053,True,4.889416999958485,True,raw_gray,True
899,0,styled,True,True,True,39.57213800003956,True,6.063318999849798,True,raw_gray,True
899,0,ascii,False,False,True,25.55229299991879,True,3.600735999953031,True,raw_gray,True
900,0,plain,True,True,True,25.314194999964457,True,3.4455350000826,True,raw_gray,True
900,0,inverted_color,False,False,True,18.11746399994263,True,3.2700609999665176,True,raw_gray,True
900,0,logo,True,True,True,28.795865999882153,True,4.036464999899181,True,raw_gray,True
900,0,styled,True,True,True,31.550057000004017,True,4.774659000077008,True,raw_gray,True
900,0,ascii,False,False,True,23.432308999872475,True,2.697441999998773,True,raw_gray,True
901,0,plain,True,True,True,28.449457000078837,True,3.9062770001692115,True,raw_gray,True
901,0,inverted_color,False,False,True,18.602102999921044,True,4.080441000041901,True,raw_gray,True
901,0,logo,True,True,True,38.97433100019043,True,5.578076999881887,True,raw_gray,True
901,0,styled,True,True,True,41.93810299989309,True,7.590557999947123,True,raw_gray,True
901,0,ascii,False,False,True,21.443026000042664,True,3.4701619999850664,True,raw_gray,True
902,0,plain,True,True,True,25.490207000075316,True,3.285939000079452,True,raw_gray,True
902,0,inverted_color,False,False,True,16.43189300011727,True,3.2167780000236235,True,raw_gray,True
902,0,logo,True,True,True,29.74933299992699,True,4.107453000187888,True,raw_gray,True
902,0,styled,True,True,True,30.821913999943717,True,4.808499000091615,True,raw_gray,True
902,0,ascii,False,True,True,22.816528000021208,True,2.759276000006139,True,raw_gray,True
903,0,plain,True,True,True,26.772390000132873,True,3.2672610000190616,True,raw_gray,True
903,0,inverted_color,False,False,True,17.097133000106624,True,3.2420320001165237,True,raw_gray,True
903,0,logo,True,True,True,40.51218499989773,True,5.856897999819921,True,raw_gray,True
903,0,styled,True,True,True,30.607642999939344,True,5.681992999825525,True,raw_gray,True
903,0,ascii,False,True,True,24.77413900010106,True,2.664490999904956,True,raw_gray,True
904,0,plain,True,True,True,25.341878000062934,True,3.278422999983377,True,raw_gray,True
904,0,inverted_color,False,False,True,30.608517000018765,True,3.256942000007257,True,raw_gray,True
904,0,logo,True,True,True,34.28645400003916,True,4.850135999959093,True,raw_gray,True
904,0,styled,True,True,True,36.449146999984805,True,6.119375000025684,True,raw_gray,True
904,0,ascii,False,True,True,22.351434000029258,True,2.5911510001606075,True,raw_gray,True
905,0,plain,True,True,True,29.083827999784262,True,3.965909999806172,True,raw_gray,True
905,0,inverted_color,False,False,True,18.977191999965726,True,3.8709180000751076,True,raw_gray,True
905,0,logo,True,True,True,34.856283999943116,True,5.197035000037431,True,raw_gray,True
905,0,styled,True,True,True,37.52690700002859,True,5.913329999884809,True,raw_gray,True
905,0,ascii,False,False,True,17.84175300008428,True,3.4828440000183036,True,raw_gray,True
906,0,plain,True,True,True,28.442772000062178,True,3.8838699999814708,True,raw_gray,True
906,0,inverted_color,False,False,True,27.166914999952496,True,3.8612979999470554,True,raw_gray,True
906,0,logo,True,True,True,34.261010000136594,True,5.24612200001684,True,raw_gray,True
906,0,styled,True,True,True,38.62841700015451,True,5.917643999964639,True,raw_gray,True
906,0,ascii,False,True,True,26.085194999950545,True,3.38028100009069,True,raw_gray,True
907,0,plain,True,True,True,29.27598099995521,True,4.145537000113109,True,raw_gray,True
907,0,inverted_color,False,False,True,18.926470999986122,True,3.827404999810824,True,raw_gray,True
907,0,logo,True,True,True,35.40771899997708,True,5.166498999869873,True,raw_gray,True
907,0,styled,True,True,True,41.16823499998645,True,6.946236999965549,True,raw_gray,True
907,0,ascii,False,False,True,26.481431000092925,True,3.39677700003449,True,raw_gray,True
908,0,plain,True,True,True,27.973255999995672,True,4.00268899988987,True,raw_gray,True
908,0,inverted_color,False,False,True,18.88142500001777,True,3.979568999966432,True,raw_gray,True
908,0,logo,True,True,True,39.663836000045194,True,5.873928000028172,True,raw_gray,True
908,0,styled,True,True,True,42.30060599979879,True,7.1628390001023945,True,raw_gray,True
908,0,ascii,False,False,True,16.68229799997789,True,4.282922999891525,True,raw_gray,True
909,0,plain,True,True,True,26.628414000015255,True,4.796106999947369,True,raw_gray,True
909,0,inverted_color,False,False,True,26.186304000020755,True,3.5162100000434293,True,raw_gray,True
909,0,logo,True,True,True,36.4768990000357,True,4.8924430000170105,True,raw_gray,True
909,0,styled,True,True,True,36.63208300008591,True,5.832852999901661,True,raw_gray,True
909,0,ascii,False,False,True,21.776075999923705,True,2.9485990000921447,True,raw_gray,True
910,0,plain,True,True,True,35.964400000011665,True,7.214495999960491,True,raw_gray,True
910,0,inverted_color,False,False,True,31.883145999927365,True,5.982531999961793,True,raw_gray,True
910,0,logo,True,True,True,52.56375499993737,True,7.208113999922716,True,raw_gray,True
910,0,styled,True,True,True,52.18033500000274,True,12.642085999914343,True,raw_gray,True
910,0,ascii,False,True,True,38.440299000058076,True,5.156885999895167,True,raw_gray,True
911,0,plain,True,True,True,35.66777499986529,True,5.006917999935467,True,raw_gray,True
911,0,inverted_color,False,False,True,69.27844400001959,True,5.000574000177949,True,raw_gray,True
911,0,logo,True,True,True,50.34803299986379,True,7.3614580001049035,True,raw_gray,True
911,0,styled,True,True,True,50.78642300009051,True,9.105548000206909,True,raw_gray,True
911,0,ascii,False,False,True,42.15778999991926,True,4.349168000089776,True,raw_gray,True
912,0,plain,True,True,True,37.22769899991363,True,4.796128000180033,True,raw_gray,True
912,0,inverted_color,False,False,True,29.93158799995399,True,4.933685000196419,True,raw_gray,True
912,0,logo,True,True,True,41.28660200012746,True,5.954207999820937,True,raw_gray,True
912,0,styled,True,True,True,43.61358599999221,True,7.2844789999635395,True,raw_gray,True
912,0,ascii,False,True,True,32.59541899979013,True,4.264532999968651,True,raw_gray,True
913,0,plain,True,True,True,43.63993199990546,True,6.061980000140466,True,raw_gray,True
913,0,inverted_color,False,False,True,29.572185000006357,True,6.1945639999976265,True,raw_gray,True
913,0,logo,True,True,True,64.25916899979711,True,7.450057999903947,True,raw_gray,True
913,0,styled,True,True,True,55.60628000012002,True,10.205390000010084,True,raw_gray,True
913,0,ascii,False,True,True,38.34431699988272,True,5.060799999910159,True,raw_gray,True
914,0,plain,True,True,True,35.781532000100924,True,4.903323000007731,True,raw_gray,True
914,0,inverted_color,False,False,True,27.427653999893664,True,4.8358219999045104,True,raw_gray,True
914,0,logo,True,True,True,42.3731600001247,True,6.2338319999071246,True,raw_gray,True
914,0,styled,True,True,True,48.21133099994768,True,7.26770200003557,True,raw_gray,True
914,0,ascii,False,False,True,30.93486599982498,True,4.26985799981594,True,raw_gray,True
915,0,plain,True,True,True,36.65163100004065,True,4.903553000076499,True,raw_gray,True
915,0,inverted_color,False,False,True,25.91331100006755,True,4.969975999983944,True,raw_gray,True
915,0,logo,True,True,True,42.44296199999553,True,6.08535799983656,True,raw_gray,True
915,0,styled,True,True,True,45.0360320000982,True,7.192877999841585,True,raw_gray,True
915,0,ascii,False,False,True,25.119328000073438,True,4.466026999807582,True,raw_gray,True
916,0,plain,True,True,True,42.49547499989603,True,6.066106000162108,True,raw_gray,True
916,0,inverted_color,False,False,True,29.392069000095944,True,6.0673899999983405,True,raw_gray,True
916,0,logo,True,True,True,50.28752700013683,True,8.494479000091815,True,raw_gray,True
916,0,styled,True,True,True,53.14482699986911,True,10.088320000022577,True,raw_gray,True
916,0,ascii,False,False,True,27.982080000128917,True,5.330232000005708,True,raw_gray,True
917,0,plain,True,True,True,42.34318399994663,True,6.125339999925927,True,raw_gray,True
917,0,inverted_color,False,False,True,29.308398000011948,True,6.175148000011177,True,raw_gray,True
917,0,logo,True,True,True,53.45024600001125,True,8.264942000096198,True,raw_gray,True
917,0,styled,True,True,True,55.251230999829204,True,9.504574999937176,True,raw_gray,True
917,0,ascii,False,True,True,43.53536799999347,True,6.252782999808915,True,raw_gray,True
918,0,plain,True,True,True,39.95662700003777,True,4.776047000177641,True,raw_gray,True
918,0,inverted_color,False,False,True,42.68048599988106,True,4.915130000199497,True,raw_gray,True
918,0,logo,True,True,True,41.276067000126204,True,5.477085999928022,True,raw_gray,True
918,0,styled,True,True,True,44.058313000050475,True,7.121609000023454,True,raw_gray,True
918,0,ascii,False,True,True,34.7022939999988,True,4.142245999901206,True,raw_gray,True
919,0,plain,True,True,True,40.42587899994032,True,5.807042000014917,True,raw_gray,True
919,0,inverted_color,False,False,True,32.450017999963165,True,5.886439000050814,True,raw_gray,True
919,0,logo,True,True,True,50.48397699988527,True,7.338507999975263,True,raw_gray,True
919,0,styled,True,True,True,53.902769999922384,True,9.022948000165343,True,raw_gray,True
919,0,ascii,False,True,True,36.34086000010939,True,4.974885000137874,True,raw_gray,True
920,0,plain,True,True,True,41.645003999974506,True,6.02873399998316,True,raw_gray,True
920,0,inverted_color,False,False,True,57.81999000009819,True,6.349193999994895,True,raw_gray,True
920,0,logo,True,True,True,50.43563499998527,True,7.33609200005958,True,raw_gray,True
920,0,styled,True,True,True,54.96132500002204,True,10.741156999984014,True,raw_gray,True
920,0,ascii,False,False,True,34.41277800015996,True,5.0001829999928304,True,raw_gray,True
921,0,plain,True,True,True,41.436079000050086,True,4.6372219999284425,True,raw_gray,True
921,0,inverted_color,False,False,True,29.934758000081274,True,4.696625999940807,True,raw_gray,True
921,0,logo,True,True,True,40.075300000125935,True,5.924781999965489,True,raw_gray,True
921,0,styled,True,True,True,47.04231699997763,True,7.577175000051284,True,raw_gray,True
921,0,ascii,False,False,True,23.83645500003695,True,4.991592999886052,True,raw_gray,True
922,0,plain,True,True,True,36.16402900001958,True,4.765335000001869,True,raw_gray,True
922,0,inverted_color,False,False,True,27.53523100000166,True,4.725187000076403,True,raw_gray,True
922,0,logo,True,True,True,50.11443199987298,True,7.603477000202474,True,raw_gray,True
922,0,styled,True,True,True,52.852159000167376,True,9.520827999949688,True,raw_gray,True
922,0,ascii,False,True,True,32.18470499996329,True,2.801246999979412,True,raw_gray,True
923,0,plain,True,True,True,28.692312999964997,True,3.9971789999526663,True,raw_gray,True
923,0,inverted_color,False,False,True,19.249918000014077,True,3.9778880000085337,True,raw_gray,True
923,0,logo,True,True,True,34.22517800004243,True,4.874744999824543,True,raw_gray,True
923,0,styled,True,True,True,36.846976000106224,True,6.0929960000066785,True,raw_gray,True
923,0,ascii,False,False,True,17.76850800001739,True,3.48636700005045,True,raw_gray,True
924,0,plain,True,True,True,29.26577199991698,True,3.9331390000825195,True,raw_gray,True
924,0,inverted_color,False,False,True,24.66281300007722,True,4.088332999799604,True,raw_gray,True
924,0,logo,True,True,True,35.537266000119416,True,5.023685999958616,True,raw_gray,True
924,0,styled,True,True,True,38.227685000038036,True,6.017662999965978,True,raw_gray,True
924,0,ascii,False,False,True,25.553531000014118,True,3.4090159999777825,True,raw_gray,True
925,0,plain,True,True,True,25.953860000072382,True,3.2792229999358824,True,raw_gray,True
925,0,inverted_color,False,False,True,17.120435999913752,True,3.235109000115699,True,raw_gray,True
925,0,logo,True,True,True,28.988024000000223,True,3.9782809999451274,True,raw_gray,True
925,0,styled,True,True,True,30.772934999959034,True,4.79510900004243,True,raw_gray,True
925,0,ascii,False,True,True,22.45601100003114,True,2.5800059997891367,True,raw_gray,True
926,0,plain,True,True,True,29.24261899988778,True,3.9360759999453876,True,raw_gray,True
926,0,inverted_color,False,False,True,20.071774999905756,True,3.920460000017556,True,raw_gray,True
926,0,logo,True,True,True,38.12241100013125,True,5.5909479999627365,True,raw_gray,True
926,0,styled,True,True,True,37.16870700009167,True,5.888133000098605,True,raw_gray,True
926,0,ascii,False,True,True,25.628917999938494,True,3.42896600000131,True,raw_gray,True
927,0,plain,True,True,True,29.199698999946122,True,4.008689999864146,True,raw_gray,True
927,0,inverted_color,False,False,True,18.58754700015197,True,3.992063999930906,True,raw_gray,True
927,0,logo,True,True,True,34.712353000031726,True,4.904455000087182,True,raw_gray,True
927,0,styled,True,True,True,37.05916400008391,True,6.212430999994467,True,raw_gray,True
927,0,ascii,False,False,True,17.943181999953595,True,3.4296979999908217,True,raw_gray,True
928,0,plain,True,True,True,29.17910600012874,True,4.549601000007897,True,raw_gray,True
928,0,inverted_color,False,False,True,38.19739599998684,True,4.1550480000296375,True,raw_gray,True
928,0,logo,True,True,True,36.101010000038514,True,4.872939000051701,True,raw_gray,True
928,0,styled,True,True,True,35.90043999997761,True,5.9156750000965985,True,raw_gray,True
928,0,ascii,False,True,True,25.206303999993906,True,3.581046000135757,True,raw_gray,True
929,0,plain,True,True,True,29.08557299997483,True,3.9464950000365207,True,raw_gray,True
929,0,inverted_color,False,False,True,19.98775100014427,True,3.925116999880629,True,raw_gray,True
929,0,logo,True,True,True,32.70790900000975,True,4.920195000067906,True,raw_gray,True
929,0,styled,True,True,True,35.21819200000209,True,6.031744999972943,True,raw_gray,True
929,0,ascii,False,True,True,25.977205999879516,True,3.4319760000016686,True,raw_gray,True
930,0,plain,True,True,True,28.190325999958077,True,4.128163999894241,True,raw_gray,True
930,0,inverted_color,False,False,True,20.8924629998819,True,4.0589979998912895,True,raw_gray,True
930,0,logo,True,True,True,34.13488599994707,True,4.958470000019588,True,raw_gray,True
930,0,styled,True,True,True,36.14987200012365,True,5.945580999878075,True,raw_gray,True
930,0,ascii,False,True,True,25.569443999984287,True,3.3735460001480533,True,raw_gray,True
931,0,plain,True,True,True,25.386022999782654,True,3.267063000066628,True,raw_gray,True
931,0,inverted_color,False,False,True,17.189094000059413,True,3.3254580000630085,True,raw_gray,True
931,0,logo,True,True,True,29.03400800005329,True,3.8868219999130815,True,raw_gray,True
931,0,styled,True,True,True,30.698523999944882,True,4.773211999918203,True,raw_gray,True
931,0,ascii,False,False,True,16.27772400001959,True,2.758773000095971,True,raw_gray,True
932,0,plain,True,True,True,26.45013299979837,True,3.9723080001294875,True,raw_gray,True
932,0,inverted_color,False,False,True,19.304541999872527,True,3.4800260000338312,True,raw_gray,True
932,0,logo,True,True,True,34.728376999964894,True,5.002586000045994,True,raw_gray,True
932,0,styled,True,True,True,37.72807599989392,True,6.192547999944509,True,raw_gray,True
932,0,ascii,False,False,True,14.89262600011898,True,2.5739010000052076,True,raw_gray,True
933,0,plain,True,True,True,25.73045400004048,True,3.2331939999039605,True,raw_gray,True
933,0,inverted_color,False,False,True,17.115377999971315,True,3.2583289998910914,True,raw_gray,True
933,0,logo,True,True,True,29.710845999943558,True,4.055841999843324,True,raw_gray,True
933,0,styled,True,True,True,31.41539099988222,True,4.811621000044397,True,raw_gray,True
933,0,ascii,False,True,True,23.20784200014714,True,2.640298000187613,True,raw_gray,True
934,0,plain,True,True,True,25.22502499982693,True,3.3112789999449888,True,raw_gray,True
934,0,inverted_color,False,False,True,33.168122000006406,True,4.8666879999927914,True,raw_gray,True
934,0,logo,True,True,True,41.539146000104665,True,4.8105339999438,True,raw_gray,True
934,0,styled,True,True,True,36.558561999981976,True,5.851859000131299,True,raw_gray,True
934,0,ascii,False,False,True,19.947070999933203,True,2.5956859999496373,True,raw_gray,True
935,0,plain,True,True,True,25.56204200004686,True,3.5779039999397355,True,raw_gray,True
935,0,inverted_color,False,False,True,16.49044300006608,True,3.246662000037759,True,raw_gray,True
935,0,logo,True,True,True,29.22041400006492,True,4.036455000004935,True,raw_gray,True
935,0,styled,True,True,True,30.719198000042525,True,4.791972000020905,True,raw_gray,True
935,0,ascii,False,True,True,22.309286999870892,True,2.734651000082522,True,raw_gray,True
936,0,plain,True,True,True,25.419302000045718,True,3.3146129999295226,True,raw_gray,True
936,0,inverted_color,False,False,True,48.825656999952116,True,3.182543999855625,True,raw_gray,True
936,0,logo,True,True,True,35.09972500000913,True,4.75268800005324,True,raw_gray,True
936,0,styled,True,True,True,37.5663639999857,True,6.4171609999448265,True,raw_gray,True
936,0,ascii,False,False,True,15.778693000129351,True,2.6664380000056553,True,raw_gray,True
937,0,plain,True,True,True,29.837903000043298,True,4.097266999906424,True,raw_gray,True
937,0,inverted_color,False,False,True,19.4581369999014,True,3.8979870000730443,True,raw_gray,True
937,0,logo,True,True,True,33.84264099986467,True,4.890460999831703,True,raw_gray,True
937,0,styled,True,True,True,35.31629200006137,True,7.142809000015404,True,raw_gray,True
937,0,ascii,False,False,True,24.66579599990837,True,3.9556189999530034,True,raw_gray,True
938,0,plain,True,True,True,31.406644000071537,True,3.9508750001004955,True,raw_gray,True
938,0,inverted_color,False,False,True,20.042616999944585,True,4.041104999942036,True,raw_gray,True
938,0,logo,True,True,True,32.40036900001542,True,4.902658999981213,True,raw_gray,True
938,0,styled,True,True,True,34.59645699990688,True,5.895608999935575,True,raw_gray,True
938,0,ascii,False,False,True,25.26881699986916,True,3.460049000068466,True,raw_gray,True
939,0,plain,True,True,True,25.57556800002203,True,3.1776949999766657,True,raw_gray,True
939,0,inverted_color,False,False,True,16.747559999885198,True,3.297938999821781,True,raw_gray,True
939,0,logo,True,True,True,35.19702499988853,True,4.83761600003163,True,raw_gray,True
939,0,styled,True,True,True,36.93067200015321,True,6.07604599986189,True,raw_gray,True
939,0,ascii,False,False,True,20.943894000083674,True,2.616859999989174,True,raw_gray,True
940,0,plain,True,True,True,29.194288000098823,True,4.094472999895515,True,raw_gray,True
940,0,inverted_color,False,False,True,29.838522999853012,True,5.809678000105123,True,raw_gray,True
940,0,logo,True,True,True,35.339367999995375,True,4.765107000139324,True,raw_gray,True
940,0,styled,True,True,True,39.77244300017446,True,6.192670999780603,True,raw_gray,True
940,0,ascii,False,True,True,26.531471999987843,True,3.445908000003328,True,raw_gray,True
941,0,plain,True,True,True,29.46559699989848,True,3.976215999955457,True,raw_gray,True
941,0,inverted_color,False,False,True,19.331659000044965,True,4.0940970000065136,True,raw_gray,True
941,0,logo,True,True,True,38.1897930001287,True,5.590867000137223,True,raw_gray,True
941,0,styled,True,True,True,40.88709999996354,True,7.313184999929945,True,raw_gray,True
941,0,ascii,False,False,True,20.955405999984578,True,3.4706370001913456,True,raw_gray,True
942,0,plain,True,True,True,29.074644000047556,True,3.9742639999076346,True,raw_gray,True
942,0,inverted_color,False,False,True,19.60470099993472,True,3.9309910000611126,True,raw_gray,True
942,0,logo,True,True,True,33.86830999988888,True,4.917075999856024,True,raw_gray,True
942,0,styled,True,True,True,37.323749000051976,True,5.956676000096195,True,raw_gray,True
942,0,ascii,False,True,True,27.076766999925894,True,3.4301769999274256,True,raw_gray,True
943,0,plain,True,True,True,25.852643000007447,True,3.237735999846336,True,raw_gray,True
943,0,inverted_color,False,False,True,18.33205699995233,True,3.301883999938582,True,raw_gray,True
943,0,logo,True,True,True,31.32363500003521,True,5.281065999952261,True,raw_gray,True
943,0,styled,True,True,True,36.58669999981612,True,4.916518999834807,True,raw_gray,True
943,0,ascii,False,True,True,23.065349000034985,True,2.6255029999902035,True,raw_gray,True
944,0,plain,True,True,True,25.683644000082495,True,3.287324999973862,True,raw_gray,True
944,0,inverted_color,False,False,True,17.088651999983995,True,3.277362000062567,True,raw_gray,True
944,0,logo,True,True,True,29.001956999991307,True,4.031531000009636,True,raw_gray,True
944,0,styled,True,True,True,32.05454399994778,True,4.920843000036257,True,raw_gray,True
944,0,ascii,False,True,True,23.075327000015022,True,2.6779079998959787,True,raw_gray,True
945,0,plain,True,True,True,25.207275999946432,True,3.1971519999842712,True,raw_gray,True
945,0,inverted_color,False,False,True,16.84074700006022,True,3.5854039999776433,True,raw_gray,True
945,0,logo,True,True,True,34.556680999912714,True,4.7775020000244695,True,raw_gray,True
945,0,styled,True,True,True,36.86279399994419,True,6.6288979999171715,True,raw_gray,True
945,0,ascii,False,True,True,21.763833000022714,True,2.74625199995171,True,raw_gray,True
946,0,plain,True,True,True,28.265113999850655,True,5.951418999984526,True,raw_gray,True
946,0,inverted_color,False,False,True,25.634099999933824,True,3.479632999869864,True,raw_gray,True
946,0,logo,True,True,True,29.65311200000542,True,3.9606840000487864,True,raw_gray,True
946,0,styled,True,True,True,31.50385899994035,True,4.955634999987524,True,raw_gray,True
946,0,ascii,False,False,True,20.90286499992544,True,2.599106999923606,True,raw_gray,True
947,0,plain,True,True,True,25.722986000118908,True,3.233372999829953,True,raw_gray,True
947,0,inverted_color,False,False,True,17.256786999951146,True,3.281468000068344,True,raw_gray,True
947,0,logo,True,True,True,28.626983000094697,True,3.932880000093064,True,raw_gray,True
947,0,styled,True,True,True,29.236816999855364,True,4.820741000003181,True,raw_gray,True
947,0,ascii,False,True,True,22.726201000068613,True,2.652293999972244,True,raw_gray,True
948,0,plain,True,True,True,25.222470000016983,True,3.300029000001814,True,raw_gray,True
948,0,inverted_color,False,False,True,16.67601100007232,True,3.2105200000387413,True,raw_gray,True
948,0,logo,True,True,True,29.042123999943215,True,4.097054999874672,True,raw_gray,True
948,0,styled,True,True,True,31.158637000089584,True,4.870987000003879,True,raw_gray,True
948,0,ascii,False,True,True,22.496884000020145,True,2.793028000041886,True,raw_gray,True
949,0,plain,True,True,True,29.468038000004526,True,3.942491999850972,True,raw_gray,True
949,0,inverted_color,False,False,True,18.444805999934033,True,3.937895000035496,True,raw_gray,True
949,0,logo,True,True,True,38.651896999908786,True,5.465683000011268,True,raw_gray,True
949,0,styled,True,True,True,45.817063999948004,True,8.418839999876582,True,raw_gray,True
949,0,ascii,False,False,True,23.89360300003318,True,3.4246090001488483,True,raw_gray,True
950,0,plain,True,True,True,25.101927999912732,True,3.3423209999909886,True,raw_gray,True
950,0,inverted_color,False,False,True,17.59198399986417,True,3.6999999999807187,True,raw_gray,True
950,0,logo,True,True,True,29.907744999945862,True,4.048053999895274,True,raw_gray,True
950,0,styled,True,True,True,31.956277999825033,True,5.338015000006635,True,raw_gray,True
950,0,ascii,False,False,True,16.341716999932032,True,3.011341000046741,True,raw_gray,True
951,0,plain,True,True,True,30.516247000150543,True,4.571589000079257,True,raw_gray,True
951,0,inverted_color,False,False,True,20.359544000029928,True,4.342642999972668,True,raw_gray,True
951,0,logo,True,True,True,37.125125000102344,True,5.2968530001180625,True,raw_gray,True
951,0,styled,True,True,True,38.68867300002421,True,6.685204999939742,True,raw_gray,True
951,0,ascii,False,False,True,21.5057349998915,True,3.581979000045976,True,raw_gray,True
952,0,plain,True,True,True,28.692782000007355,True,5.0827180000396766,True,raw_gray,True
952,0,inverted_color,False,False,True,22.152361000053133,True,3.25722799993855,True,raw_gray,True
952,0,logo,True,True,True,49.044079999930545,True,4.867698999987624,True,raw_gray,True
952,0,styled,True,True,True,37.984045000030164,True,6.247065000025032,True,raw_gray,True
952,0,ascii,False,False,True,15.503203999969628,True,2.6292069999271916,True,raw_gray,True
953,0,plain,True,True,True,29.390025000111564,True,4.094011999995928,True,raw_gray,True
953,0,inverted_color,False,False,True,18.685663999804092,True,3.9154240000698337,True,raw_gray,True
953,0,logo,True,True,True,35.11192199994184,True,4.850955999927464,True,raw_gray,True
953,0,styled,True,True,True,38.75822099985271,True,6.177965000006225,True,raw_gray,True
953,0,ascii,False,False,True,17.785585000183346,True,3.5420560000147816,True,raw_gray,True
954,0,plain,True,True,True,29.29674100005286,True,4.03086300002542,True,raw_gray,True
954,0,inverted_color,False,False,True,18.973275999996986,True,3.9019840000946715,True,raw_gray,True
954,0,logo,True,True,True,34.24137399997562,True,4.820106000124724,True,raw_gray,True
954,0,styled,True,True,True,37.3617689999719,True,5.910697999979675,True,raw_gray,True
954,0,ascii,False,False,True,25.429017000078602,True,3.4884050000982825,True,raw_gray,True
955,0,plain,True,True,True,29.88310000000638,True,4.02504399994541,True,raw_gray,True
955,0,inverted_color,False,False,True,20.078833000070517,True,4.026867999982642,True,raw_gray,True
955,0,logo,True,True,True,38.44402100003208,True,4.94218899984844,True,raw_gray,True
955,0,styled,True,True,True,36.868822000087675,True,6.098750999854019,True,raw_gray,True
955,0,ascii,False,False,True,18.16273199983698,True,3.6255420000088634,True,raw_gray,True
956,0,plain,True,True,True,25.222619000032864,True,3.202169999894977,True,raw_gray,True
956,0,inverted_color,False,False,True,17.363394999847515,True,3.168084999970233,True,raw_gray,True
956,0,logo,True,True,True,29.415556999992987,True,4.082270000026256,True,raw_gray,True
956,0,styled,True,True,True,30.547790999889912,True,4.807264999953986,True,raw_gray,True
956,0,ascii,False,False,True,15.831802000093376,True,2.763078000043606,True,raw_gray,True
957,0,plain,True,True,True,30.64005300007011,True,4.374932000018816,True,raw_gray,True
957,0,inverted_color,False,False,True,19.51299100005599,True,4.138717999921937,True,raw_gray,True
957,0,logo,True,True,True,34.55450399997062,True,4.825199999913821,True,raw_gray,True
957,0,styled,True,True,True,40.902781000113464,True,7.08342799998718,True,raw_gray,True
957,0,ascii,False,False,True,32.3970530000679,True,5.631045999962225,True,raw_gray,True
958,0,plain,True,True,True,36.6672689999632,True,4.6941829998559115,True,raw_gray,True
958,0,inverted_color,False,False,True,24.934244999940347,True,4.901539000002231,True,raw_gray,True
958,0,logo,True,True,True,34.368239000059475,True,4.075313999919672,True,raw_gray,True
958,0,styled,True,True,True,31.797248999964722,True,4.806181000049037,True,raw_gray,True
958,0,ascii,False,True,True,22.650074000011955,True,2.619396999989476,True,raw_gray,True
959,0,plain,True,True,True,26.58615700011069,True,3.316747999861036,True,raw_gray,True
959,0,inverted_color,False,False,True,17.504407999922478,True,3.384848999985479,True,raw_gray,True
959,0,logo,True,True,True,29.47028899984616,True,5.121701000007306,True,raw_gray,True
959,0,styled,True,True,True,31.094174000145358,True,4.779698999982429,True,raw_gray,True
959,0,ascii,False,True,True,22.41795099985211,True,2.6886859998285217,True,raw_gray,True
960,0,plain,True,True,True,29.451719999997295,True,3.955013999984658,True,raw_gray,True
960,0,inverted_color,False,False,True,38.76544099989587,True,4.146067999954539,True,raw_gray,True
960,0,logo,True,True,True,34.990479000043706,True,5.0167280001005565,True,raw_gray,True
960,0,styled,True,True,True,40.388741000015216,True,6.293959000004179,True,raw_gray,True
960,0,ascii,False,True,True,27.34913700010111,True,3.414335000115898,True,raw_gray,True
961,0,plain,True,True,True,29.54459800002951,True,4.018054999960441,True,raw_gray,True
961,0,inverted_color,False,False,True,19.093054999984815,True,4.02969300012046,True,raw_gray,True
961,0,logo,True,True,True,34.86839399988639,True,4.801789000111967,True,raw_gray,True
961,0,styled,True,True,True,37.81503599998359,True,6.264597999916077,True,raw_gray,True
961,0,ascii,False,True,True,26.14298899993628,True,3.889178000008542,True,raw_gray,True
962,0,plain,True,True,True,25.8585280000716,True,3.2671149999714544,True,raw_gray,True
962,0,inverted_color,False,False,True,16.39166900008604,True,3.23832900016896,True,raw_gray,True
962,0,logo,True,True,True,34.24046100008127,True,4.900399999996807,True,raw_gray,True
962,0,styled,True,True,True,36.435510999808685,True,5.891939000093771,True,raw_gray,True
962,0,ascii,False,True,True,22.09059500000876,True,2.5873820000015257,True,raw_gray,True
963,0,plain,True,True,True,29.894116999912512,True,4.346854000004896,True,raw_gray,True
963,0,inverted_color,False,False,True,19.242299000097773,True,4.183263000186344,True,raw_gray,True
963,0,logo,True,False,True,36.11854500013578,True,4.89199000003282,True,raw_gray,True
963,0,styled,True,True,True,37.12355299990122,True,6.054027000118367,True,raw_gray,True
963,0,ascii,False,False,True,20.942719999993642,True,3.4959720001097594,True,raw_gray,True
964,0,plain,True,True,True,28.28372799990575,True,4.647974000135946,True,raw_gray,True
964,0,inverted_color,False,False,True,23.687010999992708,True,3.365845999951489,True,raw_gray,True
964,0,logo,True,True,True,29.765197999950033,True,3.9539100000638427,True,raw_gray,True
964,0,styled,True,True,True,31.95600200001536,True,4.958324999961405,True,raw_gray,True
964,0,ascii,False,True,True,22.41890800019064,True,2.9287449999628734,True,raw_gray,True
965,0,plain,True,True,True,26.047407000078238,True,3.198155999825758,True,raw_gray,True
965,0,inverted_color,False,False,True,17.80874699988999,True,3.1220690000282048,True,raw_gray,True
965,0,logo,True,True,True,35.119498000085514,True,4.948750000039581,True,raw_gray,True
965,0,styled,True,True,True,37.089935000039986,True,6.089934999863544,True,raw_gray,True
965,0,ascii,False,True,True,22.74295400002302,True,2.6406940000924806,True,raw_gray,True
966,0,plain,True,True,True,26.15588599996954,True,3.1555409998418327,True,raw_gray,True
966,0,inverted_color,False,False,True,17.228443000021798,True,3.230335000125706,True,raw_gray,True
966,0,logo,True,True,True,35.04800000018804,True,5.006331000004138,True,raw_gray,True
966,0,styled,True,True,True,38.23164300001736,True,6.436500000063461,True,raw_gray,True
966,0,ascii,False,True,True,26.478358000076696,True,3.1585829999585258,True,raw_gray,True
967,0,plain,True,True,True,29.333557999962068,True,4.125580000163609,True,raw_gray,True
967,0,inverted_color,False,False,True,19.2451580001034,True,4.147912000007636,True,raw_gray,True
967,0,logo,True,True,True,38.94918200012398,True,5.649934999837569,True,raw_gray,True
967,0,styled,True,True,True,41.919572000097105,True,7.435586000156036,True,raw_gray,True
967,0,ascii,False,False,True,18.05527500005155,True,3.590710000025865,True,raw_gray,True
968,0,plain,True,True,True,25.59121700005562,True,3.3850649999749294,True,raw_gray,True
968,0,inverted_color,False,False,True,17.375549000007595,True,3.22740799992971,True,raw_gray,True
968,0,logo,True,True,True,28.95034899984239,True,4.063045000066268,True,raw_gray,True
968,0,styled,True,True,True,30.576647000088997,True,4.8538510000071255,True,raw_gray,True
968,0,ascii,False,False,True,14.701835000096253,True,2.7174760000434617,True,raw_gray,True
969,0,plain,True,True,True,28.498258999889003,True,3.9920789999996487,True,raw_gray,True
969,0,inverted_color,False,False,True,18.946560000131285,True,3.928507999944486,True,raw_gray,True
969,0,logo,True,True,True,35.20477799997934,True,4.795973999989656,True,raw_gray,True
969,0,styled,True,True,True,36.92996199993104,True,5.883378999897104,True,raw_gray,True
969,0,ascii,False,True,True,26.05978800011144,True,3.7772900000163645,True,raw_gray,True
970,0,plain,True,True,True,27.868217000104778,True,3.6536349998641526,True,raw_gray,True
970,0,inverted_color,False,False,True,43.20377599992753,True,3.8599100000737963,True,raw_gray,True
970,0,logo,True,True,True,28.737313999954495,True,3.9986550000321586,True,raw_gray,True
970,0,styled,True,True,True,30.227074000094944,True,4.928539000047749,True,raw_gray,True
970,0,ascii,False,False,True,21.642207000013514,True,2.734985000188317,True,raw_gray,True
971,0,plain,True,True,True,25.30077300002631,True,3.3093729998654453,True,raw_gray,True
971,0,inverted_color,False,False,True,17.011230999969484,True,3.2585680000920547,True,raw_gray,True
971,0,logo,True,True,True,29.003340999906868,True,4.137674000048719,True,raw_gray,True
971,0,styled,True,True,True,31.008044999907725,True,5.363771000020279,True,raw_gray,True
971,0,ascii,False,False,True,15.144234999979744,True,2.6775839999118034,True,raw_gray,True
972,0,plain,True,True,True,29.420000000072832,True,3.954241999963415,True,raw_gray,True
972,0,inverted_color,False,False,True,19.56505999987712,True,3.888244999870949,True,raw_gray,True
972,0,logo,True,True,True,38.89468100010163,True,5.576419999897553,True,raw_gray,True
972,0,styled,True,True,True,46.510071000056996,True,8.245431999966968,True,raw_gray,True
972,0,ascii,False,True,True,25.704333000021506,True,3.386619999901086,True,raw_gray,True
973,0,plain,True,True,True,29.37822200010487,True,3.9677369998116774,True,raw_gray,True
973,0,inverted_color,False,False,True,21.3532270001906,True,4.160085999956209,True,raw_gray,True
973,0,logo,True,True,True,36.53923100000611,True,5.489967999892542,True,raw_gray,True
973,0,styled,True,True,True,38.63456900012352,True,6.058656000050178,True,raw_gray,True
973,0,ascii,False,True,True,25.49910200013983,True,3.4469910001462267,True,raw_gray,True
974,0,plain,True,True,True,25.167266999915228,True,3.2305679999353742,True,raw_gray,True
974,0,inverted_color,False,False,True,17.62866900003246,True,3.2503590000487748,True,raw_gray,True
974,0,logo,True,True,True,29.130925000117713,True,3.9046700001108547,True,raw_gray,True
974,0,styled,True,True,True,30.643717999964792,True,4.909226000108902,True,raw_gray,True
974,0,ascii,False,False,True,15.334574000007706,True,2.5866369999221206,True,raw_gray,True
975,0,plain,True,True,True,28.261434999876656,True,5.578617000082886,True,raw_gray,True
975,0,inverted_color,False,False,True,19.121110000014596,True,3.969639999922947,True,raw_gray,True
975,0,logo,True,True,True,35.150163000025714,True,5.540845000041372,True,raw_gray,True
975,0,styled,True,True,True,38.73078799983887,True,6.006760999980543,True,raw_gray,True
975,0,ascii,False,False,True,17.499245999943014,True,3.4741279998797836,True,raw_gray,True
976,0,plain,True,True,True,28.343907999897056,True,4.2599180001161585,True,raw_gray,True
976,0,inverted_color,False,False,True,21.262590000105774,True,5.9128709999640705,True,raw_gray,True
976,0,logo,True,True,True,41.75229600014063,True,4.921364999972866,True,raw_gray,True
976,0,styled,True,True,True,36.509090999970795,True,6.224995000138733,True,raw_gray,True
976,0,ascii,False,True,True,25.63892099988152,True,3.3642590001363715,True,raw_gray,True
977,0,plain,True,True,True,29.383715999983906,True,3.9128900000378053,True,raw_gray,True
977,0,inverted_color,False,False,True,18.68775900015862,True,3.98810699994101,True,raw_gray,True
977,0,logo,True,True,True,33.7355489998572,True,5.005812999797854,True,raw_gray,True
977,0,styled,True,True,True,36.60548699986066,True,7.111637999969389,True,raw_gray,True
977,0,ascii,False,False,True,29.887279000149647,True,3.904496999894036,True,raw_gray,True
978,0,plain,True,True,True,31.15570799991474,True,4.384671000025264,True,raw_gray,True
978,0,inverted_color,False,False,True,43.10986399991634,True,4.722563000086666,True,raw_gray,True
978,0,logo,True,True,True,34.53555900000538,True,4.9658339999041345,True,raw_gray,True
978,0,styled,True,True,True,36.87049399991338,True,6.2566599999627215,True,raw_gray,True
978,0,ascii,False,False,True,20.53199300007691,True,3.406042000051457,True,raw_gray,True
979,0,plain,True,True,True,29.71920200002387,True,4.070830000046044,True,raw_gray,True
979,0,inverted_color,False,False,True,35.50076100009392,True,4.026149000083024,True,raw_gray,True
979,0,logo,True,True,True,34.91834000010385,True,5.026998000175809,True,raw_gray,True
979,0,styled,True,True,True,36.85020300008546,True,6.0805200000686455,True,raw_gray,True
979,0,ascii,False,False,True,18.954237999878387,True,3.390373999991425,True,raw_gray,True
980,0,plain,True,True,True,29.01540599987129,True,4.058015000055093,True,raw_gray,True
980,0,inverted_color,False,False,True,19.227220999937344,True,3.933950000146069,True,raw_gray,True
980,0,logo,True,True,True,46.01085299987062,True,7.499951999989207,True,raw_gray,True
980,0,styled,True,True,True,52.595872000210875,True,8.990318999849478,True,raw_gray,True
980,0,ascii,False,False,True,36.83813499992539,True,6.1759810000694415,True,raw_gray,True
981,0,plain,True,True,True,42.78338600011011,True,6.066579999924215,True,raw_gray,True
981,0,inverted_color,False,False,True,29.885193999916737,True,5.592295999804264,True,raw_gray,True
981,0,logo,True,True,True,53.42641300012474,True,7.8663350000169885,True,raw_gray,True
981,0,styled,True,True,True,53.27458699980525,True,12.480380999932095,True,raw_gray,True
981,0,ascii,False,True,True,37.68297200008419,True,5.033380999975634,True,raw_gray,True
982,0,plain,True,True,True,42.85790099993392,True,7.776739000064481,True,raw_gray,True
982,0,inverted_color,False,False,True,26.246920999938084,True,6.010099000150149,True,raw_gray,True
982,0,logo,True,True,True,50.90967799992541,True,7.338439000022845,True,raw_gray,True
982,0,styled,True,True,True,60.33293500013315,True,9.377248999953736,True,raw_gray,True
982,0,ascii,False,False,True,35.65491299991663,True,5.276180000009845,True,raw_gray,True
983,0,plain,True,True,True,43.14030300020022,True,6.262609000032171,True,raw_gray,True
983,0,inverted_color,False,False,True,39.24031700012165,True,5.938151000009384,True,raw_gray,True
983,0,logo,True,True,True,50.66282899997532,True,7.263720999844736,True,raw_gray,True
983,0,styled,True,True,True,54.54245900000387,True,9.160850999933245,True,raw_gray,True
983,0,ascii,False,True,True,38.55895799983955,True,5.146121000052517,True,raw_gray,True
984,0,plain,True,True,True,37.479050000001735,True,5.208443999890733,True,raw_gray,True
984,0,inverted_color,False,False,True,29.665304999980435,True,4.903067000213923,True,raw_gray,True
984,0,logo,True,True,True,41.69961900015551,True,6.486975000143502,True,raw_gray,True
984,0,styled,True,True,True,44.31392100013909,True,7.469741000022623,True,raw_gray,True
984,0,ascii,False,False,True,23.692967999977554,True,4.1727790001004905,True,raw_gray,True
985,0,plain,True,True,True,35.93540299993947,True,4.935283000122581,True,raw_gray,True
985,0,inverted_color,False,False,True,46.21222200012198,True,4.789023000057568,True,raw_gray,True
985,0,logo,True,True,True,47.58273700008431,True,9.14719200000036,True,raw_gray,True
985,0,styled,True,True,True,53.745825999840235,True,9.08950600000935,True,raw_gray,True
985,0,ascii,False,True,True,32.94588700009626,True,4.315453999879537,True,raw_gray,True
986,0,plain,True,True,True,36.58063900002162,True,4.987059999848498,True,raw_gray,True
986,0,inverted_color,False,False,True,29.155188000004273,True,4.9218540000310895,True,raw_gray,True
986,0,logo,True,True,True,48.981359999970664,True,7.557218000101784,True,raw_gray,True
986,0,styled,True,True,True,57.22976500010191,True,9.278942000037205,True,raw_gray,True
986,0,ascii,False,False,True,33.7835789998735,True,4.222289000153978,True,raw_gray,True
987,0,plain,True,True,True,35.998687000073915,True,5.067211000095995,True,raw_gray,True
987,0,inverted_color,False,False,True,25.81085599990729,True,5.039438000039809,True,raw_gray,True
987,0,logo,True,True,True,49.86667299999681,True,7.4835620000612835,True,raw_gray,True
987,0,styled,True,True,True,53.94519200012837,True,9.144613999978901,True,raw_gray,True
987,0,ascii,False,False,True,34.06391000021358,True,4.281165000065812,True,raw_gray,True
988,0,plain,True,True,True,41.494065000051705,True,6.054392000123698,True,raw_gray,True
988,0,inverted_color,False,False,True,30.00459999998384,True,5.978913000035391,True,raw_gray,True
988,0,logo,True,True,True,60.19352200019057,True,8.965276000026279,True,raw_gray,True
988,0,styled,True,True,True,61.32154799979617,True,10.785047999888775,True,raw_gray,True
988,0,ascii,False,False,True,39.06097000003683,True,5.039084000145522,True,raw_gray,True
989,0,plain,True,True,True,43.590106000010564,True,5.8379049999075505,True,raw_gray,True
989,0,inverted_color,False,False,True,33.99429799992504,True,6.002060999890091,True,raw_gray,True
989,0,logo,True,True,True,59.3754890001037,True,8.490253999980268,True,raw_gray,True
989,0,styled,True,True,True,62.50845699992169,True,11.42125000001215,True,raw_gray,True
989,0,ascii,False,True,True,37.847677999934604,True,5.052658000067822,True,raw_gray,True
990,0,plain,True,True,True,41.657917000065936,True,5.954427000006035,True,raw_gray,True
990,0,inverted_color,False,False,True,29.97987899993859,True,6.475579999914771,True,raw_gray,True
990,0,logo,True,True,True,51.76026300000558,True,7.344308000028832,True,raw_gray,True
990,0,styled,True,True,True,54.939280999860785,True,9.039696000172626,True,raw_gray,True
990,0,ascii,False,False,True,34.65095400019891,True,5.204643000070064,True,raw_gray,True
991,0,plain,True,True,True,37.42435799995292,True,4.8285289999512315,True,raw_gray,True
991,0,inverted_color,False,False,True,28.591010000127426,True,4.676607999954285,True,raw_gray,True
991,0,logo,True,True,True,40.78903300001002,True,5.84767100008321,True,raw_gray,True
991,0,styled,True,True,True,45.48730400006207,True,8.368413000198416,True,raw_gray,True
991,0,ascii,False,False,True,23.632958999996845,True,4.104910000023665,True,raw_gray,True
992,0,plain,True,True,True,34.61744100013675,True,4.987911999933203,True,raw_gray,True
992,0,inverted_color,False,False,True,26.01607400015382,True,5.559219000133453,True,raw_gray,True
992,0,logo,True,True,True,42.331161999982214,True,8.300044999941747,True,raw_gray,True
992,0,styled,True,True,True,44.73836499983008,True,7.392743999844242,True,raw_gray,True
992,0,ascii,False,True,True,32.985816000064005,True,4.122027999983402,True,raw_gray,True
993,0,plain,True,True,True,36.48530999998911,True,4.759612000043489,True,raw_gray,True
993,0,inverted_color,False,False,True,26.86348900010671,True,4.809733999991295,True,raw_gray,True
993,0,logo,True,True,True,46.70082999996339,True,5.046980000088297,True,raw_gray,True
993,0,styled,True,True,True,36.43401199997243,True,6.204162000130964,True,raw_gray,True
993,0,ascii,False,True,True,21.838374000026306,True,2.6230409998788673,True,raw_gray,True
994,0,plain,True,True,True,29.19220400008271,True,3.993711000020994,True,raw_gray,True
994,0,inverted_color,False,False,True,20.712923000019146,True,3.931954999870868,True,raw_gray,True
994,0,logo,True,True,True,34.69082499987053,True,5.23559600014778,True,raw_gray,True
994,0,styled,True,True,True,48.42379100000471,True,5.973271999891949,True,raw_gray,True
994,0,ascii,False,False,True,25.595252999892182,True,4.7632960001919855,True,raw_gray,True
995,0,plain,True,True,True,28.048992999856637,True,3.366235000157758,True,raw_gray,True
995,0,inverted_color,False,False,True,17.012802999943233,True,3.1818380000459,True,raw_gray,True
995,0,logo,True,True,True,34.70873600008417,True,4.928128000074139,True,raw_gray,True
995,0,styled,True,True,True,37.63789499998893,True,5.9760469998764165,True,raw_gray,True
995,0,ascii,False,False,True,20.09884799986139,True,2.8236799998921924,True,raw_gray,True
996,0,plain,True,True,True,29.628730000013093,True,3.974012000071525,True,raw_gray,True
996,0,inverted_color,False,False,True,19.0659360000609,True,4.066729999976815,True,raw_gray,True
996,0,logo,True,True,True,34.75245000004179,True,5.015105999973457,True,raw_gray,True
996,0,styled,True,True,True,37.54586500008372,True,5.914124999890191,True,raw_gray,True
996,0,ascii,False,True,True,26.77134999998998,True,3.4696449999955803,True,raw_gray,True
997,0,plain,True,True,True,25.52910500003236,True,3.3872509998218447,True,raw_gray,True
997,0,inverted_color,False,False,True,17.484819999936008,True,3.2397289999153145,True,raw_gray,True
997,0,logo,True,True,True,35.2820979999251,True,4.8902519999955985,True,raw_gray,True
997,0,styled,True,True,True,39.15017299982537,True,6.1597430001256726,True,raw_gray,True
997,0,ascii,False,False,True,21.3219190000018,True,2.6271980000274198,True,raw_gray,True
998,0,plain,True,True,True,29.117553000105545,True,3.947456000105376,True,raw_gray,True
998,0,inverted_color,False,False,True,19.658582000147362,True,3.9679260000866634,True,raw_gray,True
998,0,logo,True,True,True,34.93271000002096,True,4.949168999928588,True,raw_gray,True
998,0,styled,True,True,True,36.66301799989924,True,5.954098999836788,True,raw_gray,True
998,0,ascii,False,False,True,18.64485600003718,True,3.4597690000737202,True,raw_gray,True
999,0,plain,True,True,True,25.033445999952164,True,3.1992510000691254,True,raw_gray,True
999,0,inverted_color,False,False,True,22.330115000158912,True,3.138539000019591,True,raw_gray,True
999,0,logo,True,True,True,33.93373600010818,True,4.897542999970028,True,raw_gray,True
999,0,styled,True,True,True,37.18625100009376,True,5.994034999957876,True,raw_gray,True
999,0,ascii,False,True,True,23.036359000116136,True,2.612877000046865,True,raw_gray,True
